Datetime,equity
2024-09-14 00:00:00+00:00,100000.0
2024-09-14 04:00:00+00:00,100000.0
2024-09-14 08:00:00+00:00,100000.0
2024-09-14 12:00:00+00:00,100000.0
2024-09-14 16:00:00+00:00,100000.0
2024-09-14 20:00:00+00:00,100000.0
2024-09-15 00:00:00+00:00,100000.0
2024-09-15 04:00:00+00:00,100000.0
2024-09-15 08:00:00+00:00,100000.0
2024-09-15 12:00:00+00:00,100000.0
2024-09-15 16:00:00+00:00,100000.0
2024-09-15 20:00:00+00:00,100000.0
2024-09-16 00:00:00+00:00,100000.0
2024-09-16 04:00:00+00:00,100000.0
2024-09-16 08:00:00+00:00,100000.0
2024-09-16 12:00:00+00:00,100000.0
2024-09-16 16:00:00+00:00,100000.0
2024-09-16 20:00:00+00:00,100000.0
2024-09-17 00:00:00+00:00,100000.0
2024-09-17 04:00:00+00:00,100000.0
2024-09-17 08:00:00+00:00,100000.0
2024-09-17 12:00:00+00:00,100000.0
2024-09-17 16:00:00+00:00,100000.0
2024-09-17 20:00:00+00:00,100000.0
2024-09-18 00:00:00+00:00,100000.0
2024-09-18 04:00:00+00:00,100000.0
2024-09-18 08:00:00+00:00,100000.0
2024-09-18 12:00:00+00:00,100000.0
2024-09-18 16:00:00+00:00,100000.0
2024-09-18 20:00:00+00:00,100000.0
2024-09-19 00:00:00+00:00,100000.0
2024-09-19 04:00:00+00:00,100000.0
2024-09-19 08:00:00+00:00,100000.0
2024-09-19 12:00:00+00:00,100000.0
2024-09-19 16:00:00+00:00,100000.0
2024-09-19 20:00:00+00:00,100000.0
2024-09-20 00:00:00+00:00,100000.0
2024-09-20 04:00:00+00:00,100000.0
2024-09-20 08:00:00+00:00,100000.0
2024-09-20 12:00:00+00:00,100000.0
2024-09-20 16:00:00+00:00,100000.0
2024-09-20 20:00:00+00:00,100000.0
2024-09-21 00:00:00+00:00,100000.0
2024-09-21 04:00:00+00:00,100000.0
2024-09-21 08:00:00+00:00,100000.0
2024-09-21 12:00:00+00:00,100000.0
2024-09-21 16:00:00+00:00,100000.0
2024-09-21 20:00:00+00:00,100000.0
2024-09-22 00:00:00+00:00,100000.0
2024-09-22 04:00:00+00:00,100000.0
2024-09-22 08:00:00+00:00,100000.0
2024-09-22 12:00:00+00:00,100000.0
2024-09-22 16:00:00+00:00,100000.0
2024-09-22 20:00:00+00:00,100000.0
2024-09-23 00:00:00+00:00,100000.0
2024-09-23 04:00:00+00:00,100000.0
2024-09-23 08:00:00+00:00,100000.0
2024-09-23 12:00:00+00:00,100000.0
2024-09-23 16:00:00+00:00,100000.0
2024-09-23 20:00:00+00:00,100000.0
2024-09-24 00:00:00+00:00,100000.0
2024-09-24 04:00:00+00:00,100000.0
2024-09-24 08:00:00+00:00,100000.0
2024-09-24 12:00:00+00:00,100000.0
2024-09-24 16:00:00+00:00,100000.0
2024-09-24 20:00:00+00:00,100000.0
2024-09-25 00:00:00+00:00,100000.0
2024-09-25 04:00:00+00:00,100000.0
2024-09-25 08:00:00+00:00,100000.0
2024-09-25 12:00:00+00:00,100000.0
2024-09-25 16:00:00+00:00,100000.0
2024-09-25 20:00:00+00:00,100000.0
2024-09-26 00:00:00+00:00,100000.0
2024-09-26 04:00:00+00:00,100000.0
2024-09-26 08:00:00+00:00,100000.0
2024-09-26 12:00:00+00:00,100000.0
2024-09-26 16:00:00+00:00,100000.0
2024-09-26 20:00:00+00:00,100000.0
2024-09-27 00:00:00+00:00,100000.0
2024-09-27 04:00:00+00:00,100000.0
2024-09-27 08:00:00+00:00,100000.0
2024-09-27 12:00:00+00:00,100000.0
2024-09-27 16:00:00+00:00,100000.0
2024-09-27 20:00:00+00:00,100000.0
2024-09-28 00:00:00+00:00,100000.0
2024-09-28 04:00:00+00:00,100000.0
2024-09-28 08:00:00+00:00,100000.0
2024-09-28 12:00:00+00:00,100000.0
2024-09-28 16:00:00+00:00,100000.0
2024-09-28 20:00:00+00:00,100000.0
2024-09-29 00:00:00+00:00,100000.0
2024-09-29 04:00:00+00:00,100000.0
2024-09-29 08:00:00+00:00,100000.0
2024-09-29 12:00:00+00:00,100000.0
2024-09-29 16:00:00+00:00,100000.0
2024-09-29 20:00:00+00:00,100000.0
2024-09-30 00:00:00+00:00,100000.0
2024-09-30 04:00:00+00:00,100000.0
2024-09-30 08:00:00+00:00,100000.0
2024-09-30 12:00:00+00:00,100000.0
2024-09-30 16:00:00+00:00,100000.0
2024-09-30 20:00:00+00:00,100000.0
2024-10-01 00:00:00+00:00,100000.0
2024-10-01 04:00:00+00:00,100000.0
2024-10-01 08:00:00+00:00,100000.0
2024-10-01 12:00:00+00:00,100000.0
2024-10-01 16:00:00+00:00,100000.0
2024-10-01 20:00:00+00:00,99849.83973546611
2024-10-02 00:00:00+00:00,99998.9838834293
2024-10-02 04:00:00+00:00,99995.20244334349
2024-10-02 08:00:00+00:00,99905.65077914241
2024-10-02 12:00:00+00:00,100010.83442056573
2024-10-02 16:00:00+00:00,99769.68472208071
2024-10-02 20:00:00+00:00,99816.81984122275
2024-10-03 00:00:00+00:00,99949.22276422767
2024-10-03 04:00:00+00:00,99872.02152633098
2024-10-03 08:00:00+00:00,99838.76687400999
2024-10-03 12:00:00+00:00,99812.98335005133
2024-10-03 16:00:00+00:00,99873.91604300048
2024-10-03 20:00:00+00:00,99836.60532793685
2024-10-04 00:00:00+00:00,99865.84694594989
2024-10-04 04:00:00+00:00,99949.56446062097
2024-10-04 08:00:00+00:00,99947.42822539176
2024-10-04 12:00:00+00:00,100011.39885238577
2024-10-04 16:00:00+00:00,100100.37659320033
2024-10-04 20:00:00+00:00,100095.36839176825
2024-10-05 00:00:00+00:00,100095.36839176825
2024-10-05 04:00:00+00:00,100095.36839176825
2024-10-05 08:00:00+00:00,100095.36839176825
2024-10-05 12:00:00+00:00,100095.36839176825
2024-10-05 16:00:00+00:00,100095.36839176825
2024-10-05 20:00:00+00:00,100095.36839176825
2024-10-06 00:00:00+00:00,100095.36839176825
2024-10-06 04:00:00+00:00,100095.36839176825
2024-10-06 08:00:00+00:00,100095.36839176825
2024-10-06 12:00:00+00:00,100095.36839176825
2024-10-06 16:00:00+00:00,100095.36839176825
2024-10-06 20:00:00+00:00,100095.36839176825
2024-10-07 00:00:00+00:00,100095.36839176825
2024-10-07 04:00:00+00:00,100095.36839176825
2024-10-07 08:00:00+00:00,100095.36839176825
2024-10-07 12:00:00+00:00,100095.36839176825
2024-10-07 16:00:00+00:00,100095.36839176825
2024-10-07 20:00:00+00:00,100095.36839176825
2024-10-08 00:00:00+00:00,100095.36839176825
2024-10-08 04:00:00+00:00,100095.36839176825
2024-10-08 08:00:00+00:00,100095.36839176825
2024-10-08 12:00:00+00:00,100095.36839176825
2024-10-08 16:00:00+00:00,100095.36839176825
2024-10-08 20:00:00+00:00,100095.36839176825
2024-10-09 00:00:00+00:00,100095.36839176825
2024-10-09 04:00:00+00:00,100095.36839176825
2024-10-09 08:00:00+00:00,100095.36839176825
2024-10-09 12:00:00+00:00,100095.36839176825
2024-10-09 16:00:00+00:00,100095.36839176825
2024-10-09 20:00:00+00:00,100095.36839176825
2024-10-10 00:00:00+00:00,100095.36839176825
2024-10-10 04:00:00+00:00,100095.36839176825
2024-10-10 08:00:00+00:00,100095.36839176825
2024-10-10 12:00:00+00:00,100095.36839176825
2024-10-10 16:00:00+00:00,100095.36839176825
2024-10-10 20:00:00+00:00,100186.67767628949
2024-10-11 00:00:00+00:00,100239.72801030701
2024-10-11 04:00:00+00:00,100247.96960191311
2024-10-11 08:00:00+00:00,100335.78341991434
2024-10-11 12:00:00+00:00,100545.56349373332
2024-10-11 16:00:00+00:00,100515.58154784118
2024-10-11 20:00:00+00:00,100515.58154784118
2024-10-12 00:00:00+00:00,100515.58154784118
2024-10-12 04:00:00+00:00,100515.58154784118
2024-10-12 08:00:00+00:00,100515.58154784118
2024-10-12 12:00:00+00:00,100515.58154784118
2024-10-12 16:00:00+00:00,100515.58154784118
2024-10-12 20:00:00+00:00,100515.58154784118
2024-10-13 00:00:00+00:00,100515.58154784118
2024-10-13 04:00:00+00:00,100515.58154784118
2024-10-13 08:00:00+00:00,100515.58154784118
2024-10-13 12:00:00+00:00,100515.58154784118
2024-10-13 16:00:00+00:00,100515.58154784118
2024-10-13 20:00:00+00:00,100515.58154784118
2024-10-14 00:00:00+00:00,100515.58154784118
2024-10-14 04:00:00+00:00,100515.58154784118
2024-10-14 08:00:00+00:00,100515.58154784118
2024-10-14 12:00:00+00:00,100515.58154784118
2024-10-14 16:00:00+00:00,100515.58154784118
2024-10-14 20:00:00+00:00,100515.58154784118
2024-10-15 00:00:00+00:00,100515.58154784118
2024-10-15 04:00:00+00:00,100515.58154784118
2024-10-15 08:00:00+00:00,100515.58154784118
2024-10-15 12:00:00+00:00,100515.58154784118
2024-10-15 16:00:00+00:00,100515.58154784118
2024-10-15 20:00:00+00:00,100515.58154784118
2024-10-16 00:00:00+00:00,100515.58154784118
2024-10-16 04:00:00+00:00,100515.58154784118
2024-10-16 08:00:00+00:00,100515.58154784118
2024-10-16 12:00:00+00:00,100515.58154784118
2024-10-16 16:00:00+00:00,100515.58154784118
2024-10-16 20:00:00+00:00,100515.58154784118
2024-10-17 00:00:00+00:00,100515.58154784118
2024-10-17 04:00:00+00:00,100515.58154784118
2024-10-17 08:00:00+00:00,100515.58154784118
2024-10-17 12:00:00+00:00,100515.58154784118
2024-10-17 16:00:00+00:00,100515.58154784118
2024-10-17 20:00:00+00:00,100515.58154784118
2024-10-18 00:00:00+00:00,100515.58154784118
2024-10-18 04:00:00+00:00,100515.58154784118
2024-10-18 08:00:00+00:00,100515.58154784118
2024-10-18 12:00:00+00:00,100515.58154784118
2024-10-18 16:00:00+00:00,100515.58154784118
2024-10-18 20:00:00+00:00,100515.58154784118
2024-10-19 00:00:00+00:00,100515.58154784118
2024-10-19 04:00:00+00:00,100515.58154784118
2024-10-19 08:00:00+00:00,100515.58154784118
2024-10-19 12:00:00+00:00,100515.58154784118
2024-10-19 16:00:00+00:00,100515.58154784118
2024-10-19 20:00:00+00:00,100515.58154784118
2024-10-20 00:00:00+00:00,100515.58154784118
2024-10-20 04:00:00+00:00,100515.58154784118
2024-10-20 08:00:00+00:00,100515.58154784118
2024-10-20 12:00:00+00:00,100515.58154784118
2024-10-20 16:00:00+00:00,100515.58154784118
2024-10-20 20:00:00+00:00,100515.58154784118
2024-10-21 00:00:00+00:00,100515.58154784118
2024-10-21 04:00:00+00:00,100515.58154784118
2024-10-21 08:00:00+00:00,100515.58154784118
2024-10-21 12:00:00+00:00,100515.58154784118
2024-10-21 16:00:00+00:00,100515.58154784118
2024-10-21 20:00:00+00:00,100515.58154784118
2024-10-22 00:00:00+00:00,100515.58154784118
2024-10-22 04:00:00+00:00,100515.58154784118
2024-10-22 08:00:00+00:00,100515.58154784118
2024-10-22 12:00:00+00:00,100515.58154784118
2024-10-22 16:00:00+00:00,100515.58154784118
2024-10-22 20:00:00+00:00,100515.58154784118
2024-10-23 00:00:00+00:00,100515.58154784118
2024-10-23 04:00:00+00:00,100515.58154784118
2024-10-23 08:00:00+00:00,100515.58154784118
2024-10-23 12:00:00+00:00,100515.58154784118
2024-10-23 16:00:00+00:00,100515.58154784118
2024-10-23 20:00:00+00:00,100515.58154784118
2024-10-24 00:00:00+00:00,100515.58154784118
2024-10-24 04:00:00+00:00,100515.58154784118
2024-10-24 08:00:00+00:00,100515.58154784118
2024-10-24 12:00:00+00:00,100515.58154784118
2024-10-24 16:00:00+00:00,100515.58154784118
2024-10-24 20:00:00+00:00,100515.58154784118
2024-10-25 00:00:00+00:00,100515.58154784118
2024-10-25 04:00:00+00:00,100515.58154784118
2024-10-25 08:00:00+00:00,100515.58154784118
2024-10-25 12:00:00+00:00,100515.58154784118
2024-10-25 16:00:00+00:00,100515.58154784118
2024-10-25 20:00:00+00:00,100515.58154784118
2024-10-26 00:00:00+00:00,100515.58154784118
2024-10-26 04:00:00+00:00,100515.58154784118
2024-10-26 08:00:00+00:00,100515.58154784118
2024-10-26 12:00:00+00:00,100515.58154784118
2024-10-26 16:00:00+00:00,100515.58154784118
2024-10-26 20:00:00+00:00,100515.58154784118
2024-10-27 00:00:00+00:00,100515.58154784118
2024-10-27 04:00:00+00:00,100515.58154784118
2024-10-27 08:00:00+00:00,100515.58154784118
2024-10-27 12:00:00+00:00,100515.58154784118
2024-10-27 16:00:00+00:00,100515.58154784118
2024-10-27 20:00:00+00:00,100515.58154784118
2024-10-28 00:00:00+00:00,100515.58154784118
2024-10-28 04:00:00+00:00,100515.58154784118
2024-10-28 08:00:00+00:00,100515.58154784118
2024-10-28 12:00:00+00:00,100515.58154784118
2024-10-28 16:00:00+00:00,100515.58154784118
2024-10-28 20:00:00+00:00,100515.58154784118
2024-10-29 00:00:00+00:00,100515.58154784118
2024-10-29 04:00:00+00:00,100515.58154784118
2024-10-29 08:00:00+00:00,100515.58154784118
2024-10-29 12:00:00+00:00,100515.58154784118
2024-10-29 16:00:00+00:00,100515.58154784118
2024-10-29 20:00:00+00:00,100515.58154784118
2024-10-30 00:00:00+00:00,100515.58154784118
2024-10-30 04:00:00+00:00,100515.58154784118
2024-10-30 08:00:00+00:00,100515.58154784118
2024-10-30 12:00:00+00:00,100515.58154784118
2024-10-30 16:00:00+00:00,100515.58154784118
2024-10-30 20:00:00+00:00,100515.58154784118
2024-10-31 00:00:00+00:00,100515.58154784118
2024-10-31 04:00:00+00:00,100515.58154784118
2024-10-31 08:00:00+00:00,100515.58154784118
2024-10-31 12:00:00+00:00,100515.58154784118
2024-10-31 16:00:00+00:00,100515.58154784118
2024-10-31 20:00:00+00:00,100515.58154784118
2024-11-01 00:00:00+00:00,100515.58154784118
2024-11-01 04:00:00+00:00,100515.58154784118
2024-11-01 08:00:00+00:00,100515.58154784118
2024-11-01 12:00:00+00:00,100515.58154784118
2024-11-01 16:00:00+00:00,100515.58154784118
2024-11-01 20:00:00+00:00,100515.58154784118
2024-11-02 00:00:00+00:00,100515.58154784118
2024-11-02 04:00:00+00:00,100515.58154784118
2024-11-02 08:00:00+00:00,100515.58154784118
2024-11-02 12:00:00+00:00,100515.58154784118
2024-11-02 16:00:00+00:00,100515.58154784118
2024-11-02 20:00:00+00:00,100515.58154784118
2024-11-03 00:00:00+00:00,100515.58154784118
2024-11-03 04:00:00+00:00,100515.58154784118
2024-11-03 08:00:00+00:00,100515.58154784118
2024-11-03 12:00:00+00:00,100515.58154784118
2024-11-03 16:00:00+00:00,100515.58154784118
2024-11-03 20:00:00+00:00,100515.58154784118
2024-11-04 00:00:00+00:00,100515.58154784118
2024-11-04 04:00:00+00:00,100515.58154784118
2024-11-04 08:00:00+00:00,100515.58154784118
2024-11-04 12:00:00+00:00,100515.58154784118
2024-11-04 16:00:00+00:00,100515.58154784118
2024-11-04 20:00:00+00:00,100515.58154784118
2024-11-05 00:00:00+00:00,100515.58154784118
2024-11-05 04:00:00+00:00,100515.58154784118
2024-11-05 08:00:00+00:00,100515.58154784118
2024-11-05 12:00:00+00:00,100515.58154784118
2024-11-05 16:00:00+00:00,100515.58154784118
2024-11-05 20:00:00+00:00,100515.58154784118
2024-11-06 00:00:00+00:00,100515.58154784118
2024-11-06 04:00:00+00:00,100515.58154784118
2024-11-06 08:00:00+00:00,100515.58154784118
2024-11-06 12:00:00+00:00,100515.58154784118
2024-11-06 16:00:00+00:00,100515.58154784118
2024-11-06 20:00:00+00:00,100515.58154784118
2024-11-07 00:00:00+00:00,100515.58154784118
2024-11-07 04:00:00+00:00,100515.58154784118
2024-11-07 08:00:00+00:00,100515.58154784118
2024-11-07 12:00:00+00:00,100515.58154784118
2024-11-07 16:00:00+00:00,100515.58154784118
2024-11-07 20:00:00+00:00,100515.58154784118
2024-11-08 00:00:00+00:00,100515.58154784118
2024-11-08 04:00:00+00:00,100515.58154784118
2024-11-08 08:00:00+00:00,100515.58154784118
2024-11-08 12:00:00+00:00,100515.58154784118
2024-11-08 16:00:00+00:00,100515.58154784118
2024-11-08 20:00:00+00:00,100515.58154784118
2024-11-09 00:00:00+00:00,100515.58154784118
2024-11-09 04:00:00+00:00,100515.58154784118
2024-11-09 08:00:00+00:00,100515.58154784118
2024-11-09 12:00:00+00:00,100515.58154784118
2024-11-09 16:00:00+00:00,100515.58154784118
2024-11-09 20:00:00+00:00,100515.58154784118
2024-11-10 00:00:00+00:00,100515.58154784118
2024-11-10 04:00:00+00:00,100515.58154784118
2024-11-10 08:00:00+00:00,100515.58154784118
2024-11-10 12:00:00+00:00,100515.58154784118
2024-11-10 16:00:00+00:00,100515.58154784118
2024-11-10 20:00:00+00:00,100515.58154784118
2024-11-11 00:00:00+00:00,100515.58154784118
2024-11-11 04:00:00+00:00,100515.58154784118
2024-11-11 08:00:00+00:00,100515.58154784118
2024-11-11 12:00:00+00:00,100515.58154784118
2024-11-11 16:00:00+00:00,100515.58154784118
2024-11-11 20:00:00+00:00,100515.58154784118
2024-11-12 00:00:00+00:00,100515.58154784118
2024-11-12 04:00:00+00:00,100515.58154784118
2024-11-12 08:00:00+00:00,100515.58154784118
2024-11-12 12:00:00+00:00,100515.58154784118
2024-11-12 16:00:00+00:00,100515.58154784118
2024-11-12 20:00:00+00:00,100515.58154784118
2024-11-13 00:00:00+00:00,100515.58154784118
2024-11-13 04:00:00+00:00,100515.58154784118
2024-11-13 08:00:00+00:00,100515.58154784118
2024-11-13 12:00:00+00:00,100515.58154784118
2024-11-13 16:00:00+00:00,100515.58154784118
2024-11-13 20:00:00+00:00,100515.58154784118
2024-11-14 00:00:00+00:00,100515.58154784118
2024-11-14 04:00:00+00:00,100515.58154784118
2024-11-14 08:00:00+00:00,100515.58154784118
2024-11-14 12:00:00+00:00,100515.58154784118
2024-11-14 16:00:00+00:00,100515.58154784118
2024-11-14 20:00:00+00:00,100515.58154784118
2024-11-15 00:00:00+00:00,100515.58154784118
2024-11-15 04:00:00+00:00,100515.58154784118
2024-11-15 08:00:00+00:00,100515.58154784118
2024-11-15 12:00:00+00:00,100515.58154784118
2024-11-15 16:00:00+00:00,100515.58154784118
2024-11-15 20:00:00+00:00,100515.58154784118
2024-11-16 00:00:00+00:00,100515.58154784118
2024-11-16 04:00:00+00:00,100515.58154784118
2024-11-16 08:00:00+00:00,100515.58154784118
2024-11-16 12:00:00+00:00,100515.58154784118
2024-11-16 16:00:00+00:00,100515.58154784118
2024-11-16 20:00:00+00:00,100515.58154784118
2024-11-17 00:00:00+00:00,100515.58154784118
2024-11-17 04:00:00+00:00,100515.58154784118
2024-11-17 08:00:00+00:00,100515.58154784118
2024-11-17 12:00:00+00:00,100515.58154784118
2024-11-17 16:00:00+00:00,100515.58154784118
2024-11-17 20:00:00+00:00,100515.58154784118
2024-11-18 00:00:00+00:00,100515.58154784118
2024-11-18 04:00:00+00:00,100515.58154784118
2024-11-18 08:00:00+00:00,100515.58154784118
2024-11-18 12:00:00+00:00,100515.58154784118
2024-11-18 16:00:00+00:00,100515.58154784118
2024-11-18 20:00:00+00:00,100515.58154784118
2024-11-19 00:00:00+00:00,100515.58154784118
2024-11-19 04:00:00+00:00,100515.58154784118
2024-11-19 08:00:00+00:00,100515.58154784118
2024-11-19 12:00:00+00:00,100515.58154784118
2024-11-19 16:00:00+00:00,100515.58154784118
2024-11-19 20:00:00+00:00,100515.58154784118
2024-11-20 00:00:00+00:00,100515.58154784118
2024-11-20 04:00:00+00:00,100515.58154784118
2024-11-20 08:00:00+00:00,100515.58154784118
2024-11-20 12:00:00+00:00,100515.58154784118
2024-11-20 16:00:00+00:00,100515.58154784118
2024-11-20 20:00:00+00:00,100515.58154784118
2024-11-21 00:00:00+00:00,100515.58154784118
2024-11-21 04:00:00+00:00,100515.58154784118
2024-11-21 08:00:00+00:00,100515.58154784118
2024-11-21 12:00:00+00:00,100515.58154784118
2024-11-21 16:00:00+00:00,100515.58154784118
2024-11-21 20:00:00+00:00,100515.58154784118
2024-11-22 00:00:00+00:00,100515.58154784118
2024-11-22 04:00:00+00:00,100515.58154784118
2024-11-22 08:00:00+00:00,100515.58154784118
2024-11-22 12:00:00+00:00,100515.58154784118
2024-11-22 16:00:00+00:00,100515.58154784118
2024-11-22 20:00:00+00:00,100515.58154784118
2024-11-23 00:00:00+00:00,100515.58154784118
2024-11-23 04:00:00+00:00,100515.58154784118
2024-11-23 08:00:00+00:00,100515.58154784118
2024-11-23 12:00:00+00:00,100515.58154784118
2024-11-23 16:00:00+00:00,100515.58154784118
2024-11-23 20:00:00+00:00,100515.58154784118
2024-11-24 00:00:00+00:00,100515.58154784118
2024-11-24 04:00:00+00:00,100515.58154784118
2024-11-24 08:00:00+00:00,100515.58154784118
2024-11-24 12:00:00+00:00,100515.58154784118
2024-11-24 16:00:00+00:00,100515.58154784118
2024-11-24 20:00:00+00:00,100515.58154784118
2024-11-25 00:00:00+00:00,100515.58154784118
2024-11-25 04:00:00+00:00,100515.58154784118
2024-11-25 08:00:00+00:00,100515.58154784118
2024-11-25 12:00:00+00:00,100515.58154784118
2024-11-25 16:00:00+00:00,100515.58154784118
2024-11-25 20:00:00+00:00,100515.58154784118
2024-11-26 00:00:00+00:00,100515.58154784118
2024-11-26 04:00:00+00:00,100515.58154784118
2024-11-26 08:00:00+00:00,100515.58154784118
2024-11-26 12:00:00+00:00,100515.58154784118
2024-11-26 16:00:00+00:00,100515.58154784118
2024-11-26 20:00:00+00:00,100515.58154784118
2024-11-27 00:00:00+00:00,100515.58154784118
2024-11-27 04:00:00+00:00,100515.58154784118
2024-11-27 08:00:00+00:00,100515.58154784118
2024-11-27 12:00:00+00:00,100515.58154784118
2024-11-27 16:00:00+00:00,100515.58154784118
2024-11-27 20:00:00+00:00,100515.58154784118
2024-11-28 00:00:00+00:00,100515.58154784118
2024-11-28 04:00:00+00:00,100515.58154784118
2024-11-28 08:00:00+00:00,100515.58154784118
2024-11-28 12:00:00+00:00,100515.58154784118
2024-11-28 16:00:00+00:00,100515.58154784118
2024-11-28 20:00:00+00:00,100515.58154784118
2024-11-29 00:00:00+00:00,100515.58154784118
2024-11-29 04:00:00+00:00,100515.58154784118
2024-11-29 08:00:00+00:00,100515.58154784118
2024-11-29 12:00:00+00:00,100515.58154784118
2024-11-29 16:00:00+00:00,100515.58154784118
2024-11-29 20:00:00+00:00,100515.58154784118
2024-11-30 00:00:00+00:00,100515.58154784118
2024-11-30 04:00:00+00:00,100515.58154784118
2024-11-30 08:00:00+00:00,100515.58154784118
2024-11-30 12:00:00+00:00,100515.58154784118
2024-11-30 16:00:00+00:00,100515.58154784118
2024-11-30 20:00:00+00:00,100515.58154784118
2024-12-01 00:00:00+00:00,100515.58154784118
2024-12-01 04:00:00+00:00,100515.58154784118
2024-12-01 08:00:00+00:00,100515.58154784118
2024-12-01 12:00:00+00:00,100515.58154784118
2024-12-01 16:00:00+00:00,100515.58154784118
2024-12-01 20:00:00+00:00,100515.58154784118
2024-12-02 00:00:00+00:00,100515.58154784118
2024-12-02 04:00:00+00:00,100515.58154784118
2024-12-02 08:00:00+00:00,100515.58154784118
2024-12-02 12:00:00+00:00,100515.58154784118
2024-12-02 16:00:00+00:00,100515.58154784118
2024-12-02 20:00:00+00:00,100515.58154784118
2024-12-03 00:00:00+00:00,100515.58154784118
2024-12-03 04:00:00+00:00,100515.58154784118
2024-12-03 08:00:00+00:00,100515.58154784118
2024-12-03 12:00:00+00:00,100515.58154784118
2024-12-03 16:00:00+00:00,100515.58154784118
2024-12-03 20:00:00+00:00,100515.58154784118
2024-12-04 00:00:00+00:00,100515.58154784118
2024-12-04 04:00:00+00:00,100515.58154784118
2024-12-04 08:00:00+00:00,100515.58154784118
2024-12-04 12:00:00+00:00,100515.58154784118
2024-12-04 16:00:00+00:00,100515.58154784118
2024-12-04 20:00:00+00:00,100515.58154784118
2024-12-05 00:00:00+00:00,100515.58154784118
2024-12-05 04:00:00+00:00,100515.58154784118
2024-12-05 08:00:00+00:00,100515.58154784118
2024-12-05 12:00:00+00:00,100515.58154784118
2024-12-05 16:00:00+00:00,100515.58154784118
2024-12-05 20:00:00+00:00,100515.58154784118
2024-12-06 00:00:00+00:00,100515.58154784118
2024-12-06 04:00:00+00:00,100515.58154784118
2024-12-06 08:00:00+00:00,100515.58154784118
2024-12-06 12:00:00+00:00,100515.58154784118
2024-12-06 16:00:00+00:00,100515.58154784118
2024-12-06 20:00:00+00:00,100515.58154784118
2024-12-07 00:00:00+00:00,100515.58154784118
2024-12-07 04:00:00+00:00,100515.58154784118
2024-12-07 08:00:00+00:00,100515.58154784118
2024-12-07 12:00:00+00:00,100515.58154784118
2024-12-07 16:00:00+00:00,100515.58154784118
2024-12-07 20:00:00+00:00,100515.58154784118
2024-12-08 00:00:00+00:00,100515.58154784118
2024-12-08 04:00:00+00:00,100515.58154784118
2024-12-08 08:00:00+00:00,100515.58154784118
2024-12-08 12:00:00+00:00,100515.58154784118
2024-12-08 16:00:00+00:00,100515.58154784118
2024-12-08 20:00:00+00:00,100515.58154784118
2024-12-09 00:00:00+00:00,100515.58154784118
2024-12-09 04:00:00+00:00,100515.58154784118
2024-12-09 08:00:00+00:00,100515.58154784118
2024-12-09 12:00:00+00:00,100515.58154784118
2024-12-09 16:00:00+00:00,100515.58154784118
2024-12-09 20:00:00+00:00,100515.58154784118
2024-12-10 00:00:00+00:00,100515.58154784118
2024-12-10 04:00:00+00:00,100515.58154784118
2024-12-10 08:00:00+00:00,100515.58154784118
2024-12-10 12:00:00+00:00,100515.58154784118
2024-12-10 16:00:00+00:00,100515.58154784118
2024-12-10 20:00:00+00:00,100515.58154784118
2024-12-11 00:00:00+00:00,100515.58154784118
2024-12-11 04:00:00+00:00,100515.58154784118
2024-12-11 08:00:00+00:00,100515.58154784118
2024-12-11 12:00:00+00:00,100515.58154784118
2024-12-11 16:00:00+00:00,100515.58154784118
2024-12-11 20:00:00+00:00,100515.58154784118
2024-12-12 00:00:00+00:00,100515.58154784118
2024-12-12 04:00:00+00:00,100515.58154784118
2024-12-12 08:00:00+00:00,100515.58154784118
2024-12-12 12:00:00+00:00,100515.58154784118
2024-12-12 16:00:00+00:00,100515.58154784118
2024-12-12 20:00:00+00:00,100515.58154784118
2024-12-13 00:00:00+00:00,100515.58154784118
2024-12-13 04:00:00+00:00,100515.58154784118
2024-12-13 08:00:00+00:00,100515.58154784118
2024-12-13 12:00:00+00:00,100515.58154784118
2024-12-13 16:00:00+00:00,100515.58154784118
2024-12-13 20:00:00+00:00,100515.58154784118
2024-12-14 00:00:00+00:00,100515.58154784118
2024-12-14 04:00:00+00:00,100515.58154784118
2024-12-14 08:00:00+00:00,100515.58154784118
2024-12-14 12:00:00+00:00,100515.58154784118
2024-12-14 16:00:00+00:00,100515.58154784118
2024-12-14 20:00:00+00:00,100515.58154784118
2024-12-15 00:00:00+00:00,100515.58154784118
2024-12-15 04:00:00+00:00,100515.58154784118
2024-12-15 08:00:00+00:00,100515.58154784118
2024-12-15 12:00:00+00:00,100515.58154784118
2024-12-15 16:00:00+00:00,100515.58154784118
2024-12-15 20:00:00+00:00,100515.58154784118
2024-12-16 00:00:00+00:00,100515.58154784118
2024-12-16 04:00:00+00:00,100515.58154784118
2024-12-16 08:00:00+00:00,100515.58154784118
2024-12-16 12:00:00+00:00,100515.58154784118
2024-12-16 16:00:00+00:00,100515.58154784118
2024-12-16 20:00:00+00:00,100515.58154784118
2024-12-17 00:00:00+00:00,100515.58154784118
2024-12-17 04:00:00+00:00,100515.58154784118
2024-12-17 08:00:00+00:00,100515.58154784118
2024-12-17 12:00:00+00:00,100515.58154784118
2024-12-17 16:00:00+00:00,100515.58154784118
2024-12-17 20:00:00+00:00,100515.58154784118
2024-12-18 00:00:00+00:00,100515.58154784118
2024-12-18 04:00:00+00:00,100515.58154784118
2024-12-18 08:00:00+00:00,100515.58154784118
2024-12-18 12:00:00+00:00,100515.58154784118
2024-12-18 16:00:00+00:00,100515.58154784118
2024-12-18 20:00:00+00:00,100515.58154784118
2024-12-19 00:00:00+00:00,100515.58154784118
2024-12-19 04:00:00+00:00,100515.58154784118
2024-12-19 08:00:00+00:00,100515.58154784118
2024-12-19 12:00:00+00:00,100515.58154784118
2024-12-19 16:00:00+00:00,100515.58154784118
2024-12-19 20:00:00+00:00,100549.89430055558
2024-12-20 00:00:00+00:00,100503.80045222302
2024-12-20 04:00:00+00:00,100567.23509128149
2024-12-20 08:00:00+00:00,100068.3276919753
2024-12-20 12:00:00+00:00,100499.89851148467
2024-12-20 16:00:00+00:00,100516.43141852196
2024-12-20 20:00:00+00:00,100577.97371740887
2024-12-21 00:00:00+00:00,100540.18675721399
2024-12-21 04:00:00+00:00,100720.01082982394
2024-12-21 08:00:00+00:00,100629.7607601037
2024-12-21 12:00:00+00:00,100549.73417946414
2024-12-21 16:00:00+00:00,100521.47199813277
2024-12-21 20:00:00+00:00,100522.32112513282
2024-12-22 00:00:00+00:00,100489.41300607256
2024-12-22 04:00:00+00:00,100403.58001413738
2024-12-22 08:00:00+00:00,100511.23233520446
2024-12-22 12:00:00+00:00,100325.5897209132
2024-12-22 16:00:00+00:00,100260.81750465654
2024-12-22 20:00:00+00:00,100302.98515147933
2024-12-23 00:00:00+00:00,100384.23528369135
2024-12-23 04:00:00+00:00,100325.73043338749
2024-12-23 08:00:00+00:00,100375.8580393165
2024-12-23 12:00:00+00:00,100091.08186949966
2024-12-23 16:00:00+00:00,100074.14461627188
2024-12-23 20:00:00+00:00,100260.37757600128
2024-12-24 00:00:00+00:00,100209.35636499125
2024-12-24 04:00:00+00:00,100199.67793457537
2024-12-24 08:00:00+00:00,100214.29262328491
2024-12-24 12:00:00+00:00,100613.85782443122
2024-12-24 16:00:00+00:00,100615.67296110069
2024-12-24 20:00:00+00:00,100615.67296110069
2024-12-25 00:00:00+00:00,100615.67296110069
2024-12-25 04:00:00+00:00,100615.67296110069
2024-12-25 08:00:00+00:00,100615.67296110069
2024-12-25 12:00:00+00:00,100615.67296110069
2024-12-25 16:00:00+00:00,100615.67296110069
2024-12-25 20:00:00+00:00,100615.67296110069
2024-12-26 00:00:00+00:00,100615.67296110069
2024-12-26 04:00:00+00:00,100615.67296110069
2024-12-26 08:00:00+00:00,100615.67296110069
2024-12-26 12:00:00+00:00,100615.67296110069
2024-12-26 16:00:00+00:00,100615.67296110069
2024-12-26 20:00:00+00:00,100615.67296110069
2024-12-27 00:00:00+00:00,100615.67296110069
2024-12-27 04:00:00+00:00,100615.67296110069
2024-12-27 08:00:00+00:00,100615.67296110069
2024-12-27 12:00:00+00:00,100615.67296110069
2024-12-27 16:00:00+00:00,100615.67296110069
2024-12-27 20:00:00+00:00,100615.67296110069
2024-12-28 00:00:00+00:00,100615.67296110069
2024-12-28 04:00:00+00:00,100615.67296110069
2024-12-28 08:00:00+00:00,100615.67296110069
2024-12-28 12:00:00+00:00,100615.67296110069
2024-12-28 16:00:00+00:00,100615.67296110069
2024-12-28 20:00:00+00:00,100615.67296110069
2024-12-29 00:00:00+00:00,100615.67296110069
2024-12-29 04:00:00+00:00,100615.67296110069
2024-12-29 08:00:00+00:00,100615.67296110069
2024-12-29 12:00:00+00:00,100615.67296110069
2024-12-29 16:00:00+00:00,100615.67296110069
2024-12-29 20:00:00+00:00,100615.67296110069
2024-12-30 00:00:00+00:00,100615.67296110069
2024-12-30 04:00:00+00:00,100615.67296110069
2024-12-30 08:00:00+00:00,100615.67296110069
2024-12-30 12:00:00+00:00,100615.67296110069
2024-12-30 16:00:00+00:00,100615.67296110069
2024-12-30 20:00:00+00:00,100615.67296110069
2024-12-31 00:00:00+00:00,100615.67296110069
2024-12-31 04:00:00+00:00,100615.67296110069
2024-12-31 08:00:00+00:00,100615.67296110069
2024-12-31 12:00:00+00:00,100615.67296110069
2024-12-31 16:00:00+00:00,100615.67296110069
2024-12-31 20:00:00+00:00,100615.67296110069
2025-01-01 00:00:00+00:00,100615.67296110069
2025-01-01 04:00:00+00:00,100615.67296110069
2025-01-01 08:00:00+00:00,100615.67296110069
2025-01-01 12:00:00+00:00,100615.67296110069
2025-01-01 16:00:00+00:00,100615.67296110069
2025-01-01 20:00:00+00:00,100615.67296110069
2025-01-02 00:00:00+00:00,100615.67296110069
2025-01-02 04:00:00+00:00,100615.67296110069
2025-01-02 08:00:00+00:00,100615.67296110069
2025-01-02 12:00:00+00:00,100615.67296110069
2025-01-02 16:00:00+00:00,100615.67296110069
2025-01-02 20:00:00+00:00,100615.67296110069
2025-01-03 00:00:00+00:00,100615.67296110069
2025-01-03 04:00:00+00:00,100615.67296110069
2025-01-03 08:00:00+00:00,100615.67296110069
2025-01-03 12:00:00+00:00,100615.67296110069
2025-01-03 16:00:00+00:00,100615.67296110069
2025-01-03 20:00:00+00:00,100615.67296110069
2025-01-04 00:00:00+00:00,100615.67296110069
2025-01-04 04:00:00+00:00,100615.67296110069
2025-01-04 08:00:00+00:00,100615.67296110069
2025-01-04 12:00:00+00:00,100615.67296110069
2025-01-04 16:00:00+00:00,100615.67296110069
2025-01-04 20:00:00+00:00,100615.67296110069
2025-01-05 00:00:00+00:00,100615.67296110069
2025-01-05 04:00:00+00:00,100615.67296110069
2025-01-05 08:00:00+00:00,100615.67296110069
2025-01-05 12:00:00+00:00,100615.67296110069
2025-01-05 16:00:00+00:00,100615.67296110069
2025-01-05 20:00:00+00:00,100615.67296110069
2025-01-06 00:00:00+00:00,100615.67296110069
2025-01-06 04:00:00+00:00,100615.67296110069
2025-01-06 08:00:00+00:00,100615.67296110069
2025-01-06 12:00:00+00:00,100615.67296110069
2025-01-06 16:00:00+00:00,100615.67296110069
2025-01-06 20:00:00+00:00,100615.67296110069
2025-01-07 00:00:00+00:00,100615.67296110069
2025-01-07 04:00:00+00:00,100615.67296110069
2025-01-07 08:00:00+00:00,100615.67296110069
2025-01-07 12:00:00+00:00,100615.67296110069
2025-01-07 16:00:00+00:00,100615.67296110069
2025-01-07 20:00:00+00:00,100615.67296110069
2025-01-08 00:00:00+00:00,100615.67296110069
2025-01-08 04:00:00+00:00,100615.67296110069
2025-01-08 08:00:00+00:00,100615.67296110069
2025-01-08 12:00:00+00:00,100615.67296110069
2025-01-08 16:00:00+00:00,100615.67296110069
2025-01-08 20:00:00+00:00,100615.67296110069
2025-01-09 00:00:00+00:00,100615.67296110069
2025-01-09 04:00:00+00:00,100615.67296110069
2025-01-09 08:00:00+00:00,100615.67296110069
2025-01-09 12:00:00+00:00,100615.67296110069
2025-01-09 16:00:00+00:00,100615.67296110069
2025-01-09 20:00:00+00:00,100615.67296110069
2025-01-10 00:00:00+00:00,100615.67296110069
2025-01-10 04:00:00+00:00,100615.67296110069
2025-01-10 08:00:00+00:00,100615.67296110069
2025-01-10 12:00:00+00:00,100615.67296110069
2025-01-10 16:00:00+00:00,100615.67296110069
2025-01-10 20:00:00+00:00,100615.67296110069
2025-01-11 00:00:00+00:00,100615.67296110069
2025-01-11 04:00:00+00:00,100615.67296110069
2025-01-11 08:00:00+00:00,100615.67296110069
2025-01-11 12:00:00+00:00,100615.67296110069
2025-01-11 16:00:00+00:00,100615.67296110069
2025-01-11 20:00:00+00:00,100615.67296110069
2025-01-12 00:00:00+00:00,100615.67296110069
2025-01-12 04:00:00+00:00,100615.67296110069
2025-01-12 08:00:00+00:00,100615.67296110069
2025-01-12 12:00:00+00:00,100615.67296110069
2025-01-12 16:00:00+00:00,100615.67296110069
2025-01-12 20:00:00+00:00,100615.67296110069
2025-01-13 00:00:00+00:00,100615.67296110069
2025-01-13 04:00:00+00:00,100615.67296110069
2025-01-13 08:00:00+00:00,100615.67296110069
2025-01-13 12:00:00+00:00,100768.31315635578
2025-01-13 16:00:00+00:00,100772.65876965974
2025-01-13 20:00:00+00:00,101024.2913391885
2025-01-14 00:00:00+00:00,101015.97078129885
2025-01-14 04:00:00+00:00,101015.97078129885
2025-01-14 08:00:00+00:00,101015.97078129885
2025-01-14 12:00:00+00:00,101015.97078129885
2025-01-14 16:00:00+00:00,101015.97078129885
2025-01-14 20:00:00+00:00,101015.97078129885
2025-01-15 00:00:00+00:00,101015.97078129885
2025-01-15 04:00:00+00:00,101015.97078129885
2025-01-15 08:00:00+00:00,101015.97078129885
2025-01-15 12:00:00+00:00,101015.97078129885
2025-01-15 16:00:00+00:00,101015.97078129885
2025-01-15 20:00:00+00:00,101015.97078129885
2025-01-16 00:00:00+00:00,101015.97078129885
2025-01-16 04:00:00+00:00,101015.97078129885
2025-01-16 08:00:00+00:00,101015.97078129885
2025-01-16 12:00:00+00:00,101015.97078129885
2025-01-16 16:00:00+00:00,101015.97078129885
2025-01-16 20:00:00+00:00,101015.97078129885
2025-01-17 00:00:00+00:00,101015.97078129885
2025-01-17 04:00:00+00:00,101015.97078129885
2025-01-17 08:00:00+00:00,101015.97078129885
2025-01-17 12:00:00+00:00,101015.97078129885
2025-01-17 16:00:00+00:00,101015.97078129885
2025-01-17 20:00:00+00:00,101015.97078129885
2025-01-18 00:00:00+00:00,101015.97078129885
2025-01-18 04:00:00+00:00,101015.97078129885
2025-01-18 08:00:00+00:00,101015.97078129885
2025-01-18 12:00:00+00:00,101015.97078129885
2025-01-18 16:00:00+00:00,101015.97078129885
2025-01-18 20:00:00+00:00,101015.97078129885
2025-01-19 00:00:00+00:00,101015.97078129885
2025-01-19 04:00:00+00:00,101015.97078129885
2025-01-19 08:00:00+00:00,101015.97078129885
2025-01-19 12:00:00+00:00,101015.97078129885
2025-01-19 16:00:00+00:00,101015.97078129885
2025-01-19 20:00:00+00:00,101015.97078129885
2025-01-20 00:00:00+00:00,101015.97078129885
2025-01-20 04:00:00+00:00,101015.97078129885
2025-01-20 08:00:00+00:00,101015.97078129885
2025-01-20 12:00:00+00:00,101015.97078129885
2025-01-20 16:00:00+00:00,101015.97078129885
2025-01-20 20:00:00+00:00,101015.97078129885
2025-01-21 00:00:00+00:00,101015.97078129885
2025-01-21 04:00:00+00:00,101015.97078129885
2025-01-21 08:00:00+00:00,101015.97078129885
2025-01-21 12:00:00+00:00,101015.97078129885
2025-01-21 16:00:00+00:00,101015.97078129885
2025-01-21 20:00:00+00:00,101015.97078129885
2025-01-22 00:00:00+00:00,101015.97078129885
2025-01-22 04:00:00+00:00,101015.97078129885
2025-01-22 08:00:00+00:00,101015.97078129885
2025-01-22 12:00:00+00:00,101015.97078129885
2025-01-22 16:00:00+00:00,101015.97078129885
2025-01-22 20:00:00+00:00,101015.97078129885
2025-01-23 00:00:00+00:00,101015.97078129885
2025-01-23 04:00:00+00:00,101015.97078129885
2025-01-23 08:00:00+00:00,101015.97078129885
2025-01-23 12:00:00+00:00,101015.97078129885
2025-01-23 16:00:00+00:00,101015.97078129885
2025-01-23 20:00:00+00:00,101015.97078129885
2025-01-24 00:00:00+00:00,101015.97078129885
2025-01-24 04:00:00+00:00,101015.97078129885
2025-01-24 08:00:00+00:00,101015.97078129885
2025-01-24 12:00:00+00:00,101015.97078129885
2025-01-24 16:00:00+00:00,101015.97078129885
2025-01-24 20:00:00+00:00,101015.97078129885
2025-01-25 00:00:00+00:00,101015.97078129885
2025-01-25 04:00:00+00:00,101015.97078129885
2025-01-25 08:00:00+00:00,101015.97078129885
2025-01-25 12:00:00+00:00,101015.97078129885
2025-01-25 16:00:00+00:00,101015.97078129885
2025-01-25 20:00:00+00:00,101015.97078129885
2025-01-26 00:00:00+00:00,101015.97078129885
2025-01-26 04:00:00+00:00,101015.97078129885
2025-01-26 08:00:00+00:00,101015.97078129885
2025-01-26 12:00:00+00:00,101015.97078129885
2025-01-26 16:00:00+00:00,101015.97078129885
2025-01-26 20:00:00+00:00,101015.97078129885
2025-01-27 00:00:00+00:00,101015.97078129885
2025-01-27 04:00:00+00:00,101015.97078129885
2025-01-27 08:00:00+00:00,100987.68370864056
2025-01-27 12:00:00+00:00,101244.34850227708
2025-01-27 16:00:00+00:00,101067.85998310376
2025-01-27 20:00:00+00:00,101321.72721654389
2025-01-28 00:00:00+00:00,101375.98522325778
2025-01-28 04:00:00+00:00,101386.91491087207
2025-01-28 08:00:00+00:00,101391.36503154902
2025-01-28 12:00:00+00:00,101379.82579293782
2025-01-28 16:00:00+00:00,101357.83813312036
2025-01-28 20:00:00+00:00,101243.72938969587
2025-01-29 00:00:00+00:00,101315.16717293901
2025-01-29 04:00:00+00:00,101379.95168713064
2025-01-29 08:00:00+00:00,101367.55429633158
2025-01-29 12:00:00+00:00,101307.94738001977
2025-01-29 16:00:00+00:00,101477.05355934135
2025-01-29 20:00:00+00:00,101441.6382797764
2025-01-30 00:00:00+00:00,101441.6382797764
2025-01-30 04:00:00+00:00,101441.6382797764
2025-01-30 08:00:00+00:00,101441.6382797764
2025-01-30 12:00:00+00:00,101441.6382797764
2025-01-30 16:00:00+00:00,101441.6382797764
2025-01-30 20:00:00+00:00,101441.6382797764
2025-01-31 00:00:00+00:00,101441.6382797764
2025-01-31 04:00:00+00:00,101441.6382797764
2025-01-31 08:00:00+00:00,101441.6382797764
2025-01-31 12:00:00+00:00,101441.6382797764
2025-01-31 16:00:00+00:00,101441.6382797764
2025-01-31 20:00:00+00:00,101441.6382797764
2025-02-01 00:00:00+00:00,101441.6382797764
2025-02-01 04:00:00+00:00,101441.6382797764
2025-02-01 08:00:00+00:00,101441.6382797764
2025-02-01 12:00:00+00:00,101441.6382797764
2025-02-01 16:00:00+00:00,101441.6382797764
2025-02-01 20:00:00+00:00,101441.6382797764
2025-02-02 00:00:00+00:00,101441.6382797764
2025-02-02 04:00:00+00:00,101484.45623498643
2025-02-02 08:00:00+00:00,101412.77432361487
2025-02-02 12:00:00+00:00,101442.02921464697
2025-02-02 16:00:00+00:00,101332.0769599668
2025-02-02 20:00:00+00:00,101278.32930481606
2025-02-03 00:00:00+00:00,100912.94509310943
2025-02-03 04:00:00+00:00,101046.77427832047
2025-02-03 08:00:00+00:00,101021.58979969211
2025-02-03 12:00:00+00:00,101441.89822021326
2025-02-03 16:00:00+00:00,101721.43954301573
2025-02-03 20:00:00+00:00,101714.05245927279
2025-02-04 00:00:00+00:00,101714.05245927279
2025-02-04 04:00:00+00:00,101714.05245927279
2025-02-04 08:00:00+00:00,101714.05245927279
2025-02-04 12:00:00+00:00,101714.05245927279
2025-02-04 16:00:00+00:00,101714.05245927279
2025-02-04 20:00:00+00:00,101714.05245927279
2025-02-05 00:00:00+00:00,101714.05245927279
2025-02-05 04:00:00+00:00,101714.05245927279
2025-02-05 08:00:00+00:00,101714.05245927279
2025-02-05 12:00:00+00:00,101714.05245927279
2025-02-05 16:00:00+00:00,101714.05245927279
2025-02-05 20:00:00+00:00,101714.05245927279
2025-02-06 00:00:00+00:00,101714.05245927279
2025-02-06 04:00:00+00:00,101714.05245927279
2025-02-06 08:00:00+00:00,101714.05245927279
2025-02-06 12:00:00+00:00,101714.05245927279
2025-02-06 16:00:00+00:00,101714.05245927279
2025-02-06 20:00:00+00:00,101714.05245927279
2025-02-07 00:00:00+00:00,101714.05245927279
2025-02-07 04:00:00+00:00,101714.05245927279
2025-02-07 08:00:00+00:00,101714.05245927279
2025-02-07 12:00:00+00:00,101714.05245927279
2025-02-07 16:00:00+00:00,101714.05245927279
2025-02-07 20:00:00+00:00,101714.05245927279
2025-02-08 00:00:00+00:00,101714.05245927279
2025-02-08 04:00:00+00:00,101714.05245927279
2025-02-08 08:00:00+00:00,101714.05245927279
2025-02-08 12:00:00+00:00,101714.05245927279
2025-02-08 16:00:00+00:00,101714.05245927279
2025-02-08 20:00:00+00:00,101714.05245927279
2025-02-09 00:00:00+00:00,101714.05245927279
2025-02-09 04:00:00+00:00,101714.05245927279
2025-02-09 08:00:00+00:00,101714.05245927279
2025-02-09 12:00:00+00:00,101714.05245927279
2025-02-09 16:00:00+00:00,101714.05245927279
2025-02-09 20:00:00+00:00,101714.05245927279
2025-02-10 00:00:00+00:00,101714.05245927279
2025-02-10 04:00:00+00:00,101714.05245927279
2025-02-10 08:00:00+00:00,101714.05245927279
2025-02-10 12:00:00+00:00,101714.05245927279
2025-02-10 16:00:00+00:00,101714.05245927279
2025-02-10 20:00:00+00:00,101714.05245927279
2025-02-11 00:00:00+00:00,101714.05245927279
2025-02-11 04:00:00+00:00,101714.05245927279
2025-02-11 08:00:00+00:00,101714.05245927279
2025-02-11 12:00:00+00:00,101714.05245927279
2025-02-11 16:00:00+00:00,101714.05245927279
2025-02-11 20:00:00+00:00,101714.05245927279
2025-02-12 00:00:00+00:00,101714.05245927279
2025-02-12 04:00:00+00:00,101714.05245927279
2025-02-12 08:00:00+00:00,101714.05245927279
2025-02-12 12:00:00+00:00,101714.05245927279
2025-02-12 16:00:00+00:00,101714.05245927279
2025-02-12 20:00:00+00:00,101714.05245927279
2025-02-13 00:00:00+00:00,101714.05245927279
2025-02-13 04:00:00+00:00,101714.05245927279
2025-02-13 08:00:00+00:00,101714.05245927279
2025-02-13 12:00:00+00:00,101714.05245927279
2025-02-13 16:00:00+00:00,101714.05245927279
2025-02-13 20:00:00+00:00,101714.05245927279
2025-02-14 00:00:00+00:00,101714.05245927279
2025-02-14 04:00:00+00:00,101714.05245927279
2025-02-14 08:00:00+00:00,101714.05245927279
2025-02-14 12:00:00+00:00,101714.05245927279
2025-02-14 16:00:00+00:00,101714.05245927279
2025-02-14 20:00:00+00:00,101714.05245927279
2025-02-15 00:00:00+00:00,101714.05245927279
2025-02-15 04:00:00+00:00,101714.05245927279
2025-02-15 08:00:00+00:00,101714.05245927279
2025-02-15 12:00:00+00:00,101714.05245927279
2025-02-15 16:00:00+00:00,101714.05245927279
2025-02-15 20:00:00+00:00,101714.05245927279
2025-02-16 00:00:00+00:00,101714.05245927279
2025-02-16 04:00:00+00:00,101714.05245927279
2025-02-16 08:00:00+00:00,101714.05245927279
2025-02-16 12:00:00+00:00,101714.05245927279
2025-02-16 16:00:00+00:00,101714.05245927279
2025-02-16 20:00:00+00:00,101714.05245927279
2025-02-17 00:00:00+00:00,101714.05245927279
2025-02-17 04:00:00+00:00,101714.05245927279
2025-02-17 08:00:00+00:00,101714.05245927279
2025-02-17 12:00:00+00:00,101714.05245927279
2025-02-17 16:00:00+00:00,101714.05245927279
2025-02-17 20:00:00+00:00,101714.05245927279
2025-02-18 00:00:00+00:00,101714.05245927279
2025-02-18 04:00:00+00:00,101714.05245927279
2025-02-18 08:00:00+00:00,101714.05245927279
2025-02-18 12:00:00+00:00,101714.05245927279
2025-02-18 16:00:00+00:00,101714.05245927279
2025-02-18 20:00:00+00:00,101874.60947399515
2025-02-19 00:00:00+00:00,101887.61483484486
2025-02-19 04:00:00+00:00,101895.94130896704
2025-02-19 08:00:00+00:00,101963.87350322153
2025-02-19 12:00:00+00:00,101959.9516912251
2025-02-19 16:00:00+00:00,101959.9516912251
2025-02-19 20:00:00+00:00,101959.9516912251
2025-02-20 00:00:00+00:00,101959.9516912251
2025-02-20 04:00:00+00:00,101959.9516912251
2025-02-20 08:00:00+00:00,101959.9516912251
2025-02-20 12:00:00+00:00,101959.9516912251
2025-02-20 16:00:00+00:00,101959.9516912251
2025-02-20 20:00:00+00:00,101959.9516912251
2025-02-21 00:00:00+00:00,101959.9516912251
2025-02-21 04:00:00+00:00,101959.9516912251
2025-02-21 08:00:00+00:00,101959.9516912251
2025-02-21 12:00:00+00:00,101959.9516912251
2025-02-21 16:00:00+00:00,101959.9516912251
2025-02-21 20:00:00+00:00,101959.9516912251
2025-02-22 00:00:00+00:00,101959.9516912251
2025-02-22 04:00:00+00:00,101959.9516912251
2025-02-22 08:00:00+00:00,101959.9516912251
2025-02-22 12:00:00+00:00,101959.9516912251
2025-02-22 16:00:00+00:00,101959.9516912251
2025-02-22 20:00:00+00:00,101959.9516912251
2025-02-23 00:00:00+00:00,101959.9516912251
2025-02-23 04:00:00+00:00,101959.9516912251
2025-02-23 08:00:00+00:00,101959.9516912251
2025-02-23 12:00:00+00:00,101959.9516912251
2025-02-23 16:00:00+00:00,101959.9516912251
2025-02-23 20:00:00+00:00,101959.9516912251
2025-02-24 00:00:00+00:00,101959.9516912251
2025-02-24 04:00:00+00:00,101959.9516912251
2025-02-24 08:00:00+00:00,101959.9516912251
2025-02-24 12:00:00+00:00,101959.9516912251
2025-02-24 16:00:00+00:00,101959.9516912251
2025-02-24 20:00:00+00:00,101959.9516912251
2025-02-25 00:00:00+00:00,102030.93356592533
2025-02-25 04:00:00+00:00,101719.10650589984
2025-02-25 08:00:00+00:00,101696.84023219415
2025-02-25 12:00:00+00:00,101485.42161083769
2025-02-25 16:00:00+00:00,101548.04153433301
2025-02-25 20:00:00+00:00,101634.47708328711
2025-02-26 00:00:00+00:00,101654.88935742308
2025-02-26 04:00:00+00:00,101636.8254827421
2025-02-26 08:00:00+00:00,101631.4645515919
2025-02-26 12:00:00+00:00,101497.98876848447
2025-02-26 16:00:00+00:00,101090.3839166026
2025-02-26 20:00:00+00:00,101125.53331126203
2025-02-27 00:00:00+00:00,101247.43595902718
2025-02-27 04:00:00+00:00,101369.00523503871
2025-02-27 08:00:00+00:00,101411.85873776932
2025-02-27 12:00:00+00:00,101293.72153701761
2025-02-27 16:00:00+00:00,101123.73240745463
2025-02-27 20:00:00+00:00,101196.25599625714
2025-02-28 00:00:00+00:00,100703.54908243562
2025-02-28 04:00:00+00:00,100566.0362805468
2025-02-28 08:00:00+00:00,100718.40632124108
2025-02-28 12:00:00+00:00,101114.44413073701
2025-02-28 16:00:00+00:00,101159.36923862065
2025-02-28 20:00:00+00:00,101159.310049902
2025-03-01 00:00:00+00:00,101255.29761354068
2025-03-01 04:00:00+00:00,101198.53650277013
2025-03-01 08:00:00+00:00,101183.54608934771
2025-03-01 12:00:00+00:00,101202.03473012729
2025-03-01 16:00:00+00:00,101276.43494948019
2025-03-01 20:00:00+00:00,101344.38533934405
2025-03-02 00:00:00+00:00,101326.74274907235
2025-03-02 04:00:00+00:00,101362.99322798327
2025-03-02 08:00:00+00:00,101356.89755955404
2025-03-02 12:00:00+00:00,101356.89755955404
2025-03-02 16:00:00+00:00,101356.89755955404
2025-03-02 20:00:00+00:00,101356.89755955404
2025-03-03 00:00:00+00:00,101356.89755955404
2025-03-03 04:00:00+00:00,101356.89755955404
2025-03-03 08:00:00+00:00,101356.89755955404
2025-03-03 12:00:00+00:00,101356.89755955404
2025-03-03 16:00:00+00:00,101356.89755955404
2025-03-03 20:00:00+00:00,101356.89755955404
2025-03-04 00:00:00+00:00,101356.89755955404
2025-03-04 04:00:00+00:00,101356.89755955404
2025-03-04 08:00:00+00:00,101356.89755955404
2025-03-04 12:00:00+00:00,101356.89755955404
2025-03-04 16:00:00+00:00,101356.89755955404
2025-03-04 20:00:00+00:00,101356.89755955404
2025-03-05 00:00:00+00:00,101356.89755955404
2025-03-05 04:00:00+00:00,101356.89755955404
2025-03-05 08:00:00+00:00,101356.89755955404
2025-03-05 12:00:00+00:00,101356.89755955404
2025-03-05 16:00:00+00:00,101356.89755955404
2025-03-05 20:00:00+00:00,101356.89755955404
2025-03-06 00:00:00+00:00,101356.89755955404
2025-03-06 04:00:00+00:00,101356.89755955404
2025-03-06 08:00:00+00:00,101356.89755955404
2025-03-06 12:00:00+00:00,101356.89755955404
2025-03-06 16:00:00+00:00,101356.89755955404
2025-03-06 20:00:00+00:00,101356.89755955404
2025-03-07 00:00:00+00:00,101356.89755955404
2025-03-07 04:00:00+00:00,101356.89755955404
2025-03-07 08:00:00+00:00,101356.89755955404
2025-03-07 12:00:00+00:00,101356.89755955404
2025-03-07 16:00:00+00:00,101356.89755955404
2025-03-07 20:00:00+00:00,101356.89755955404
2025-03-08 00:00:00+00:00,101356.89755955404
2025-03-08 04:00:00+00:00,101356.89755955404
2025-03-08 08:00:00+00:00,101356.89755955404
2025-03-08 12:00:00+00:00,101356.89755955404
2025-03-08 16:00:00+00:00,101356.89755955404
2025-03-08 20:00:00+00:00,101356.89755955404
2025-03-09 00:00:00+00:00,101356.89755955404
2025-03-09 04:00:00+00:00,101356.89755955404
2025-03-09 08:00:00+00:00,101356.89755955404
2025-03-09 12:00:00+00:00,101356.89755955404
2025-03-09 16:00:00+00:00,101356.89755955404
2025-03-09 20:00:00+00:00,101356.89755955404
2025-03-10 00:00:00+00:00,101506.36348954054
2025-03-10 04:00:00+00:00,101543.58663798538
2025-03-10 08:00:00+00:00,101706.72804440805
2025-03-10 12:00:00+00:00,101262.05178163762
2025-03-10 16:00:00+00:00,101116.45257786183
2025-03-10 20:00:00+00:00,101073.71496151223
2025-03-11 00:00:00+00:00,101184.35620264625
2025-03-11 04:00:00+00:00,101306.2478992745
2025-03-11 08:00:00+00:00,101465.57740280317
2025-03-11 12:00:00+00:00,101414.47202738804
2025-03-11 16:00:00+00:00,101629.13440367868
2025-03-11 20:00:00+00:00,101609.92002146454
2025-03-12 00:00:00+00:00,101521.0249561099
2025-03-12 04:00:00+00:00,101554.54500115194
2025-03-12 08:00:00+00:00,101628.58256481796
2025-03-12 12:00:00+00:00,101465.254925032
2025-03-12 16:00:00+00:00,101636.48474047528
2025-03-12 20:00:00+00:00,101610.80652190748
2025-03-13 00:00:00+00:00,101610.80652190748
2025-03-13 04:00:00+00:00,101610.80652190748
2025-03-13 08:00:00+00:00,101610.80652190748
2025-03-13 12:00:00+00:00,101610.80652190748
2025-03-13 16:00:00+00:00,101610.80652190748
2025-03-13 20:00:00+00:00,101610.80652190748
2025-03-14 00:00:00+00:00,101610.80652190748
2025-03-14 04:00:00+00:00,101610.80652190748
2025-03-14 08:00:00+00:00,101610.80652190748
2025-03-14 12:00:00+00:00,101610.80652190748
2025-03-14 16:00:00+00:00,101610.80652190748
2025-03-14 20:00:00+00:00,101610.80652190748
2025-03-15 00:00:00+00:00,101610.80652190748
2025-03-15 04:00:00+00:00,101610.80652190748
2025-03-15 08:00:00+00:00,101610.80652190748
2025-03-15 12:00:00+00:00,101610.80652190748
2025-03-15 16:00:00+00:00,101610.80652190748
2025-03-15 20:00:00+00:00,101610.80652190748
2025-03-16 00:00:00+00:00,101610.80652190748
2025-03-16 04:00:00+00:00,101610.80652190748
2025-03-16 08:00:00+00:00,101610.80652190748
2025-03-16 12:00:00+00:00,101610.80652190748
2025-03-16 16:00:00+00:00,101610.80652190748
2025-03-16 20:00:00+00:00,101610.80652190748
2025-03-17 00:00:00+00:00,101610.80652190748
2025-03-17 04:00:00+00:00,101610.80652190748
2025-03-17 08:00:00+00:00,101610.80652190748
2025-03-17 12:00:00+00:00,101610.80652190748
2025-03-17 16:00:00+00:00,101610.80652190748
2025-03-17 20:00:00+00:00,101610.80652190748
2025-03-18 00:00:00+00:00,101610.80652190748
2025-03-18 04:00:00+00:00,101610.80652190748
2025-03-18 08:00:00+00:00,101610.80652190748
2025-03-18 12:00:00+00:00,101610.80652190748
2025-03-18 16:00:00+00:00,101610.80652190748
2025-03-18 20:00:00+00:00,101610.80652190748
2025-03-19 00:00:00+00:00,101610.80652190748
2025-03-19 04:00:00+00:00,101610.80652190748
2025-03-19 08:00:00+00:00,101610.80652190748
2025-03-19 12:00:00+00:00,101610.80652190748
2025-03-19 16:00:00+00:00,101610.80652190748
2025-03-19 20:00:00+00:00,101610.80652190748
2025-03-20 00:00:00+00:00,101610.80652190748
2025-03-20 04:00:00+00:00,101610.80652190748
2025-03-20 08:00:00+00:00,101610.80652190748
2025-03-20 12:00:00+00:00,101610.80652190748
2025-03-20 16:00:00+00:00,101610.80652190748
2025-03-20 20:00:00+00:00,101610.80652190748
2025-03-21 00:00:00+00:00,101610.80652190748
2025-03-21 04:00:00+00:00,101610.80652190748
2025-03-21 08:00:00+00:00,101610.80652190748
2025-03-21 12:00:00+00:00,101610.80652190748
2025-03-21 16:00:00+00:00,101610.80652190748
2025-03-21 20:00:00+00:00,101610.80652190748
2025-03-22 00:00:00+00:00,101610.80652190748
2025-03-22 04:00:00+00:00,101610.80652190748
2025-03-22 08:00:00+00:00,101610.80652190748
2025-03-22 12:00:00+00:00,101610.80652190748
2025-03-22 16:00:00+00:00,101610.80652190748
2025-03-22 20:00:00+00:00,101610.80652190748
2025-03-23 00:00:00+00:00,101610.80652190748
2025-03-23 04:00:00+00:00,101610.80652190748
2025-03-23 08:00:00+00:00,101610.80652190748
2025-03-23 12:00:00+00:00,101610.80652190748
2025-03-23 16:00:00+00:00,101610.80652190748
2025-03-23 20:00:00+00:00,101610.80652190748
2025-03-24 00:00:00+00:00,101610.80652190748
2025-03-24 04:00:00+00:00,101610.80652190748
2025-03-24 08:00:00+00:00,101610.80652190748
2025-03-24 12:00:00+00:00,101610.80652190748
2025-03-24 16:00:00+00:00,101610.80652190748
2025-03-24 20:00:00+00:00,101610.80652190748
2025-03-25 00:00:00+00:00,101610.80652190748
2025-03-25 04:00:00+00:00,101610.80652190748
2025-03-25 08:00:00+00:00,101610.80652190748
2025-03-25 12:00:00+00:00,101610.80652190748
2025-03-25 16:00:00+00:00,101610.80652190748
2025-03-25 20:00:00+00:00,101610.80652190748
2025-03-26 00:00:00+00:00,101610.80652190748
2025-03-26 04:00:00+00:00,101610.80652190748
2025-03-26 08:00:00+00:00,101610.80652190748
2025-03-26 12:00:00+00:00,101610.80652190748
2025-03-26 16:00:00+00:00,101610.80652190748
2025-03-26 20:00:00+00:00,101610.80652190748
2025-03-27 00:00:00+00:00,101610.80652190748
2025-03-27 04:00:00+00:00,101610.80652190748
2025-03-27 08:00:00+00:00,101610.80652190748
2025-03-27 12:00:00+00:00,101610.80652190748
2025-03-27 16:00:00+00:00,101610.80652190748
2025-03-27 20:00:00+00:00,101610.80652190748
2025-03-28 00:00:00+00:00,101610.80652190748
2025-03-28 04:00:00+00:00,101610.80652190748
2025-03-28 08:00:00+00:00,101610.80652190748
2025-03-28 12:00:00+00:00,101610.80652190748
2025-03-28 16:00:00+00:00,101610.80652190748
2025-03-28 20:00:00+00:00,101610.80652190748
2025-03-29 00:00:00+00:00,101610.80652190748
2025-03-29 04:00:00+00:00,101610.80652190748
2025-03-29 08:00:00+00:00,101610.80652190748
2025-03-29 12:00:00+00:00,101620.53421365988
2025-03-29 16:00:00+00:00,101629.27895374454
2025-03-29 20:00:00+00:00,101646.91993735606
2025-03-30 00:00:00+00:00,101702.35861732335
2025-03-30 04:00:00+00:00,101704.51344016698
2025-03-30 08:00:00+00:00,101707.7664217191
2025-03-30 12:00:00+00:00,101661.62831612128
2025-03-30 16:00:00+00:00,101638.41644479084
2025-03-30 20:00:00+00:00,101614.69119873905
2025-03-31 00:00:00+00:00,101511.83387134074
2025-03-31 04:00:00+00:00,101554.53564727168
2025-03-31 08:00:00+00:00,101590.32809424585
2025-03-31 12:00:00+00:00,101758.53647969018
2025-03-31 16:00:00+00:00,101643.71134534752
2025-03-31 20:00:00+00:00,101641.35387458754
2025-04-01 00:00:00+00:00,101687.8644663554
2025-04-01 04:00:00+00:00,101753.12288535397
2025-04-01 08:00:00+00:00,101811.41311100102
2025-04-01 12:00:00+00:00,101803.25481168907
2025-04-01 16:00:00+00:00,101803.25481168907
2025-04-01 20:00:00+00:00,101803.25481168907
2025-04-02 00:00:00+00:00,101803.25481168907
2025-04-02 04:00:00+00:00,101803.25481168907
2025-04-02 08:00:00+00:00,101803.25481168907
2025-04-02 12:00:00+00:00,101803.25481168907
2025-04-02 16:00:00+00:00,101803.25481168907
2025-04-02 20:00:00+00:00,101803.25481168907
2025-04-03 00:00:00+00:00,101803.25481168907
2025-04-03 04:00:00+00:00,101803.25481168907
2025-04-03 08:00:00+00:00,101803.25481168907
2025-04-03 12:00:00+00:00,101803.25481168907
2025-04-03 16:00:00+00:00,101803.25481168907
2025-04-03 20:00:00+00:00,101803.25481168907
2025-04-04 00:00:00+00:00,101803.25481168907
2025-04-04 04:00:00+00:00,101803.25481168907
2025-04-04 08:00:00+00:00,101803.25481168907
2025-04-04 12:00:00+00:00,101803.25481168907
2025-04-04 16:00:00+00:00,101803.25481168907
2025-04-04 20:00:00+00:00,101803.25481168907
2025-04-05 00:00:00+00:00,101803.25481168907
2025-04-05 04:00:00+00:00,101803.25481168907
2025-04-05 08:00:00+00:00,101803.25481168907
2025-04-05 12:00:00+00:00,101803.25481168907
2025-04-05 16:00:00+00:00,101803.25481168907
2025-04-05 20:00:00+00:00,101803.25481168907
2025-04-06 00:00:00+00:00,101803.25481168907
2025-04-06 04:00:00+00:00,101803.25481168907
2025-04-06 08:00:00+00:00,101803.25481168907
2025-04-06 12:00:00+00:00,101803.25481168907
2025-04-06 16:00:00+00:00,101803.25481168907
2025-04-06 20:00:00+00:00,101803.25481168907
2025-04-07 00:00:00+00:00,101701.61187989512
2025-04-07 04:00:00+00:00,101377.59092800973
2025-04-07 08:00:00+00:00,101575.55555704577
2025-04-07 12:00:00+00:00,101825.77245861657
2025-04-07 16:00:00+00:00,101786.02580187151
2025-04-07 20:00:00+00:00,101913.91796049122
2025-04-08 00:00:00+00:00,101992.64465008388
2025-04-08 04:00:00+00:00,101947.32245450305
2025-04-08 08:00:00+00:00,102013.00536848394
2025-04-08 12:00:00+00:00,101818.74490365712
2025-04-08 16:00:00+00:00,101597.86075857648
2025-04-08 20:00:00+00:00,101531.16549489259
2025-04-09 00:00:00+00:00,101366.03369198192
2025-04-09 04:00:00+00:00,101721.71062615539
2025-04-09 08:00:00+00:00,101512.9127383616
2025-04-09 12:00:00+00:00,101640.22104434417
2025-04-09 16:00:00+00:00,102305.01698031131
2025-04-09 20:00:00+00:00,102305.40692308865
2025-04-10 00:00:00+00:00,102305.40692308865
2025-04-10 04:00:00+00:00,102305.40692308865
2025-04-10 08:00:00+00:00,102305.40692308865
2025-04-10 12:00:00+00:00,102305.40692308865
2025-04-10 16:00:00+00:00,102305.40692308865
2025-04-10 20:00:00+00:00,102305.40692308865
2025-04-11 00:00:00+00:00,102305.40692308865
2025-04-11 04:00:00+00:00,102305.40692308865
2025-04-11 08:00:00+00:00,102305.40692308865
2025-04-11 12:00:00+00:00,102305.40692308865
2025-04-11 16:00:00+00:00,102305.40692308865
2025-04-11 20:00:00+00:00,102305.40692308865
2025-04-12 00:00:00+00:00,102305.40692308865
2025-04-12 04:00:00+00:00,102305.40692308865
2025-04-12 08:00:00+00:00,102305.40692308865
2025-04-12 12:00:00+00:00,102305.40692308865
2025-04-12 16:00:00+00:00,102305.40692308865
2025-04-12 20:00:00+00:00,102305.40692308865
2025-04-13 00:00:00+00:00,102305.40692308865
2025-04-13 04:00:00+00:00,102305.40692308865
2025-04-13 08:00:00+00:00,102305.40692308865
2025-04-13 12:00:00+00:00,102305.40692308865
2025-04-13 16:00:00+00:00,102305.40692308865
2025-04-13 20:00:00+00:00,102305.40692308865
2025-04-14 00:00:00+00:00,102305.40692308865
2025-04-14 04:00:00+00:00,102305.40692308865
2025-04-14 08:00:00+00:00,102305.40692308865
2025-04-14 12:00:00+00:00,102305.40692308865
2025-04-14 16:00:00+00:00,102305.40692308865
2025-04-14 20:00:00+00:00,102305.40692308865
2025-04-15 00:00:00+00:00,102305.40692308865
2025-04-15 04:00:00+00:00,102305.40692308865
2025-04-15 08:00:00+00:00,102305.40692308865
2025-04-15 12:00:00+00:00,102305.40692308865
2025-04-15 16:00:00+00:00,102305.40692308865
2025-04-15 20:00:00+00:00,102305.40692308865
2025-04-16 00:00:00+00:00,102305.40692308865
2025-04-16 04:00:00+00:00,102305.40692308865
2025-04-16 08:00:00+00:00,102305.40692308865
2025-04-16 12:00:00+00:00,102305.40692308865
2025-04-16 16:00:00+00:00,102305.40692308865
2025-04-16 20:00:00+00:00,102305.40692308865
2025-04-17 00:00:00+00:00,102305.40692308865
2025-04-17 04:00:00+00:00,102305.40692308865
2025-04-17 08:00:00+00:00,102305.40692308865
2025-04-17 12:00:00+00:00,102305.40692308865
2025-04-17 16:00:00+00:00,102305.40692308865
2025-04-17 20:00:00+00:00,102305.40692308865
2025-04-18 00:00:00+00:00,102305.40692308865
2025-04-18 04:00:00+00:00,102305.40692308865
2025-04-18 08:00:00+00:00,102305.40692308865
2025-04-18 12:00:00+00:00,102305.40692308865
2025-04-18 16:00:00+00:00,102305.40692308865
2025-04-18 20:00:00+00:00,102305.40692308865
2025-04-19 00:00:00+00:00,102305.40692308865
2025-04-19 04:00:00+00:00,102305.40692308865
2025-04-19 08:00:00+00:00,102305.40692308865
2025-04-19 12:00:00+00:00,102305.40692308865
2025-04-19 16:00:00+00:00,102305.40692308865
2025-04-19 20:00:00+00:00,102305.40692308865
2025-04-20 00:00:00+00:00,102305.40692308865
2025-04-20 04:00:00+00:00,102305.40692308865
2025-04-20 08:00:00+00:00,102305.40692308865
2025-04-20 12:00:00+00:00,102305.40692308865
2025-04-20 16:00:00+00:00,102305.40692308865
2025-04-20 20:00:00+00:00,102305.40692308865
2025-04-21 00:00:00+00:00,102305.40692308865
2025-04-21 04:00:00+00:00,102305.40692308865
2025-04-21 08:00:00+00:00,102305.40692308865
2025-04-21 12:00:00+00:00,102305.40692308865
2025-04-21 16:00:00+00:00,102305.40692308865
2025-04-21 20:00:00+00:00,102305.40692308865
2025-04-22 00:00:00+00:00,102305.40692308865
2025-04-22 04:00:00+00:00,102305.40692308865
2025-04-22 08:00:00+00:00,102305.40692308865
2025-04-22 12:00:00+00:00,102305.40692308865
2025-04-22 16:00:00+00:00,102305.40692308865
2025-04-22 20:00:00+00:00,102305.40692308865
2025-04-23 00:00:00+00:00,102305.40692308865
2025-04-23 04:00:00+00:00,102305.40692308865
2025-04-23 08:00:00+00:00,102305.40692308865
2025-04-23 12:00:00+00:00,102305.40692308865
2025-04-23 16:00:00+00:00,102305.40692308865
2025-04-23 20:00:00+00:00,102305.40692308865
2025-04-24 00:00:00+00:00,102305.40692308865
2025-04-24 04:00:00+00:00,102305.40692308865
2025-04-24 08:00:00+00:00,102305.40692308865
2025-04-24 12:00:00+00:00,102305.40692308865
2025-04-24 16:00:00+00:00,102305.40692308865
2025-04-24 20:00:00+00:00,102305.40692308865
2025-04-25 00:00:00+00:00,102305.40692308865
2025-04-25 04:00:00+00:00,102305.40692308865
2025-04-25 08:00:00+00:00,102305.40692308865
2025-04-25 12:00:00+00:00,102305.40692308865
2025-04-25 16:00:00+00:00,102305.40692308865
2025-04-25 20:00:00+00:00,102305.40692308865
2025-04-26 00:00:00+00:00,102305.40692308865
2025-04-26 04:00:00+00:00,102305.40692308865
2025-04-26 08:00:00+00:00,102305.40692308865
2025-04-26 12:00:00+00:00,102305.40692308865
2025-04-26 16:00:00+00:00,102305.40692308865
2025-04-26 20:00:00+00:00,102305.40692308865
2025-04-27 00:00:00+00:00,102305.40692308865
2025-04-27 04:00:00+00:00,102305.40692308865
2025-04-27 08:00:00+00:00,102305.40692308865
2025-04-27 12:00:00+00:00,102305.40692308865
2025-04-27 16:00:00+00:00,102305.40692308865
2025-04-27 20:00:00+00:00,102305.40692308865
2025-04-28 00:00:00+00:00,102305.40692308865
2025-04-28 04:00:00+00:00,102305.40692308865
2025-04-28 08:00:00+00:00,102305.40692308865
2025-04-28 12:00:00+00:00,102305.40692308865
2025-04-28 16:00:00+00:00,102305.40692308865
2025-04-28 20:00:00+00:00,102305.40692308865
2025-04-29 00:00:00+00:00,102305.40692308865
2025-04-29 04:00:00+00:00,102305.40692308865
2025-04-29 08:00:00+00:00,102305.40692308865
2025-04-29 12:00:00+00:00,102305.40692308865
2025-04-29 16:00:00+00:00,102305.40692308865
2025-04-29 20:00:00+00:00,102305.40692308865
2025-04-30 00:00:00+00:00,102305.40692308865
2025-04-30 04:00:00+00:00,102305.40692308865
2025-04-30 08:00:00+00:00,102305.40692308865
2025-04-30 12:00:00+00:00,102305.40692308865
2025-04-30 16:00:00+00:00,102305.40692308865
2025-04-30 20:00:00+00:00,102305.40692308865
2025-05-01 00:00:00+00:00,102305.40692308865
2025-05-01 04:00:00+00:00,102305.40692308865
2025-05-01 08:00:00+00:00,102305.40692308865
2025-05-01 12:00:00+00:00,102305.40692308865
2025-05-01 16:00:00+00:00,102305.40692308865
2025-05-01 20:00:00+00:00,102305.40692308865
2025-05-02 00:00:00+00:00,102305.40692308865
2025-05-02 04:00:00+00:00,102305.40692308865
2025-05-02 08:00:00+00:00,102305.40692308865
2025-05-02 12:00:00+00:00,102305.40692308865
2025-05-02 16:00:00+00:00,102305.40692308865
2025-05-02 20:00:00+00:00,102305.40692308865
2025-05-03 00:00:00+00:00,102305.40692308865
2025-05-03 04:00:00+00:00,102305.40692308865
2025-05-03 08:00:00+00:00,102305.40692308865
2025-05-03 12:00:00+00:00,102305.40692308865
2025-05-03 16:00:00+00:00,102305.40692308865
2025-05-03 20:00:00+00:00,102305.40692308865
2025-05-04 00:00:00+00:00,102305.40692308865
2025-05-04 04:00:00+00:00,102305.40692308865
2025-05-04 08:00:00+00:00,102305.40692308865
2025-05-04 12:00:00+00:00,102305.40692308865
2025-05-04 16:00:00+00:00,102305.40692308865
2025-05-04 20:00:00+00:00,102305.40692308865
2025-05-05 00:00:00+00:00,102305.40692308865
2025-05-05 04:00:00+00:00,102305.40692308865
2025-05-05 08:00:00+00:00,102305.40692308865
2025-05-05 12:00:00+00:00,102305.40692308865
2025-05-05 16:00:00+00:00,102305.40692308865
2025-05-05 20:00:00+00:00,102305.40692308865
2025-05-06 00:00:00+00:00,102305.40692308865
2025-05-06 04:00:00+00:00,102305.40692308865
2025-05-06 08:00:00+00:00,102305.40692308865
2025-05-06 12:00:00+00:00,102305.40692308865
2025-05-06 16:00:00+00:00,102305.40692308865
2025-05-06 20:00:00+00:00,102305.40692308865
2025-05-07 00:00:00+00:00,102305.40692308865
2025-05-07 04:00:00+00:00,102305.40692308865
2025-05-07 08:00:00+00:00,102305.40692308865
2025-05-07 12:00:00+00:00,102305.40692308865
2025-05-07 16:00:00+00:00,102305.40692308865
2025-05-07 20:00:00+00:00,102305.40692308865
2025-05-08 00:00:00+00:00,102305.40692308865
2025-05-08 04:00:00+00:00,102305.40692308865
2025-05-08 08:00:00+00:00,102305.40692308865
2025-05-08 12:00:00+00:00,102305.40692308865
2025-05-08 16:00:00+00:00,102305.40692308865
2025-05-08 20:00:00+00:00,102305.40692308865
2025-05-09 00:00:00+00:00,102305.40692308865
2025-05-09 04:00:00+00:00,102305.40692308865
2025-05-09 08:00:00+00:00,102305.40692308865
2025-05-09 12:00:00+00:00,102305.40692308865
2025-05-09 16:00:00+00:00,102305.40692308865
2025-05-09 20:00:00+00:00,102305.40692308865
2025-05-10 00:00:00+00:00,102305.40692308865
2025-05-10 04:00:00+00:00,102305.40692308865
2025-05-10 08:00:00+00:00,102305.40692308865
2025-05-10 12:00:00+00:00,102305.40692308865
2025-05-10 16:00:00+00:00,102305.40692308865
2025-05-10 20:00:00+00:00,102305.40692308865
2025-05-11 00:00:00+00:00,102305.40692308865
2025-05-11 04:00:00+00:00,102305.40692308865
2025-05-11 08:00:00+00:00,102305.40692308865
2025-05-11 12:00:00+00:00,102305.40692308865
2025-05-11 16:00:00+00:00,102305.40692308865
2025-05-11 20:00:00+00:00,102305.40692308865
2025-05-12 00:00:00+00:00,102305.40692308865
2025-05-12 04:00:00+00:00,102305.40692308865
2025-05-12 08:00:00+00:00,102305.40692308865
2025-05-12 12:00:00+00:00,102305.40692308865
2025-05-12 16:00:00+00:00,102305.40692308865
2025-05-12 20:00:00+00:00,102305.40692308865
2025-05-13 00:00:00+00:00,102305.40692308865
2025-05-13 04:00:00+00:00,102305.40692308865
2025-05-13 08:00:00+00:00,102305.40692308865
2025-05-13 12:00:00+00:00,102305.40692308865
2025-05-13 16:00:00+00:00,102305.40692308865
2025-05-13 20:00:00+00:00,102305.40692308865
2025-05-14 00:00:00+00:00,102305.40692308865
2025-05-14 04:00:00+00:00,102305.40692308865
2025-05-14 08:00:00+00:00,102305.40692308865
2025-05-14 12:00:00+00:00,102305.40692308865
2025-05-14 16:00:00+00:00,102305.40692308865
2025-05-14 20:00:00+00:00,102305.40692308865
2025-05-15 00:00:00+00:00,102305.40692308865
2025-05-15 04:00:00+00:00,102305.40692308865
2025-05-15 08:00:00+00:00,102305.40692308865
2025-05-15 12:00:00+00:00,102305.40692308865
2025-05-15 16:00:00+00:00,102305.40692308865
2025-05-15 20:00:00+00:00,102305.40692308865
2025-05-16 00:00:00+00:00,102305.40692308865
2025-05-16 04:00:00+00:00,102305.40692308865
2025-05-16 08:00:00+00:00,102305.40692308865
2025-05-16 12:00:00+00:00,102305.40692308865
2025-05-16 16:00:00+00:00,102305.40692308865
2025-05-16 20:00:00+00:00,102305.40692308865
2025-05-17 00:00:00+00:00,102305.40692308865
2025-05-17 04:00:00+00:00,102305.40692308865
2025-05-17 08:00:00+00:00,102305.40692308865
2025-05-17 12:00:00+00:00,102305.40692308865
2025-05-17 16:00:00+00:00,102305.40692308865
2025-05-17 20:00:00+00:00,102305.40692308865
2025-05-18 00:00:00+00:00,102305.40692308865
2025-05-18 04:00:00+00:00,102305.40692308865
2025-05-18 08:00:00+00:00,102305.40692308865
2025-05-18 12:00:00+00:00,102305.40692308865
2025-05-18 16:00:00+00:00,102305.40692308865
2025-05-18 20:00:00+00:00,102305.40692308865
2025-05-19 00:00:00+00:00,102305.40692308865
2025-05-19 04:00:00+00:00,102305.40692308865
2025-05-19 08:00:00+00:00,102305.40692308865
2025-05-19 12:00:00+00:00,102305.40692308865
2025-05-19 16:00:00+00:00,102305.40692308865
2025-05-19 20:00:00+00:00,102305.40692308865
2025-05-20 00:00:00+00:00,102305.40692308865
2025-05-20 04:00:00+00:00,102305.40692308865
2025-05-20 08:00:00+00:00,102305.40692308865
2025-05-20 12:00:00+00:00,102305.40692308865
2025-05-20 16:00:00+00:00,102305.40692308865
2025-05-20 20:00:00+00:00,102305.40692308865
2025-05-21 00:00:00+00:00,102305.40692308865
2025-05-21 04:00:00+00:00,102305.40692308865
2025-05-21 08:00:00+00:00,102305.40692308865
2025-05-21 12:00:00+00:00,102305.40692308865
2025-05-21 16:00:00+00:00,102305.40692308865
2025-05-21 20:00:00+00:00,102305.40692308865
2025-05-22 00:00:00+00:00,102305.40692308865
2025-05-22 04:00:00+00:00,102305.40692308865
2025-05-22 08:00:00+00:00,102305.40692308865
2025-05-22 12:00:00+00:00,102305.40692308865
2025-05-22 16:00:00+00:00,102305.40692308865
2025-05-22 20:00:00+00:00,102305.40692308865
2025-05-23 00:00:00+00:00,102305.40692308865
2025-05-23 04:00:00+00:00,102305.40692308865
2025-05-23 08:00:00+00:00,102305.40692308865
2025-05-23 12:00:00+00:00,102305.40692308865
2025-05-23 16:00:00+00:00,102305.40692308865
2025-05-23 20:00:00+00:00,102305.40692308865
2025-05-24 00:00:00+00:00,102305.40692308865
2025-05-24 04:00:00+00:00,102305.40692308865
2025-05-24 08:00:00+00:00,102305.40692308865
2025-05-24 12:00:00+00:00,102305.40692308865
2025-05-24 16:00:00+00:00,102305.40692308865
2025-05-24 20:00:00+00:00,102305.40692308865
2025-05-25 00:00:00+00:00,102305.40692308865
2025-05-25 04:00:00+00:00,102305.40692308865
2025-05-25 08:00:00+00:00,102305.40692308865
2025-05-25 12:00:00+00:00,102305.40692308865
2025-05-25 16:00:00+00:00,102305.40692308865
2025-05-25 20:00:00+00:00,102305.40692308865
2025-05-26 00:00:00+00:00,102305.40692308865
2025-05-26 04:00:00+00:00,102305.40692308865
2025-05-26 08:00:00+00:00,102305.40692308865
2025-05-26 12:00:00+00:00,102305.40692308865
2025-05-26 16:00:00+00:00,102305.40692308865
2025-05-26 20:00:00+00:00,102305.40692308865
2025-05-27 00:00:00+00:00,102305.40692308865
2025-05-27 04:00:00+00:00,102305.40692308865
2025-05-27 08:00:00+00:00,102305.40692308865
2025-05-27 12:00:00+00:00,102305.40692308865
2025-05-27 16:00:00+00:00,102305.40692308865
2025-05-27 20:00:00+00:00,102305.40692308865
2025-05-28 00:00:00+00:00,102305.40692308865
2025-05-28 04:00:00+00:00,102305.40692308865
2025-05-28 08:00:00+00:00,102305.40692308865
2025-05-28 12:00:00+00:00,102305.40692308865
2025-05-28 16:00:00+00:00,102305.40692308865
2025-05-28 20:00:00+00:00,102305.40692308865
2025-05-29 00:00:00+00:00,102305.40692308865
2025-05-29 04:00:00+00:00,102305.40692308865
2025-05-29 08:00:00+00:00,102305.40692308865
2025-05-29 12:00:00+00:00,102305.40692308865
2025-05-29 16:00:00+00:00,102305.40692308865
2025-05-29 20:00:00+00:00,102305.40692308865
2025-05-30 00:00:00+00:00,102305.40692308865
2025-05-30 04:00:00+00:00,102305.40692308865
2025-05-30 08:00:00+00:00,102305.40692308865
2025-05-30 12:00:00+00:00,102305.40692308865
2025-05-30 16:00:00+00:00,102305.40692308865
2025-05-30 20:00:00+00:00,102305.40692308865
2025-05-31 00:00:00+00:00,102305.40692308865
2025-05-31 04:00:00+00:00,102305.40692308865
2025-05-31 08:00:00+00:00,102305.40692308865
2025-05-31 12:00:00+00:00,102305.40692308865
2025-05-31 16:00:00+00:00,102305.40692308865
2025-05-31 20:00:00+00:00,102305.40692308865
2025-06-01 00:00:00+00:00,102305.40692308865
2025-06-01 04:00:00+00:00,102305.40692308865
2025-06-01 08:00:00+00:00,102305.40692308865
2025-06-01 12:00:00+00:00,102305.40692308865
2025-06-01 16:00:00+00:00,102305.40692308865
2025-06-01 20:00:00+00:00,102305.40692308865
2025-06-02 00:00:00+00:00,102305.40692308865
2025-06-02 04:00:00+00:00,102305.40692308865
2025-06-02 08:00:00+00:00,102305.40692308865
2025-06-02 12:00:00+00:00,102305.40692308865
2025-06-02 16:00:00+00:00,102305.40692308865
2025-06-02 20:00:00+00:00,102305.40692308865
2025-06-03 00:00:00+00:00,102305.40692308865
2025-06-03 04:00:00+00:00,102305.40692308865
2025-06-03 08:00:00+00:00,102305.40692308865
2025-06-03 12:00:00+00:00,102305.40692308865
2025-06-03 16:00:00+00:00,102305.40692308865
2025-06-03 20:00:00+00:00,102305.40692308865
2025-06-04 00:00:00+00:00,102305.40692308865
2025-06-04 04:00:00+00:00,102305.40692308865
2025-06-04 08:00:00+00:00,102305.40692308865
2025-06-04 12:00:00+00:00,102305.40692308865
2025-06-04 16:00:00+00:00,102305.40692308865
2025-06-04 20:00:00+00:00,102305.40692308865
2025-06-05 00:00:00+00:00,102305.40692308865
2025-06-05 04:00:00+00:00,102305.40692308865
2025-06-05 08:00:00+00:00,102305.40692308865
2025-06-05 12:00:00+00:00,102305.40692308865
2025-06-05 16:00:00+00:00,102305.40692308865
2025-06-05 20:00:00+00:00,102305.40692308865
2025-06-06 00:00:00+00:00,102399.26541396158
2025-06-06 04:00:00+00:00,102464.88147554199
2025-06-06 08:00:00+00:00,102546.09256581441
2025-06-06 12:00:00+00:00,102656.3185780162
2025-06-06 16:00:00+00:00,102654.74570947814
2025-06-06 20:00:00+00:00,102654.74570947814
2025-06-07 00:00:00+00:00,102654.74570947814
2025-06-07 04:00:00+00:00,102654.74570947814
2025-06-07 08:00:00+00:00,102654.74570947814
2025-06-07 12:00:00+00:00,102654.74570947814
2025-06-07 16:00:00+00:00,102654.74570947814
2025-06-07 20:00:00+00:00,102654.74570947814
2025-06-08 00:00:00+00:00,102654.74570947814
2025-06-08 04:00:00+00:00,102654.74570947814
2025-06-08 08:00:00+00:00,102654.74570947814
2025-06-08 12:00:00+00:00,102654.74570947814
2025-06-08 16:00:00+00:00,102654.74570947814
2025-06-08 20:00:00+00:00,102654.74570947814
2025-06-09 00:00:00+00:00,102654.74570947814
2025-06-09 04:00:00+00:00,102654.74570947814
2025-06-09 08:00:00+00:00,102654.74570947814
2025-06-09 12:00:00+00:00,102654.74570947814
2025-06-09 16:00:00+00:00,102654.74570947814
2025-06-09 20:00:00+00:00,102654.74570947814
2025-06-10 00:00:00+00:00,102654.74570947814
2025-06-10 04:00:00+00:00,102654.74570947814
2025-06-10 08:00:00+00:00,102654.74570947814
2025-06-10 12:00:00+00:00,102654.74570947814
2025-06-10 16:00:00+00:00,102654.74570947814
2025-06-10 20:00:00+00:00,102654.74570947814
2025-06-11 00:00:00+00:00,102654.74570947814
2025-06-11 04:00:00+00:00,102654.74570947814
2025-06-11 08:00:00+00:00,102654.74570947814
2025-06-11 12:00:00+00:00,102654.74570947814
2025-06-11 16:00:00+00:00,102654.74570947814
2025-06-11 20:00:00+00:00,102654.74570947814
2025-06-12 00:00:00+00:00,102654.74570947814
2025-06-12 04:00:00+00:00,102654.74570947814
2025-06-12 08:00:00+00:00,102654.74570947814
2025-06-12 12:00:00+00:00,102654.74570947814
2025-06-12 16:00:00+00:00,102654.74570947814
2025-06-12 20:00:00+00:00,102654.74570947814
2025-06-13 00:00:00+00:00,102654.74570947814
2025-06-13 04:00:00+00:00,102654.74570947814
2025-06-13 08:00:00+00:00,102654.74570947814
2025-06-13 12:00:00+00:00,102654.74570947814
2025-06-13 16:00:00+00:00,102654.74570947814
2025-06-13 20:00:00+00:00,102654.74570947814
2025-06-14 00:00:00+00:00,102654.74570947814
2025-06-14 04:00:00+00:00,102654.74570947814
2025-06-14 08:00:00+00:00,102654.74570947814
2025-06-14 12:00:00+00:00,102654.74570947814
2025-06-14 16:00:00+00:00,102654.74570947814
2025-06-14 20:00:00+00:00,102654.74570947814
2025-06-15 00:00:00+00:00,102654.74570947814
2025-06-15 04:00:00+00:00,102654.74570947814
2025-06-15 08:00:00+00:00,102654.74570947814
2025-06-15 12:00:00+00:00,102654.74570947814
2025-06-15 16:00:00+00:00,102654.74570947814
2025-06-15 20:00:00+00:00,102654.74570947814
2025-06-16 00:00:00+00:00,102654.74570947814
2025-06-16 04:00:00+00:00,102654.74570947814
2025-06-16 08:00:00+00:00,102654.74570947814
2025-06-16 12:00:00+00:00,102654.74570947814
2025-06-16 16:00:00+00:00,102654.74570947814
2025-06-16 20:00:00+00:00,102654.74570947814
2025-06-17 00:00:00+00:00,102654.74570947814
2025-06-17 04:00:00+00:00,102654.74570947814
2025-06-17 08:00:00+00:00,102654.74570947814
2025-06-17 12:00:00+00:00,102654.74570947814
2025-06-17 16:00:00+00:00,102654.74570947814
2025-06-17 20:00:00+00:00,102654.74570947814
2025-06-18 00:00:00+00:00,102654.74570947814
2025-06-18 04:00:00+00:00,102654.74570947814
2025-06-18 08:00:00+00:00,102654.74570947814
2025-06-18 12:00:00+00:00,102654.74570947814
2025-06-18 16:00:00+00:00,102654.74570947814
2025-06-18 20:00:00+00:00,102654.74570947814
2025-06-19 00:00:00+00:00,102654.74570947814
2025-06-19 04:00:00+00:00,102654.74570947814
2025-06-19 08:00:00+00:00,102654.74570947814
2025-06-19 12:00:00+00:00,102654.74570947814
2025-06-19 16:00:00+00:00,102654.74570947814
2025-06-19 20:00:00+00:00,102654.74570947814
2025-06-20 00:00:00+00:00,102654.74570947814
2025-06-20 04:00:00+00:00,102654.74570947814
2025-06-20 08:00:00+00:00,102654.74570947814
2025-06-20 12:00:00+00:00,102654.74570947814
2025-06-20 16:00:00+00:00,102654.74570947814
2025-06-20 20:00:00+00:00,102654.74570947814
2025-06-21 00:00:00+00:00,102654.74570947814
2025-06-21 04:00:00+00:00,102654.74570947814
2025-06-21 08:00:00+00:00,102654.74570947814
2025-06-21 12:00:00+00:00,102654.74570947814
2025-06-21 16:00:00+00:00,102654.74570947814
2025-06-21 20:00:00+00:00,102654.74570947814
2025-06-22 00:00:00+00:00,102654.74570947814
2025-06-22 04:00:00+00:00,102654.74570947814
2025-06-22 08:00:00+00:00,102654.74570947814
2025-06-22 12:00:00+00:00,102654.74570947814
2025-06-22 16:00:00+00:00,102644.21673289545
2025-06-22 20:00:00+00:00,102859.20342450612
2025-06-23 00:00:00+00:00,102876.84258106006
2025-06-23 04:00:00+00:00,102960.83339376688
2025-06-23 08:00:00+00:00,102897.24588347726
2025-06-23 12:00:00+00:00,102912.60873228277
2025-06-23 16:00:00+00:00,103098.88347664014
2025-06-23 20:00:00+00:00,103084.97064901819
2025-06-24 00:00:00+00:00,103084.97064901819
2025-06-24 04:00:00+00:00,103084.97064901819
2025-06-24 08:00:00+00:00,103084.97064901819
2025-06-24 12:00:00+00:00,103084.97064901819
2025-06-24 16:00:00+00:00,103084.97064901819
2025-06-24 20:00:00+00:00,103084.97064901819
2025-06-25 00:00:00+00:00,103084.97064901819
2025-06-25 04:00:00+00:00,103084.97064901819
2025-06-25 08:00:00+00:00,103084.97064901819
2025-06-25 12:00:00+00:00,103084.97064901819
2025-06-25 16:00:00+00:00,103084.97064901819
2025-06-25 20:00:00+00:00,103084.97064901819
2025-06-26 00:00:00+00:00,103084.97064901819
2025-06-26 04:00:00+00:00,103084.97064901819
2025-06-26 08:00:00+00:00,103084.97064901819
2025-06-26 12:00:00+00:00,103084.97064901819
2025-06-26 16:00:00+00:00,103084.97064901819
2025-06-26 20:00:00+00:00,103084.97064901819
2025-06-27 00:00:00+00:00,103084.97064901819
2025-06-27 04:00:00+00:00,103084.97064901819
2025-06-27 08:00:00+00:00,103084.97064901819
2025-06-27 12:00:00+00:00,103084.97064901819
2025-06-27 16:00:00+00:00,103084.97064901819
2025-06-27 20:00:00+00:00,103084.97064901819
2025-06-28 00:00:00+00:00,103084.97064901819
2025-06-28 04:00:00+00:00,103084.97064901819
2025-06-28 08:00:00+00:00,103084.97064901819
2025-06-28 12:00:00+00:00,103084.97064901819
2025-06-28 16:00:00+00:00,103084.97064901819
2025-06-28 20:00:00+00:00,103084.97064901819
2025-06-29 00:00:00+00:00,103084.97064901819
2025-06-29 04:00:00+00:00,103084.97064901819
2025-06-29 08:00:00+00:00,103084.97064901819
2025-06-29 12:00:00+00:00,103084.97064901819
2025-06-29 16:00:00+00:00,103084.97064901819
2025-06-29 20:00:00+00:00,103084.97064901819
2025-06-30 00:00:00+00:00,103084.97064901819
2025-06-30 04:00:00+00:00,103084.97064901819
2025-06-30 08:00:00+00:00,103084.97064901819
2025-06-30 12:00:00+00:00,103084.97064901819
2025-06-30 16:00:00+00:00,103084.97064901819
2025-06-30 20:00:00+00:00,103084.97064901819
2025-07-01 00:00:00+00:00,103084.97064901819
2025-07-01 04:00:00+00:00,103084.97064901819
2025-07-01 08:00:00+00:00,103084.97064901819
2025-07-01 12:00:00+00:00,103084.97064901819
2025-07-01 16:00:00+00:00,103084.97064901819
2025-07-01 20:00:00+00:00,103084.97064901819
2025-07-02 00:00:00+00:00,103084.97064901819
2025-07-02 04:00:00+00:00,103084.97064901819
2025-07-02 08:00:00+00:00,103084.97064901819
2025-07-02 12:00:00+00:00,103084.97064901819
2025-07-02 16:00:00+00:00,103084.97064901819
2025-07-02 20:00:00+00:00,103084.97064901819
2025-07-03 00:00:00+00:00,103084.97064901819
2025-07-03 04:00:00+00:00,103084.97064901819
2025-07-03 08:00:00+00:00,103084.97064901819
2025-07-03 12:00:00+00:00,103084.97064901819
2025-07-03 16:00:00+00:00,103084.97064901819
2025-07-03 20:00:00+00:00,103084.97064901819
2025-07-04 00:00:00+00:00,103084.97064901819
2025-07-04 04:00:00+00:00,103084.97064901819
2025-07-04 08:00:00+00:00,103084.97064901819
2025-07-04 12:00:00+00:00,103084.97064901819
2025-07-04 16:00:00+00:00,103084.97064901819
2025-07-04 20:00:00+00:00,103084.97064901819
2025-07-05 00:00:00+00:00,103084.97064901819
2025-07-05 04:00:00+00:00,103084.97064901819
2025-07-05 08:00:00+00:00,103084.97064901819
2025-07-05 12:00:00+00:00,103084.97064901819
2025-07-05 16:00:00+00:00,103084.97064901819
2025-07-05 20:00:00+00:00,103084.97064901819
2025-07-06 00:00:00+00:00,103084.97064901819
2025-07-06 04:00:00+00:00,103084.97064901819
2025-07-06 08:00:00+00:00,103084.97064901819
2025-07-06 12:00:00+00:00,103084.97064901819
2025-07-06 16:00:00+00:00,103084.97064901819
2025-07-06 20:00:00+00:00,103084.97064901819
2025-07-07 00:00:00+00:00,103084.97064901819
2025-07-07 04:00:00+00:00,103084.97064901819
2025-07-07 08:00:00+00:00,103084.97064901819
2025-07-07 12:00:00+00:00,103084.97064901819
2025-07-07 16:00:00+00:00,103084.97064901819
2025-07-07 20:00:00+00:00,103084.97064901819
2025-07-08 00:00:00+00:00,103084.97064901819
2025-07-08 04:00:00+00:00,103084.97064901819
2025-07-08 08:00:00+00:00,103084.97064901819
2025-07-08 12:00:00+00:00,103084.97064901819
2025-07-08 16:00:00+00:00,103084.97064901819
2025-07-08 20:00:00+00:00,103084.97064901819
2025-07-09 00:00:00+00:00,103084.97064901819
2025-07-09 04:00:00+00:00,103084.97064901819
2025-07-09 08:00:00+00:00,103084.97064901819
2025-07-09 12:00:00+00:00,103084.97064901819
2025-07-09 16:00:00+00:00,103084.97064901819
2025-07-09 20:00:00+00:00,103084.97064901819
2025-07-10 00:00:00+00:00,103084.97064901819
2025-07-10 04:00:00+00:00,103084.97064901819
2025-07-10 08:00:00+00:00,103084.97064901819
2025-07-10 12:00:00+00:00,103084.97064901819
2025-07-10 16:00:00+00:00,103084.97064901819
2025-07-10 20:00:00+00:00,103084.97064901819
2025-07-11 00:00:00+00:00,103084.97064901819
2025-07-11 04:00:00+00:00,103084.97064901819
2025-07-11 08:00:00+00:00,103084.97064901819
2025-07-11 12:00:00+00:00,103084.97064901819
2025-07-11 16:00:00+00:00,103084.97064901819
2025-07-11 20:00:00+00:00,103084.97064901819
2025-07-12 00:00:00+00:00,103084.97064901819
2025-07-12 04:00:00+00:00,103084.97064901819
2025-07-12 08:00:00+00:00,103084.97064901819
2025-07-12 12:00:00+00:00,103084.97064901819
2025-07-12 16:00:00+00:00,103084.97064901819
2025-07-12 20:00:00+00:00,103084.97064901819
2025-07-13 00:00:00+00:00,103084.97064901819
2025-07-13 04:00:00+00:00,103084.97064901819
2025-07-13 08:00:00+00:00,103084.97064901819
2025-07-13 12:00:00+00:00,103084.97064901819
2025-07-13 16:00:00+00:00,103084.97064901819
2025-07-13 20:00:00+00:00,103084.97064901819
2025-07-14 00:00:00+00:00,103084.97064901819
2025-07-14 04:00:00+00:00,103084.97064901819
2025-07-14 08:00:00+00:00,103084.97064901819
2025-07-14 12:00:00+00:00,103084.97064901819
2025-07-14 16:00:00+00:00,103084.97064901819
2025-07-14 20:00:00+00:00,103084.97064901819
2025-07-15 00:00:00+00:00,103084.97064901819
2025-07-15 04:00:00+00:00,103084.97064901819
2025-07-15 08:00:00+00:00,103084.97064901819
2025-07-15 12:00:00+00:00,103084.97064901819
2025-07-15 16:00:00+00:00,103084.97064901819
2025-07-15 20:00:00+00:00,103084.97064901819
2025-07-16 00:00:00+00:00,103084.97064901819
2025-07-16 04:00:00+00:00,103084.97064901819
2025-07-16 08:00:00+00:00,103084.97064901819
2025-07-16 12:00:00+00:00,103084.97064901819
2025-07-16 16:00:00+00:00,103084.97064901819
2025-07-16 20:00:00+00:00,103084.97064901819
2025-07-17 00:00:00+00:00,103084.97064901819
2025-07-17 04:00:00+00:00,103084.97064901819
2025-07-17 08:00:00+00:00,103084.97064901819
2025-07-17 12:00:00+00:00,103084.97064901819
2025-07-17 16:00:00+00:00,103084.97064901819
2025-07-17 20:00:00+00:00,103084.97064901819
2025-07-18 00:00:00+00:00,103084.97064901819
2025-07-18 04:00:00+00:00,103084.97064901819
2025-07-18 08:00:00+00:00,103084.97064901819
2025-07-18 12:00:00+00:00,103084.97064901819
2025-07-18 16:00:00+00:00,103084.97064901819
2025-07-18 20:00:00+00:00,103084.97064901819
2025-07-19 00:00:00+00:00,103084.97064901819
2025-07-19 04:00:00+00:00,103084.97064901819
2025-07-19 08:00:00+00:00,103084.97064901819
2025-07-19 12:00:00+00:00,103084.97064901819
2025-07-19 16:00:00+00:00,103084.97064901819
2025-07-19 20:00:00+00:00,103084.97064901819
2025-07-20 00:00:00+00:00,103084.97064901819
2025-07-20 04:00:00+00:00,103084.97064901819
2025-07-20 08:00:00+00:00,103084.97064901819
2025-07-20 12:00:00+00:00,103084.97064901819
2025-07-20 16:00:00+00:00,103084.97064901819
2025-07-20 20:00:00+00:00,103084.97064901819
2025-07-21 00:00:00+00:00,103084.97064901819
2025-07-21 04:00:00+00:00,103084.97064901819
2025-07-21 08:00:00+00:00,103084.97064901819
2025-07-21 12:00:00+00:00,103084.97064901819
2025-07-21 16:00:00+00:00,103084.97064901819
2025-07-21 20:00:00+00:00,103084.97064901819
2025-07-22 00:00:00+00:00,103084.97064901819
2025-07-22 04:00:00+00:00,103084.97064901819
2025-07-22 08:00:00+00:00,103084.97064901819
2025-07-22 12:00:00+00:00,103084.97064901819
2025-07-22 16:00:00+00:00,103084.97064901819
2025-07-22 20:00:00+00:00,103084.97064901819
2025-07-23 00:00:00+00:00,103084.97064901819
2025-07-23 04:00:00+00:00,103084.97064901819
2025-07-23 08:00:00+00:00,103084.97064901819
2025-07-23 12:00:00+00:00,103084.97064901819
2025-07-23 16:00:00+00:00,103084.97064901819
2025-07-23 20:00:00+00:00,103084.97064901819
2025-07-24 00:00:00+00:00,103084.97064901819
2025-07-24 04:00:00+00:00,103084.97064901819
2025-07-24 08:00:00+00:00,103084.97064901819
2025-07-24 12:00:00+00:00,103084.97064901819
2025-07-24 16:00:00+00:00,103084.97064901819
2025-07-24 20:00:00+00:00,103084.97064901819
2025-07-25 00:00:00+00:00,103084.97064901819
2025-07-25 04:00:00+00:00,103084.97064901819
2025-07-25 08:00:00+00:00,103084.97064901819
2025-07-25 12:00:00+00:00,103084.97064901819
2025-07-25 16:00:00+00:00,103084.97064901819
2025-07-25 20:00:00+00:00,103084.97064901819
2025-07-26 00:00:00+00:00,103084.97064901819
2025-07-26 04:00:00+00:00,103084.97064901819
2025-07-26 08:00:00+00:00,103084.97064901819
2025-07-26 12:00:00+00:00,103084.97064901819
2025-07-26 16:00:00+00:00,103084.97064901819
2025-07-26 20:00:00+00:00,103084.97064901819
2025-07-27 00:00:00+00:00,103084.97064901819
2025-07-27 04:00:00+00:00,103084.97064901819
2025-07-27 08:00:00+00:00,103084.97064901819
2025-07-27 12:00:00+00:00,103084.97064901819
2025-07-27 16:00:00+00:00,103084.97064901819
2025-07-27 20:00:00+00:00,103084.97064901819
2025-07-28 00:00:00+00:00,103084.97064901819
2025-07-28 04:00:00+00:00,103084.97064901819
2025-07-28 08:00:00+00:00,103084.97064901819
2025-07-28 12:00:00+00:00,103084.97064901819
2025-07-28 16:00:00+00:00,103084.97064901819
2025-07-28 20:00:00+00:00,103084.97064901819
2025-07-29 00:00:00+00:00,103084.97064901819
2025-07-29 04:00:00+00:00,103084.97064901819
2025-07-29 08:00:00+00:00,103084.97064901819
2025-07-29 12:00:00+00:00,103084.97064901819
2025-07-29 16:00:00+00:00,103084.97064901819
2025-07-29 20:00:00+00:00,103084.97064901819
2025-07-30 00:00:00+00:00,103084.97064901819
2025-07-30 04:00:00+00:00,103084.97064901819
2025-07-30 08:00:00+00:00,103084.97064901819
2025-07-30 12:00:00+00:00,103084.97064901819
2025-07-30 16:00:00+00:00,103084.97064901819
2025-07-30 20:00:00+00:00,103084.97064901819
2025-07-31 00:00:00+00:00,103084.97064901819
2025-07-31 04:00:00+00:00,103084.97064901819
2025-07-31 08:00:00+00:00,103084.97064901819
2025-07-31 12:00:00+00:00,103084.97064901819
2025-07-31 16:00:00+00:00,103084.97064901819
2025-07-31 20:00:00+00:00,103084.97064901819
2025-08-01 00:00:00+00:00,103084.97064901819
2025-08-01 04:00:00+00:00,103084.97064901819
2025-08-01 08:00:00+00:00,103084.97064901819
2025-08-01 12:00:00+00:00,103084.97064901819
2025-08-01 16:00:00+00:00,103084.97064901819
2025-08-01 20:00:00+00:00,103084.78646846038
2025-08-02 00:00:00+00:00,103132.25327054164
2025-08-02 04:00:00+00:00,103143.95607912571
2025-08-02 08:00:00+00:00,103123.45785513456
2025-08-02 12:00:00+00:00,103043.78859842227
2025-08-02 16:00:00+00:00,102989.38642998041
2025-08-02 20:00:00+00:00,103012.46995149946
2025-08-03 00:00:00+00:00,103113.14297305612
2025-08-03 04:00:00+00:00,103116.49049251743
2025-08-03 08:00:00+00:00,103136.25777980377
2025-08-03 12:00:00+00:00,103141.78459984896
2025-08-03 16:00:00+00:00,103173.60949865294
2025-08-03 20:00:00+00:00,103167.01826980706
2025-08-04 00:00:00+00:00,103201.796778603
2025-08-04 04:00:00+00:00,103211.0884915003
2025-08-04 08:00:00+00:00,103190.6251078774
2025-08-04 12:00:00+00:00,103223.93818812411
2025-08-04 16:00:00+00:00,103217.97524983191
2025-08-04 20:00:00+00:00,103217.97524983191
2025-08-05 00:00:00+00:00,103217.97524983191
2025-08-05 04:00:00+00:00,103217.97524983191
2025-08-05 08:00:00+00:00,103217.97524983191
2025-08-05 12:00:00+00:00,103217.97524983191
2025-08-05 16:00:00+00:00,103217.97524983191
2025-08-05 20:00:00+00:00,103217.97524983191
2025-08-06 00:00:00+00:00,103217.97524983191
2025-08-06 04:00:00+00:00,103217.97524983191
2025-08-06 08:00:00+00:00,103217.97524983191
2025-08-06 12:00:00+00:00,103217.97524983191
2025-08-06 16:00:00+00:00,103217.97524983191
2025-08-06 20:00:00+00:00,103217.97524983191
2025-08-07 00:00:00+00:00,103217.97524983191
2025-08-07 04:00:00+00:00,103217.97524983191
2025-08-07 08:00:00+00:00,103217.97524983191
2025-08-07 12:00:00+00:00,103217.97524983191
2025-08-07 16:00:00+00:00,103217.97524983191
2025-08-07 20:00:00+00:00,103217.97524983191
2025-08-08 00:00:00+00:00,103217.97524983191
2025-08-08 04:00:00+00:00,103217.97524983191
2025-08-08 08:00:00+00:00,103217.97524983191
2025-08-08 12:00:00+00:00,103217.97524983191
2025-08-08 16:00:00+00:00,103217.97524983191
2025-08-08 20:00:00+00:00,103217.97524983191
2025-08-09 00:00:00+00:00,103217.97524983191
2025-08-09 04:00:00+00:00,103217.97524983191
2025-08-09 08:00:00+00:00,103217.97524983191
2025-08-09 12:00:00+00:00,103217.97524983191
2025-08-09 16:00:00+00:00,103217.97524983191
2025-08-09 20:00:00+00:00,103217.97524983191
2025-08-10 00:00:00+00:00,103217.97524983191
2025-08-10 04:00:00+00:00,103217.97524983191
2025-08-10 08:00:00+00:00,103217.97524983191
2025-08-10 12:00:00+00:00,103217.97524983191
2025-08-10 16:00:00+00:00,103217.97524983191
2025-08-10 20:00:00+00:00,103217.97524983191
2025-08-11 00:00:00+00:00,103217.97524983191
2025-08-11 04:00:00+00:00,103217.97524983191
2025-08-11 08:00:00+00:00,103217.97524983191
2025-08-11 12:00:00+00:00,103217.97524983191
2025-08-11 16:00:00+00:00,103217.97524983191
2025-08-11 20:00:00+00:00,103217.97524983191
2025-08-12 00:00:00+00:00,103217.97524983191
2025-08-12 04:00:00+00:00,103217.97524983191
2025-08-12 08:00:00+00:00,103217.97524983191
2025-08-12 12:00:00+00:00,103217.97524983191
2025-08-12 16:00:00+00:00,103217.97524983191
2025-08-12 20:00:00+00:00,103217.97524983191
2025-08-13 00:00:00+00:00,103217.97524983191
2025-08-13 04:00:00+00:00,103217.97524983191
2025-08-13 08:00:00+00:00,103217.97524983191
2025-08-13 12:00:00+00:00,103217.97524983191
2025-08-13 16:00:00+00:00,103217.97524983191
2025-08-13 20:00:00+00:00,103217.97524983191
2025-08-14 00:00:00+00:00,103217.97524983191
2025-08-14 04:00:00+00:00,103217.97524983191
2025-08-14 08:00:00+00:00,103217.97524983191
2025-08-14 12:00:00+00:00,103217.97524983191
2025-08-14 16:00:00+00:00,103217.97524983191
2025-08-14 20:00:00+00:00,103217.97524983191
2025-08-15 00:00:00+00:00,103217.97524983191
2025-08-15 04:00:00+00:00,103217.97524983191
2025-08-15 08:00:00+00:00,103217.97524983191
2025-08-15 12:00:00+00:00,103217.97524983191
2025-08-15 16:00:00+00:00,103217.97524983191
2025-08-15 20:00:00+00:00,103217.97524983191
2025-08-16 00:00:00+00:00,103217.97524983191
2025-08-16 04:00:00+00:00,103217.97524983191
2025-08-16 08:00:00+00:00,103217.97524983191
2025-08-16 12:00:00+00:00,103217.97524983191
2025-08-16 16:00:00+00:00,103217.97524983191
2025-08-16 20:00:00+00:00,103217.97524983191
2025-08-17 00:00:00+00:00,103217.97524983191
2025-08-17 04:00:00+00:00,103217.97524983191
2025-08-17 08:00:00+00:00,103217.97524983191
2025-08-17 12:00:00+00:00,103217.97524983191
2025-08-17 16:00:00+00:00,103217.97524983191
2025-08-17 20:00:00+00:00,103217.97524983191
2025-08-18 00:00:00+00:00,103217.97524983191
2025-08-18 04:00:00+00:00,103217.97524983191
2025-08-18 08:00:00+00:00,103217.97524983191
2025-08-18 12:00:00+00:00,103317.21703718028
2025-08-18 16:00:00+00:00,103335.40647428873
2025-08-18 20:00:00+00:00,103320.70085167907
2025-08-19 00:00:00+00:00,103204.53912059648
2025-08-19 04:00:00+00:00,103209.3708979285
2025-08-19 08:00:00+00:00,103263.3966594707
2025-08-19 12:00:00+00:00,103100.44526686017
2025-08-19 16:00:00+00:00,103044.78554725023
2025-08-19 20:00:00+00:00,103014.39785261506
2025-08-20 00:00:00+00:00,103078.39980086687
2025-08-20 04:00:00+00:00,103070.31763161717
2025-08-20 08:00:00+00:00,103083.35004191122
2025-08-20 12:00:00+00:00,103063.35070358832
2025-08-20 16:00:00+00:00,103148.97192885652
2025-08-20 20:00:00+00:00,103144.28805592275
2025-08-21 00:00:00+00:00,103118.75947639935
2025-08-21 04:00:00+00:00,103110.60020059135
2025-08-21 08:00:00+00:00,103042.88311816579
2025-08-21 12:00:00+00:00,103010.75491821865
2025-08-21 16:00:00+00:00,102948.923870068
2025-08-21 20:00:00+00:00,102979.02066268768
2025-08-22 00:00:00+00:00,103018.39477621106
2025-08-22 04:00:00+00:00,103037.75903688086
2025-08-22 08:00:00+00:00,102967.6586608344
2025-08-22 12:00:00+00:00,103348.18373197159
2025-08-22 16:00:00+00:00,103328.67574136598
2025-08-22 20:00:00+00:00,103328.67574136598
2025-08-23 00:00:00+00:00,103328.67574136598
2025-08-23 04:00:00+00:00,103328.67574136598
2025-08-23 08:00:00+00:00,103328.67574136598
2025-08-23 12:00:00+00:00,103328.67574136598
2025-08-23 16:00:00+00:00,103328.67574136598
2025-08-23 20:00:00+00:00,103328.67574136598
2025-08-24 00:00:00+00:00,103328.67574136598
2025-08-24 04:00:00+00:00,103328.67574136598
2025-08-24 08:00:00+00:00,103328.67574136598
2025-08-24 12:00:00+00:00,103328.67574136598
2025-08-24 16:00:00+00:00,103328.67574136598
2025-08-24 20:00:00+00:00,103328.67574136598
2025-08-25 00:00:00+00:00,103328.67574136598
2025-08-25 04:00:00+00:00,103328.67574136598
2025-08-25 08:00:00+00:00,103328.67574136598
2025-08-25 12:00:00+00:00,103328.67574136598
2025-08-25 16:00:00+00:00,103328.67574136598
2025-08-25 20:00:00+00:00,103328.67574136598
2025-08-26 00:00:00+00:00,103328.67574136598
2025-08-26 04:00:00+00:00,103328.67574136598
2025-08-26 08:00:00+00:00,103328.67574136598
2025-08-26 12:00:00+00:00,103328.67574136598
2025-08-26 16:00:00+00:00,103328.67574136598
2025-08-26 20:00:00+00:00,103328.67574136598
2025-08-27 00:00:00+00:00,103328.67574136598
2025-08-27 04:00:00+00:00,103328.67574136598
2025-08-27 08:00:00+00:00,103328.67574136598
2025-08-27 12:00:00+00:00,103328.67574136598
2025-08-27 16:00:00+00:00,103328.67574136598
2025-08-27 20:00:00+00:00,103328.67574136598
2025-08-28 00:00:00+00:00,103328.67574136598
2025-08-28 04:00:00+00:00,103328.67574136598
2025-08-28 08:00:00+00:00,103328.67574136598
2025-08-28 12:00:00+00:00,103328.67574136598
2025-08-28 16:00:00+00:00,103328.67574136598
2025-08-28 20:00:00+00:00,103328.67574136598
2025-08-29 00:00:00+00:00,103328.67574136598
2025-08-29 04:00:00+00:00,103328.67574136598
2025-08-29 08:00:00+00:00,103328.67574136598
2025-08-29 12:00:00+00:00,103328.67574136598
2025-08-29 16:00:00+00:00,103328.67574136598
2025-08-29 20:00:00+00:00,103328.67574136598
2025-08-30 00:00:00+00:00,103328.67574136598
2025-08-30 04:00:00+00:00,103328.67574136598
2025-08-30 08:00:00+00:00,103328.67574136598
2025-08-30 12:00:00+00:00,103328.67574136598
2025-08-30 16:00:00+00:00,103328.67574136598
2025-08-30 20:00:00+00:00,103328.67574136598
2025-08-31 00:00:00+00:00,103328.67574136598
2025-08-31 04:00:00+00:00,103328.67574136598
2025-08-31 08:00:00+00:00,103328.67574136598
2025-08-31 12:00:00+00:00,103328.67574136598
2025-08-31 16:00:00+00:00,103328.67574136598
2025-08-31 20:00:00+00:00,103328.67574136598
2025-09-01 00:00:00+00:00,103328.67574136598
2025-09-01 04:00:00+00:00,103328.67574136598
2025-09-01 08:00:00+00:00,103328.67574136598
2025-09-01 12:00:00+00:00,103328.67574136598
2025-09-01 16:00:00+00:00,103328.67574136598
2025-09-01 20:00:00+00:00,103328.67574136598
2025-09-02 00:00:00+00:00,103328.67574136598
2025-09-02 04:00:00+00:00,103328.67574136598
2025-09-02 08:00:00+00:00,103328.67574136598
2025-09-02 12:00:00+00:00,103328.67574136598
2025-09-02 16:00:00+00:00,103328.67574136598
2025-09-02 20:00:00+00:00,103328.67574136598
2025-09-03 00:00:00+00:00,103328.67574136598
2025-09-03 04:00:00+00:00,103328.67574136598
2025-09-03 08:00:00+00:00,103328.67574136598
2025-09-03 12:00:00+00:00,103328.67574136598
2025-09-03 16:00:00+00:00,103328.67574136598
2025-09-03 20:00:00+00:00,103328.67574136598
2025-09-04 00:00:00+00:00,103328.67574136598
2025-09-04 04:00:00+00:00,103328.67574136598
2025-09-04 08:00:00+00:00,103328.67574136598
2025-09-04 12:00:00+00:00,103328.67574136598
2025-09-04 16:00:00+00:00,103328.67574136598
2025-09-04 20:00:00+00:00,103328.67574136598
2025-09-05 00:00:00+00:00,103328.67574136598
2025-09-05 04:00:00+00:00,103328.67574136598
2025-09-05 08:00:00+00:00,103328.67574136598
2025-09-05 12:00:00+00:00,103328.67574136598
2025-09-05 16:00:00+00:00,103328.67574136598
2025-09-05 20:00:00+00:00,103328.67574136598
2025-09-06 00:00:00+00:00,103328.67574136598
2025-09-06 04:00:00+00:00,103328.67574136598
2025-09-06 08:00:00+00:00,103328.67574136598
2025-09-06 12:00:00+00:00,103328.67574136598
2025-09-06 16:00:00+00:00,103328.67574136598
2025-09-06 20:00:00+00:00,103328.67574136598
2025-09-07 00:00:00+00:00,103328.67574136598
2025-09-07 04:00:00+00:00,103328.67574136598
2025-09-07 08:00:00+00:00,103328.67574136598
2025-09-07 12:00:00+00:00,103328.67574136598
2025-09-07 16:00:00+00:00,103328.67574136598
2025-09-07 20:00:00+00:00,103328.67574136598
2025-09-08 00:00:00+00:00,103328.67574136598
2025-09-08 04:00:00+00:00,103328.67574136598
2025-09-08 08:00:00+00:00,103328.67574136598
2025-09-08 12:00:00+00:00,103328.67574136598
2025-09-08 16:00:00+00:00,103328.67574136598
2025-09-08 20:00:00+00:00,103328.67574136598
2025-09-09 00:00:00+00:00,103328.67574136598
2025-09-09 04:00:00+00:00,103328.67574136598
2025-09-09 08:00:00+00:00,103328.67574136598
2025-09-09 12:00:00+00:00,103328.67574136598
2025-09-09 16:00:00+00:00,103328.67574136598
2025-09-09 20:00:00+00:00,103328.67574136598
2025-09-10 00:00:00+00:00,103328.67574136598
2025-09-10 04:00:00+00:00,103328.67574136598
2025-09-10 08:00:00+00:00,103328.67574136598
2025-09-10 12:00:00+00:00,103328.67574136598
2025-09-10 16:00:00+00:00,103328.67574136598
2025-09-10 20:00:00+00:00,103328.67574136598
2025-09-11 00:00:00+00:00,103328.67574136598
2025-09-11 04:00:00+00:00,103328.67574136598
2025-09-11 08:00:00+00:00,103328.67574136598
2025-09-11 12:00:00+00:00,103328.67574136598
2025-09-11 16:00:00+00:00,103328.67574136598
2025-09-11 20:00:00+00:00,103328.67574136598
2025-09-12 00:00:00+00:00,103328.67574136598
2025-09-12 04:00:00+00:00,103328.67574136598
2025-09-12 08:00:00+00:00,103328.67574136598
2025-09-12 12:00:00+00:00,103328.67574136598
2025-09-12 16:00:00+00:00,103328.67574136598
2025-09-12 20:00:00+00:00,103328.67574136598
2025-09-13 00:00:00+00:00,103328.67574136598
2025-09-13 04:00:00+00:00,103328.67574136598
2025-09-13 08:00:00+00:00,103328.67574136598
2025-09-13 12:00:00+00:00,103328.67574136598
2025-09-13 16:00:00+00:00,103328.67574136598
2025-09-13 20:00:00+00:00,103328.67574136598
2025-09-14 00:00:00+00:00,103328.67574136598
2025-09-14 04:00:00+00:00,103328.67574136598
2025-09-14 08:00:00+00:00,103328.67574136598
2025-09-14 12:00:00+00:00,103328.67574136598
2025-09-14 16:00:00+00:00,103328.67574136598
2025-09-14 20:00:00+00:00,103328.67574136598
2025-09-15 00:00:00+00:00,103328.67574136598
2025-09-15 04:00:00+00:00,103328.67574136598
2025-09-15 08:00:00+00:00,103328.67574136598
2025-09-15 12:00:00+00:00,103328.67574136598
2025-09-15 16:00:00+00:00,103328.67574136598
2025-09-15 20:00:00+00:00,103328.67574136598
2025-09-16 00:00:00+00:00,103328.67574136598
2025-09-16 04:00:00+00:00,103328.67574136598
2025-09-16 08:00:00+00:00,103328.67574136598
2025-09-16 12:00:00+00:00,103328.67574136598
2025-09-16 16:00:00+00:00,103328.67574136598
2025-09-16 20:00:00+00:00,103328.67574136598
2025-09-17 00:00:00+00:00,103328.67574136598
2025-09-17 04:00:00+00:00,103328.67574136598
2025-09-17 08:00:00+00:00,103328.67574136598
2025-09-17 12:00:00+00:00,103328.67574136598
2025-09-17 16:00:00+00:00,103328.67574136598
2025-09-17 20:00:00+00:00,103328.67574136598
2025-09-18 00:00:00+00:00,103328.67574136598
2025-09-18 04:00:00+00:00,103328.67574136598
2025-09-18 08:00:00+00:00,103328.67574136598
2025-09-18 12:00:00+00:00,103328.67574136598
2025-09-18 16:00:00+00:00,103328.67574136598
2025-09-18 20:00:00+00:00,103328.67574136598
2025-09-19 00:00:00+00:00,103328.67574136598
2025-09-19 04:00:00+00:00,103328.67574136598
2025-09-19 08:00:00+00:00,103328.67574136598
2025-09-19 12:00:00+00:00,103328.67574136598
2025-09-19 16:00:00+00:00,103328.67574136598
2025-09-19 20:00:00+00:00,103328.67574136598
2025-09-20 00:00:00+00:00,103328.67574136598
2025-09-20 04:00:00+00:00,103328.67574136598
2025-09-20 08:00:00+00:00,103328.67574136598
2025-09-20 12:00:00+00:00,103328.67574136598
2025-09-20 16:00:00+00:00,103328.67574136598
2025-09-20 20:00:00+00:00,103328.67574136598
2025-09-21 00:00:00+00:00,103328.67574136598
2025-09-21 04:00:00+00:00,103328.67574136598
2025-09-21 08:00:00+00:00,103328.67574136598
2025-09-21 12:00:00+00:00,103328.67574136598
2025-09-21 16:00:00+00:00,103328.67574136598
2025-09-21 20:00:00+00:00,103328.67574136598
2025-09-22 00:00:00+00:00,103328.67574136598
2025-09-22 04:00:00+00:00,103328.67574136598
2025-09-22 08:00:00+00:00,103354.17486063426
2025-09-22 12:00:00+00:00,103352.3397456314
2025-09-22 16:00:00+00:00,103289.03114539992
2025-09-22 20:00:00+00:00,103336.78857966575
2025-09-23 00:00:00+00:00,103301.29845908895
2025-09-23 04:00:00+00:00,103372.91955680995
2025-09-23 08:00:00+00:00,103360.93611247292
2025-09-23 12:00:00+00:00,103351.29387344813
2025-09-23 16:00:00+00:00,103235.54112727554
2025-09-23 20:00:00+00:00,103267.98897126166
2025-09-24 00:00:00+00:00,103245.1260189565
2025-09-24 04:00:00+00:00,103318.42954437737
2025-09-24 08:00:00+00:00,103364.48232884759
2025-09-24 12:00:00+00:00,103398.08357128667
2025-09-24 16:00:00+00:00,103403.42045847271
2025-09-24 20:00:00+00:00,103389.33595082577
2025-09-25 00:00:00+00:00,103319.47326603525
2025-09-25 04:00:00+00:00,103246.99124131487
2025-09-25 08:00:00+00:00,103210.41653909771
2025-09-25 12:00:00+00:00,103224.38563521519
2025-09-25 16:00:00+00:00,103030.36595101243
2025-09-25 20:00:00+00:00,102995.80772477303
2025-09-26 00:00:00+00:00,103050.09702150217
2025-09-26 04:00:00+00:00,103023.4842697517
2025-09-26 08:00:00+00:00,103008.32234888237
2025-09-26 12:00:00+00:00,103001.98260002093
2025-09-26 16:00:00+00:00,103012.26999666392
2025-09-26 20:00:00+00:00,103057.79948662159
2025-09-27 00:00:00+00:00,103046.68055349293
2025-09-27 04:00:00+00:00,103033.63259908587
2025-09-27 08:00:00+00:00,103024.26777783691
2025-09-27 12:00:00+00:00,103031.85626511046
2025-09-27 16:00:00+00:00,103034.6591165406
2025-09-27 20:00:00+00:00,103052.85542874083
2025-09-28 00:00:00+00:00,103036.74727669815
2025-09-28 04:00:00+00:00,103041.50997360401
2025-09-28 08:00:00+00:00,103031.91504613789
2025-09-28 12:00:00+00:00,103089.55127722185
2025-09-28 16:00:00+00:00,103116.04646691744
2025-09-28 20:00:00+00:00,103278.10145850593
2025-09-29 00:00:00+00:00,103278.5381670417
2025-09-29 04:00:00+00:00,103278.5381670417
2025-09-29 08:00:00+00:00,103278.5381670417
2025-09-29 12:00:00+00:00,103278.5381670417
2025-09-29 16:00:00+00:00,103278.5381670417
2025-09-29 20:00:00+00:00,103278.5381670417
2025-09-30 00:00:00+00:00,103278.5381670417
2025-09-30 04:00:00+00:00,103278.5381670417
2025-09-30 08:00:00+00:00,103278.5381670417
2025-09-30 12:00:00+00:00,103278.5381670417
2025-09-30 16:00:00+00:00,103278.5381670417
2025-09-30 20:00:00+00:00,103278.5381670417
2025-10-01 00:00:00+00:00,103278.5381670417
2025-10-01 04:00:00+00:00,103278.5381670417
2025-10-01 08:00:00+00:00,103278.5381670417
2025-10-01 12:00:00+00:00,103278.5381670417
2025-10-01 16:00:00+00:00,103278.5381670417
2025-10-01 20:00:00+00:00,103278.5381670417
2025-10-02 00:00:00+00:00,103278.5381670417
2025-10-02 04:00:00+00:00,103278.5381670417
2025-10-02 08:00:00+00:00,103278.5381670417
2025-10-02 12:00:00+00:00,103278.5381670417
2025-10-02 16:00:00+00:00,103278.5381670417
2025-10-02 20:00:00+00:00,103278.5381670417
2025-10-03 00:00:00+00:00,103278.5381670417
2025-10-03 04:00:00+00:00,103278.5381670417
2025-10-03 08:00:00+00:00,103278.5381670417
2025-10-03 12:00:00+00:00,103278.5381670417
2025-10-03 16:00:00+00:00,103278.5381670417
2025-10-03 20:00:00+00:00,103278.5381670417
2025-10-04 00:00:00+00:00,103278.5381670417
2025-10-04 04:00:00+00:00,103278.5381670417
2025-10-04 08:00:00+00:00,103278.5381670417
2025-10-04 12:00:00+00:00,103278.5381670417
2025-10-04 16:00:00+00:00,103278.5381670417
2025-10-04 20:00:00+00:00,103278.5381670417
2025-10-05 00:00:00+00:00,103278.5381670417
2025-10-05 04:00:00+00:00,103278.5381670417
2025-10-05 08:00:00+00:00,103278.5381670417
2025-10-05 12:00:00+00:00,103278.5381670417
2025-10-05 16:00:00+00:00,103278.5381670417
2025-10-05 20:00:00+00:00,103278.5381670417
2025-10-06 00:00:00+00:00,103278.5381670417
2025-10-06 04:00:00+00:00,103278.5381670417
2025-10-06 08:00:00+00:00,103278.5381670417
2025-10-06 12:00:00+00:00,103278.5381670417
2025-10-06 16:00:00+00:00,103278.5381670417
2025-10-06 20:00:00+00:00,103278.5381670417
2025-10-07 00:00:00+00:00,103278.5381670417
2025-10-07 04:00:00+00:00,103278.5381670417
2025-10-07 08:00:00+00:00,103278.5381670417
2025-10-07 12:00:00+00:00,103278.5381670417
2025-10-07 16:00:00+00:00,103278.5381670417
2025-10-07 20:00:00+00:00,103278.5381670417
2025-10-08 00:00:00+00:00,103278.5381670417
2025-10-08 04:00:00+00:00,103278.5381670417
2025-10-08 08:00:00+00:00,103278.5381670417
2025-10-08 12:00:00+00:00,103278.5381670417
2025-10-08 16:00:00+00:00,103278.5381670417
2025-10-08 20:00:00+00:00,103278.5381670417
2025-10-09 00:00:00+00:00,103278.5381670417
2025-10-09 04:00:00+00:00,103278.5381670417
2025-10-09 08:00:00+00:00,103278.5381670417
2025-10-09 12:00:00+00:00,103278.5381670417
2025-10-09 16:00:00+00:00,103278.5381670417
2025-10-09 20:00:00+00:00,103278.5381670417
2025-10-10 00:00:00+00:00,103278.5381670417
2025-10-10 04:00:00+00:00,103278.5381670417
2025-10-10 08:00:00+00:00,103278.5381670417
2025-10-10 12:00:00+00:00,103278.5381670417
2025-10-10 16:00:00+00:00,103278.5381670417
2025-10-10 20:00:00+00:00,102967.1658893871
2025-10-11 00:00:00+00:00,102895.3956433931
2025-10-11 04:00:00+00:00,102709.11769535806
2025-10-11 08:00:00+00:00,102888.8644756427
2025-10-11 12:00:00+00:00,102855.55247786093
2025-10-11 16:00:00+00:00,102789.23339919109
2025-10-11 20:00:00+00:00,102752.55625283414
2025-10-12 00:00:00+00:00,102749.49256404501
2025-10-12 04:00:00+00:00,102825.2122098051
2025-10-12 08:00:00+00:00,102846.27429238107
2025-10-12 12:00:00+00:00,102976.56645647736
2025-10-12 16:00:00+00:00,103070.78231952422
2025-10-12 20:00:00+00:00,103137.55427929468
2025-10-13 00:00:00+00:00,103115.55117201954
2025-10-13 04:00:00+00:00,103160.7258889516
2025-10-13 08:00:00+00:00,103068.57945053706
2025-10-13 12:00:00+00:00,103079.24877613058
2025-10-13 16:00:00+00:00,103202.11369017659
2025-10-13 20:00:00+00:00,103197.9068231743
2025-10-14 00:00:00+00:00,103197.9068231743
2025-10-14 04:00:00+00:00,103197.9068231743
2025-10-14 08:00:00+00:00,103197.9068231743
2025-10-14 12:00:00+00:00,103197.9068231743
2025-10-14 16:00:00+00:00,103197.9068231743
2025-10-14 20:00:00+00:00,103197.9068231743
2025-10-15 00:00:00+00:00,103197.9068231743
2025-10-15 04:00:00+00:00,103197.9068231743
2025-10-15 08:00:00+00:00,103197.9068231743
2025-10-15 12:00:00+00:00,103197.9068231743
2025-10-15 16:00:00+00:00,103197.9068231743
2025-10-15 20:00:00+00:00,103197.9068231743
2025-10-16 00:00:00+00:00,103197.9068231743
2025-10-16 04:00:00+00:00,103197.9068231743
2025-10-16 08:00:00+00:00,103197.9068231743
2025-10-16 12:00:00+00:00,103197.9068231743
2025-10-16 16:00:00+00:00,103197.9068231743
2025-10-16 20:00:00+00:00,103197.9068231743
2025-10-17 00:00:00+00:00,103197.9068231743
2025-10-17 04:00:00+00:00,103197.9068231743
2025-10-17 08:00:00+00:00,103198.85660568957
2025-10-17 12:00:00+00:00,103301.5204129714
2025-10-17 16:00:00+00:00,103278.99786175537
2025-10-17 20:00:00+00:00,103278.37032677131
2025-10-18 00:00:00+00:00,103339.00455861259
2025-10-18 04:00:00+00:00,103313.03438210704
2025-10-18 08:00:00+00:00,103330.20303692018
2025-10-18 12:00:00+00:00,103327.53105097834
2025-10-18 16:00:00+00:00,103336.35394855829
2025-10-18 20:00:00+00:00,103345.55474129287
2025-10-19 00:00:00+00:00,103358.51387311079
2025-10-19 04:00:00+00:00,103309.47300655885
2025-10-19 08:00:00+00:00,103409.01975138338
2025-10-19 12:00:00+00:00,103474.93840799308
2025-10-19 16:00:00+00:00,103520.85457784215
2025-10-19 20:00:00+00:00,103512.99396752419
2025-10-20 00:00:00+00:00,103512.99396752419
2025-10-20 04:00:00+00:00,103512.99396752419
2025-10-20 08:00:00+00:00,103512.99396752419
2025-10-20 12:00:00+00:00,103512.99396752419
2025-10-20 16:00:00+00:00,103512.99396752419
2025-10-20 20:00:00+00:00,103512.99396752419
2025-10-21 00:00:00+00:00,103512.99396752419
2025-10-21 04:00:00+00:00,103512.99396752419
2025-10-21 08:00:00+00:00,103512.99396752419
2025-10-21 12:00:00+00:00,103512.99396752419
2025-10-21 16:00:00+00:00,103512.99396752419
2025-10-21 20:00:00+00:00,103512.99396752419
2025-10-22 00:00:00+00:00,103512.99396752419
2025-10-22 04:00:00+00:00,103512.99396752419
2025-10-22 08:00:00+00:00,103512.99396752419
2025-10-22 12:00:00+00:00,103512.99396752419
2025-10-22 16:00:00+00:00,103512.99396752419
2025-10-22 20:00:00+00:00,103512.99396752419
2025-10-23 00:00:00+00:00,103512.99396752419
2025-10-23 04:00:00+00:00,103512.99396752419
2025-10-23 08:00:00+00:00,103512.99396752419
2025-10-23 12:00:00+00:00,103512.99396752419
2025-10-23 16:00:00+00:00,103512.99396752419
2025-10-23 20:00:00+00:00,103512.99396752419
2025-10-24 00:00:00+00:00,103512.99396752419
2025-10-24 04:00:00+00:00,103512.99396752419
2025-10-24 08:00:00+00:00,103512.99396752419
2025-10-24 12:00:00+00:00,103512.99396752419
2025-10-24 16:00:00+00:00,103512.99396752419
2025-10-24 20:00:00+00:00,103512.99396752419
2025-10-25 00:00:00+00:00,103512.99396752419
2025-10-25 04:00:00+00:00,103512.99396752419
2025-10-25 08:00:00+00:00,103512.99396752419
2025-10-25 12:00:00+00:00,103512.99396752419
2025-10-25 16:00:00+00:00,103512.99396752419
2025-10-25 20:00:00+00:00,103512.99396752419
2025-10-26 00:00:00+00:00,103512.99396752419
2025-10-26 04:00:00+00:00,103512.99396752419
2025-10-26 08:00:00+00:00,103512.99396752419
2025-10-26 12:00:00+00:00,103512.99396752419
2025-10-26 16:00:00+00:00,103512.99396752419
2025-10-26 20:00:00+00:00,103512.99396752419
2025-10-27 00:00:00+00:00,103512.99396752419
2025-10-27 04:00:00+00:00,103512.99396752419
2025-10-27 08:00:00+00:00,103512.99396752419
2025-10-27 12:00:00+00:00,103512.99396752419
2025-10-27 16:00:00+00:00,103512.99396752419
2025-10-27 20:00:00+00:00,103512.99396752419
2025-10-28 00:00:00+00:00,103512.99396752419
2025-10-28 04:00:00+00:00,103512.99396752419
2025-10-28 08:00:00+00:00,103512.99396752419
2025-10-28 12:00:00+00:00,103512.99396752419
2025-10-28 16:00:00+00:00,103512.99396752419
2025-10-28 20:00:00+00:00,103512.99396752419
2025-10-29 00:00:00+00:00,103512.99396752419
2025-10-29 04:00:00+00:00,103512.99396752419
2025-10-29 08:00:00+00:00,103512.99396752419
2025-10-29 12:00:00+00:00,103512.99396752419
2025-10-29 16:00:00+00:00,103512.99396752419
2025-10-29 20:00:00+00:00,103512.99396752419
2025-10-30 00:00:00+00:00,103512.99396752419
2025-10-30 04:00:00+00:00,103512.99396752419
2025-10-30 08:00:00+00:00,103512.99396752419
2025-10-30 12:00:00+00:00,103512.99396752419
2025-10-30 16:00:00+00:00,103384.5372641391
2025-10-30 20:00:00+00:00,103562.43130040239
2025-10-31 00:00:00+00:00,103650.80333844265
2025-10-31 04:00:00+00:00,103673.5713490587
2025-10-31 08:00:00+00:00,103759.07899541654
2025-10-31 12:00:00+00:00,103740.7629520616
2025-10-31 16:00:00+00:00,103707.88249785399
2025-10-31 20:00:00+00:00,103682.9361684061
2025-11-01 00:00:00+00:00,103741.73951746486
2025-11-01 04:00:00+00:00,103726.6601766609
2025-11-01 08:00:00+00:00,103731.63683202106
2025-11-01 12:00:00+00:00,103743.618336223
2025-11-01 16:00:00+00:00,103762.19334580709
2025-11-01 20:00:00+00:00,103731.53399615614
2025-11-02 00:00:00+00:00,103724.78436040976
2025-11-02 04:00:00+00:00,103810.47140656113
2025-11-02 08:00:00+00:00,103806.77046286371
2025-11-02 12:00:00+00:00,103806.77046286371
2025-11-02 16:00:00+00:00,103806.77046286371
2025-11-02 20:00:00+00:00,103806.77046286371
2025-11-03 00:00:00+00:00,103806.77046286371
2025-11-03 04:00:00+00:00,103806.77046286371
2025-11-03 08:00:00+00:00,103806.77046286371
2025-11-03 12:00:00+00:00,103806.77046286371
2025-11-03 16:00:00+00:00,103935.56855507757
2025-11-03 20:00:00+00:00,103879.70260791636
2025-11-04 00:00:00+00:00,103938.14389210693
2025-11-04 04:00:00+00:00,103678.84932740137
2025-11-04 08:00:00+00:00,103683.38569384828
2025-11-04 12:00:00+00:00,103567.74324457867
2025-11-04 16:00:00+00:00,103281.9743992734
2025-11-04 20:00:00+00:00,103392.58198028876
2025-11-05 00:00:00+00:00,103445.49756367628
2025-11-05 04:00:00+00:00,103440.37986742942
2025-11-05 08:00:00+00:00,103433.77663579665
2025-11-05 12:00:00+00:00,103599.39734241969
2025-11-05 16:00:00+00:00,103640.3787925392
2025-11-05 20:00:00+00:00,103619.78146478525
2025-11-06 00:00:00+00:00,103598.99547327038
2025-11-06 04:00:00+00:00,103555.16182588696
2025-11-06 08:00:00+00:00,103551.6232299806
2025-11-06 12:00:00+00:00,103428.46107267855
2025-11-06 16:00:00+00:00,103383.53225517066
2025-11-06 20:00:00+00:00,103363.81995985624
2025-11-07 00:00:00+00:00,103423.44844527416
2025-11-07 04:00:00+00:00,103431.03104122692
2025-11-07 08:00:00+00:00,103268.30471278995
2025-11-07 12:00:00+00:00,103322.6406428655
2025-11-07 16:00:00+00:00,103556.02385055074
2025-11-07 20:00:00+00:00,103568.70573652978
2025-11-08 00:00:00+00:00,103492.79081360274
2025-11-08 04:00:00+00:00,103463.47583962699
2025-11-08 08:00:00+00:00,103411.87169945572
2025-11-08 12:00:00+00:00,103398.29557792687
2025-11-08 16:00:00+00:00,103426.08820407555
2025-11-08 20:00:00+00:00,103461.2739954902
2025-11-09 00:00:00+00:00,103399.61775810515
2025-11-09 04:00:00+00:00,103422.64317312383
2025-11-09 08:00:00+00:00,103452.41216720719
2025-11-09 12:00:00+00:00,103606.51364745111
2025-11-09 16:00:00+00:00,103596.66405735808
2025-11-09 20:00:00+00:00,103596.66405735808
2025-11-10 00:00:00+00:00,103596.66405735808
2025-11-10 04:00:00+00:00,103596.66405735808
2025-11-10 08:00:00+00:00,103596.66405735808
2025-11-10 12:00:00+00:00,103596.66405735808
2025-11-10 16:00:00+00:00,103596.66405735808
2025-11-10 20:00:00+00:00,103596.66405735808
2025-11-11 00:00:00+00:00,103596.66405735808
2025-11-11 04:00:00+00:00,103596.66405735808
2025-11-11 08:00:00+00:00,103596.66405735808
2025-11-11 12:00:00+00:00,103596.66405735808
2025-11-11 16:00:00+00:00,103596.66405735808
2025-11-11 20:00:00+00:00,103596.66405735808
2025-11-12 00:00:00+00:00,103596.66405735808
2025-11-12 04:00:00+00:00,103596.66405735808
2025-11-12 08:00:00+00:00,103596.66405735808
2025-11-12 12:00:00+00:00,103596.66405735808
2025-11-12 16:00:00+00:00,103596.66405735808
2025-11-12 20:00:00+00:00,103596.66405735808
2025-11-13 00:00:00+00:00,103596.66405735808
2025-11-13 04:00:00+00:00,103596.66405735808
2025-11-13 08:00:00+00:00,103596.66405735808
2025-11-13 12:00:00+00:00,103596.66405735808
2025-11-13 16:00:00+00:00,103596.66405735808
2025-11-13 20:00:00+00:00,103596.66405735808
2025-11-14 00:00:00+00:00,103596.66405735808
2025-11-14 04:00:00+00:00,103596.66405735808
2025-11-14 08:00:00+00:00,103596.66405735808
2025-11-14 12:00:00+00:00,103657.768688919
2025-11-14 16:00:00+00:00,103531.50893834118
2025-11-14 20:00:00+00:00,103402.8010799554
2025-11-15 00:00:00+00:00,103608.91846068604
2025-11-15 04:00:00+00:00,103602.5983198686
2025-11-15 08:00:00+00:00,103532.08288455124
2025-11-15 12:00:00+00:00,103603.14196979778
2025-11-15 16:00:00+00:00,103571.17939346674
2025-11-15 20:00:00+00:00,103524.38257982694
2025-11-16 00:00:00+00:00,103537.1726597395
2025-11-16 04:00:00+00:00,103572.94920120829
2025-11-16 08:00:00+00:00,103527.08315664227
2025-11-16 12:00:00+00:00,103399.12933902512
2025-11-16 16:00:00+00:00,103350.94394584486
2025-11-16 20:00:00+00:00,103376.99201489695
2025-11-17 00:00:00+00:00,103507.23993422759
2025-11-17 04:00:00+00:00,103471.81011686222
2025-11-21 08:00:00+00:00,102089.51032219072
2025-11-21 12:00:00+00:00,102152.84301424887
2025-11-21 16:00:00+00:00,102296.84628666351
2025-11-21 20:00:00+00:00,102398.64431511877
2025-11-22 00:00:00+00:00,102324.06665347308
2025-11-22 04:00:00+00:00,102336.16160205206
2025-11-22 08:00:00+00:00,102294.91826501068
2025-11-22 12:00:00+00:00,102301.53800238352
2025-11-22 16:00:00+00:00,102345.85472880774
2025-11-22 20:00:00+00:00,102350.17531508693
2025-11-23 00:00:00+00:00,102516.67357605684
2025-11-23 04:00:00+00:00,102462.51055834579
2025-11-23 08:00:00+00:00,102522.03938402647
2025-11-23 12:00:00+00:00,102614.12408820546
2025-11-23 16:00:00+00:00,102638.6379872562
2025-11-23 20:00:00+00:00,102581.79122399697
2025-11-24 00:00:00+00:00,102640.53907888157
2025-11-24 04:00:00+00:00,102601.03777799093
2025-11-24 08:00:00+00:00,102524.37219765442
2025-11-24 12:00:00+00:00,102553.836172376
2025-11-24 16:00:00+00:00,102736.39987784722
2025-11-24 20:00:00+00:00,102739.33020145925
2025-11-25 00:00:00+00:00,102686.2889877042
2025-11-25 04:00:00+00:00,102644.56091016872
2025-11-25 08:00:00+00:00,102642.71788641503
2025-11-25 12:00:00+00:00,102597.85077755478
2025-11-25 16:00:00+00:00,102583.99696155789
2025-11-25 20:00:00+00:00,102640.69392653942
2025-11-26 00:00:00+00:00,102610.25962926622
2025-11-26 04:00:00+00:00,102702.58754525564
2025-11-26 08:00:00+00:00,102606.82436763949
2025-11-26 12:00:00+00:00,102592.39660543256
2025-11-26 16:00:00+00:00,102925.5244112562
2025-11-26 20:00:00+00:00,102909.94908115586
2025-11-27 00:00:00+00:00,102909.94908115586
2025-11-27 04:00:00+00:00,102909.94908115586
2025-11-27 08:00:00+00:00,102909.94908115586
2025-11-27 12:00:00+00:00,102909.94908115586
2025-11-27 16:00:00+00:00,102909.94908115586
2025-11-27 20:00:00+00:00,102909.94908115586
2025-11-28 00:00:00+00:00,102909.94908115586
2025-11-28 04:00:00+00:00,102909.94908115586
2025-11-28 08:00:00+00:00,102909.94908115586
2025-11-28 12:00:00+00:00,102909.94908115586
2025-11-28 16:00:00+00:00,102909.94908115586
2025-11-28 20:00:00+00:00,102909.94908115586
2025-11-29 16:00:00+00:00,102909.94908115586
2025-12-01 04:00:00+00:00,102909.94908115586
2025-12-01 08:00:00+00:00,102909.94908115586
2025-12-01 12:00:00+00:00,102909.94908115586
2025-12-01 16:00:00+00:00,102948.95345699207
2025-12-01 20:00:00+00:00,103105.59118830966
2025-12-02 00:00:00+00:00,103182.5916120947
2025-12-02 04:00:00+00:00,103191.9047398568
2025-12-02 08:00:00+00:00,103235.98732105125
2025-12-02 12:00:00+00:00,103667.81715293687
2025-12-02 16:00:00+00:00,103657.69117398483
2025-12-02 20:00:00+00:00,103657.69117398483
2025-12-03 00:00:00+00:00,103657.69117398483
2025-12-03 04:00:00+00:00,103657.69117398483
2025-12-03 08:00:00+00:00,103657.69117398483
2025-12-03 12:00:00+00:00,103657.69117398483
2025-12-03 16:00:00+00:00,103657.69117398483
2025-12-03 20:00:00+00:00,103657.69117398483
2025-12-04 00:00:00+00:00,103657.69117398483
2025-12-04 04:00:00+00:00,103657.69117398483
2025-12-04 08:00:00+00:00,103657.69117398483
2025-12-04 12:00:00+00:00,103657.69117398483
2025-12-04 16:00:00+00:00,103657.69117398483
2025-12-04 20:00:00+00:00,103657.69117398483
2025-12-05 00:00:00+00:00,103657.69117398483
2025-12-05 04:00:00+00:00,103657.69117398483
2025-12-05 08:00:00+00:00,103657.69117398483
2025-12-05 12:00:00+00:00,103657.69117398483
2025-12-05 16:00:00+00:00,103657.69117398483
2025-12-05 20:00:00+00:00,103657.69117398483
2025-12-06 00:00:00+00:00,103657.69117398483
2025-12-06 04:00:00+00:00,103657.69117398483
2025-12-06 08:00:00+00:00,103657.69117398483
2025-12-06 12:00:00+00:00,103657.69117398483
2025-12-06 16:00:00+00:00,103657.69117398483
2025-12-06 20:00:00+00:00,103657.69117398483
2025-12-07 00:00:00+00:00,103657.69117398483
2025-12-07 04:00:00+00:00,103657.69117398483
2025-12-07 08:00:00+00:00,103657.69117398483
2025-12-07 12:00:00+00:00,103657.69117398483
2025-12-07 16:00:00+00:00,103657.69117398483
2025-12-07 20:00:00+00:00,103657.69117398483
2025-12-08 00:00:00+00:00,103657.69117398483
2025-12-08 04:00:00+00:00,103657.69117398483
2025-12-08 08:00:00+00:00,103657.69117398483
2025-12-08 12:00:00+00:00,103657.69117398483
2025-12-08 16:00:00+00:00,103657.69117398483
2025-12-08 20:00:00+00:00,103657.69117398483
2025-12-09 00:00:00+00:00,103657.69117398483
2025-12-09 04:00:00+00:00,103657.69117398483
2025-12-09 08:00:00+00:00,103657.69117398483
2025-12-09 12:00:00+00:00,103657.69117398483
2025-12-09 16:00:00+00:00,103657.69117398483
2025-12-09 20:00:00+00:00,103657.69117398483
2025-12-10 00:00:00+00:00,103657.69117398483
2025-12-10 04:00:00+00:00,103657.69117398483
2025-12-10 08:00:00+00:00,103657.69117398483
2025-12-10 12:00:00+00:00,103657.69117398483
2025-12-10 16:00:00+00:00,103657.69117398483
2025-12-10 20:00:00+00:00,103657.69117398483
2025-12-11 00:00:00+00:00,103657.69117398483
2025-12-11 04:00:00+00:00,103657.69117398483
2025-12-11 08:00:00+00:00,103657.69117398483
2025-12-11 12:00:00+00:00,103657.69117398483
2025-12-11 16:00:00+00:00,103657.69117398483
2025-12-11 20:00:00+00:00,103657.69117398483
2025-12-12 00:00:00+00:00,103657.69117398483
2025-12-12 04:00:00+00:00,103657.69117398483
2025-12-12 08:00:00+00:00,103657.69117398483
2025-12-12 12:00:00+00:00,103657.69117398483
2025-12-12 16:00:00+00:00,103657.69117398483
2025-12-12 20:00:00+00:00,103657.69117398483
2025-12-13 00:00:00+00:00,103657.69117398483
2025-12-13 04:00:00+00:00,103657.69117398483
2025-12-13 08:00:00+00:00,103657.69117398483
2025-12-13 12:00:00+00:00,103657.69117398483
2025-12-13 16:00:00+00:00,103657.69117398483
2025-12-13 20:00:00+00:00,103657.69117398483
2025-12-14 00:00:00+00:00,103657.69117398483
2025-12-14 04:00:00+00:00,103657.69117398483
2025-12-14 08:00:00+00:00,103657.69117398483
2025-12-14 12:00:00+00:00,103657.69117398483
2025-12-14 16:00:00+00:00,103657.69117398483
2025-12-14 20:00:00+00:00,103657.69117398483
2025-12-15 00:00:00+00:00,103657.69117398483
2025-12-15 04:00:00+00:00,103657.69117398483
2025-12-15 08:00:00+00:00,103657.69117398483
2025-12-15 12:00:00+00:00,103657.69117398483
2025-12-15 16:00:00+00:00,103657.69117398483
2025-12-15 20:00:00+00:00,103685.30096892017
2025-12-16 00:00:00+00:00,103614.98355760591
2025-12-16 04:00:00+00:00,103639.29252847092
2025-12-16 08:00:00+00:00,103788.39130986466
2025-12-16 12:00:00+00:00,103860.21369652133
2025-12-16 16:00:00+00:00,103828.58571377871
2025-12-16 20:00:00+00:00,103856.81269665321
2025-12-17 00:00:00+00:00,103777.11010494002
2025-12-17 04:00:00+00:00,103758.72045308263
2025-12-17 08:00:00+00:00,103749.16700873223
2025-12-17 12:00:00+00:00,103791.16907509691
2025-12-17 16:00:00+00:00,103631.7084303681
2025-12-17 20:00:00+00:00,103651.8728439035
2025-12-18 00:00:00+00:00,103701.22494287428
2025-12-18 04:00:00+00:00,103727.4336983533
2025-12-18 08:00:00+00:00,103781.35900471998
2025-12-18 12:00:00+00:00,103935.57432626911
2025-12-18 16:00:00+00:00,103921.55974793062
2025-12-18 20:00:00+00:00,103921.55974793062
2025-12-19 00:00:00+00:00,103921.55974793062
2025-12-19 04:00:00+00:00,103921.55974793062
2025-12-19 08:00:00+00:00,103921.55974793062
2025-12-19 12:00:00+00:00,103921.55974793062
2025-12-19 16:00:00+00:00,103921.55974793062
2025-12-19 20:00:00+00:00,103921.55974793062
2025-12-20 00:00:00+00:00,103921.55974793062
2025-12-20 04:00:00+00:00,103921.55974793062
2025-12-20 08:00:00+00:00,103921.55974793062
2025-12-20 12:00:00+00:00,103921.55974793062
2025-12-20 16:00:00+00:00,103921.55974793062
2025-12-20 20:00:00+00:00,103921.55974793062
2025-12-21 00:00:00+00:00,103921.55974793062
2025-12-21 04:00:00+00:00,103921.55974793062
2025-12-21 08:00:00+00:00,103921.55974793062
2025-12-21 12:00:00+00:00,103921.55974793062
2025-12-21 16:00:00+00:00,103921.55974793062
2025-12-21 20:00:00+00:00,103921.55974793062
2025-12-22 00:00:00+00:00,103921.55974793062
2025-12-22 04:00:00+00:00,103921.55974793062
2025-12-22 08:00:00+00:00,103921.55974793062
2025-12-22 12:00:00+00:00,103921.55974793062
2025-12-22 16:00:00+00:00,103921.55974793062
2025-12-22 20:00:00+00:00,103921.55974793062
2025-12-23 00:00:00+00:00,103921.55974793062
2025-12-23 04:00:00+00:00,103921.55974793062
2025-12-23 08:00:00+00:00,103921.55974793062
2025-12-23 12:00:00+00:00,103921.55974793062
2025-12-23 16:00:00+00:00,103921.55974793062
2025-12-23 20:00:00+00:00,103921.55974793062
2025-12-24 00:00:00+00:00,103921.55974793062
2025-12-24 04:00:00+00:00,103921.55974793062
2025-12-24 08:00:00+00:00,103921.55974793062
2025-12-24 12:00:00+00:00,103921.55974793062
2025-12-24 16:00:00+00:00,103921.55974793062
2025-12-24 20:00:00+00:00,103921.55974793062
2025-12-25 00:00:00+00:00,103921.55974793062
2025-12-25 04:00:00+00:00,103921.55974793062
2025-12-25 08:00:00+00:00,103921.55974793062
2025-12-25 12:00:00+00:00,103921.55974793062
2025-12-25 16:00:00+00:00,103921.55974793062
2025-12-25 20:00:00+00:00,103921.55974793062
2025-12-26 00:00:00+00:00,103921.55974793062
2025-12-26 04:00:00+00:00,103921.55974793062
2025-12-26 08:00:00+00:00,103921.55974793062
2025-12-26 12:00:00+00:00,103921.55974793062
2025-12-26 16:00:00+00:00,103921.55974793062
2025-12-26 20:00:00+00:00,103921.55974793062
2025-12-27 00:00:00+00:00,103921.55974793062
2025-12-27 04:00:00+00:00,103921.55974793062
2025-12-27 08:00:00+00:00,103921.55974793062
2025-12-27 12:00:00+00:00,103921.55974793062
2025-12-27 16:00:00+00:00,103921.55974793062
2025-12-27 20:00:00+00:00,103921.55974793062
2025-12-28 00:00:00+00:00,103921.55974793062
2025-12-28 04:00:00+00:00,103921.55974793062
2025-12-28 08:00:00+00:00,103921.55974793062
2025-12-28 12:00:00+00:00,103921.55974793062
2025-12-28 16:00:00+00:00,103921.55974793062
2025-12-28 20:00:00+00:00,103921.55974793062
2025-12-29 00:00:00+00:00,103921.55974793062
2025-12-29 04:00:00+00:00,103921.55974793062
2025-12-29 08:00:00+00:00,103921.55974793062
2025-12-29 12:00:00+00:00,103921.55974793062
2025-12-29 16:00:00+00:00,103921.55974793062
2025-12-29 20:00:00+00:00,103921.55974793062
2025-12-30 00:00:00+00:00,103921.55974793062
2025-12-30 04:00:00+00:00,103921.55974793062
2025-12-30 08:00:00+00:00,103921.55974793062
2025-12-30 12:00:00+00:00,103921.55974793062
2025-12-30 16:00:00+00:00,103921.55974793062
2025-12-30 20:00:00+00:00,103921.55974793062
2025-12-31 00:00:00+00:00,103921.55974793062
2025-12-31 04:00:00+00:00,103921.55974793062
2025-12-31 08:00:00+00:00,103921.55974793062
2025-12-31 12:00:00+00:00,103921.55974793062
2025-12-31 16:00:00+00:00,103921.55974793062
2025-12-31 20:00:00+00:00,103921.55974793062
2026-01-01 00:00:00+00:00,103921.55974793062
2026-01-01 04:00:00+00:00,103921.55974793062
2026-01-01 08:00:00+00:00,103921.55974793062
2026-01-01 12:00:00+00:00,103921.55974793062
2026-01-01 16:00:00+00:00,103921.55974793062
2026-01-01 20:00:00+00:00,103921.55974793062
2026-01-02 00:00:00+00:00,103921.55974793062
2026-01-02 04:00:00+00:00,103921.55974793062
2026-01-02 08:00:00+00:00,103921.55974793062
2026-01-02 12:00:00+00:00,103921.55974793062
2026-01-02 16:00:00+00:00,103921.55974793062
2026-01-02 20:00:00+00:00,103921.55974793062
2026-01-03 00:00:00+00:00,103921.55974793062
2026-01-03 04:00:00+00:00,103921.55974793062
2026-01-03 08:00:00+00:00,103921.55974793062
2026-01-03 12:00:00+00:00,103921.55974793062
2026-01-03 16:00:00+00:00,103921.55974793062
2026-01-03 20:00:00+00:00,103921.55974793062
2026-01-04 00:00:00+00:00,103921.55974793062
2026-01-04 04:00:00+00:00,103921.55974793062
2026-01-04 08:00:00+00:00,103921.55974793062
2026-01-04 12:00:00+00:00,103921.55974793062
2026-01-04 16:00:00+00:00,103921.55974793062
2026-01-04 20:00:00+00:00,103921.55974793062
2026-01-05 00:00:00+00:00,103921.55974793062
2026-01-05 04:00:00+00:00,103921.55974793062
2026-01-05 08:00:00+00:00,103921.55974793062
2026-01-05 12:00:00+00:00,103921.55974793062
2026-01-05 16:00:00+00:00,103921.55974793062
2026-01-05 20:00:00+00:00,103921.55974793062
2026-01-06 00:00:00+00:00,103921.55974793062
2026-01-06 04:00:00+00:00,103921.55974793062
2026-01-06 08:00:00+00:00,103921.55974793062
2026-01-06 12:00:00+00:00,103921.55974793062
2026-01-06 16:00:00+00:00,103921.55974793062
2026-01-06 20:00:00+00:00,103921.55974793062
2026-01-07 00:00:00+00:00,103921.55974793062
2026-01-07 04:00:00+00:00,103921.55974793062
2026-01-07 08:00:00+00:00,103921.55974793062
2026-01-07 12:00:00+00:00,103921.55974793062
2026-01-07 16:00:00+00:00,103921.55974793062
2026-01-07 20:00:00+00:00,103921.55974793062
2026-01-08 00:00:00+00:00,103921.55974793062
2026-01-08 04:00:00+00:00,103921.55974793062
2026-01-08 08:00:00+00:00,103921.55974793062
2026-01-08 12:00:00+00:00,103921.55974793062
2026-01-08 16:00:00+00:00,103921.55974793062
2026-01-08 20:00:00+00:00,103921.55974793062
2026-01-09 00:00:00+00:00,103921.55974793062
2026-01-09 04:00:00+00:00,103921.55974793062
2026-01-09 08:00:00+00:00,103921.55974793062
2026-01-09 12:00:00+00:00,103921.55974793062
2026-01-09 16:00:00+00:00,103921.55974793062
2026-01-09 20:00:00+00:00,103921.55974793062
2026-01-10 00:00:00+00:00,103921.55974793062
2026-01-10 04:00:00+00:00,103921.55974793062
2026-01-10 08:00:00+00:00,103921.55974793062
2026-01-10 12:00:00+00:00,103921.55974793062
2026-01-10 16:00:00+00:00,103921.55974793062
2026-01-10 20:00:00+00:00,103921.55974793062
2026-01-11 00:00:00+00:00,103921.55974793062
2026-01-11 04:00:00+00:00,103921.55974793062
2026-01-11 08:00:00+00:00,103921.55974793062
2026-01-11 12:00:00+00:00,103921.55974793062
2026-01-11 16:00:00+00:00,103921.55974793062
2026-01-11 20:00:00+00:00,103921.55974793062
2026-01-12 00:00:00+00:00,103921.55974793062
2026-01-12 04:00:00+00:00,103921.55974793062
2026-01-12 08:00:00+00:00,103921.55974793062
2026-01-12 12:00:00+00:00,103921.55974793062
2026-01-12 16:00:00+00:00,103921.55974793062
2026-01-12 20:00:00+00:00,103921.55974793062
2026-01-13 00:00:00+00:00,103921.55974793062
2026-01-13 04:00:00+00:00,103921.55974793062
2026-01-13 08:00:00+00:00,103921.55974793062
2026-01-13 12:00:00+00:00,103921.55974793062
2026-01-13 16:00:00+00:00,103921.55974793062
2026-01-13 20:00:00+00:00,103921.55974793062
2026-01-14 00:00:00+00:00,103921.55974793062
2026-01-14 04:00:00+00:00,103921.55974793062
2026-01-14 08:00:00+00:00,103921.55974793062
2026-01-14 12:00:00+00:00,103921.55974793062
2026-01-14 16:00:00+00:00,103921.55974793062
2026-01-14 20:00:00+00:00,103921.55974793062
2026-01-15 00:00:00+00:00,103921.55974793062
2026-01-15 04:00:00+00:00,103921.55974793062
2026-01-15 08:00:00+00:00,103921.55974793062
2026-01-15 12:00:00+00:00,103921.55974793062
2026-01-15 16:00:00+00:00,103921.55974793062
2026-01-15 20:00:00+00:00,103921.55974793062
2026-01-16 00:00:00+00:00,103921.55974793062
2026-01-16 04:00:00+00:00,103921.55974793062
2026-01-16 08:00:00+00:00,103921.55974793062
2026-01-16 12:00:00+00:00,103921.55974793062
2026-01-16 16:00:00+00:00,103921.55974793062
2026-01-16 20:00:00+00:00,103921.55974793062
2026-01-17 00:00:00+00:00,103921.55974793062
2026-01-17 04:00:00+00:00,103921.55974793062
2026-01-17 08:00:00+00:00,103921.55974793062
2026-01-17 12:00:00+00:00,103921.55974793062
2026-01-17 16:00:00+00:00,103921.55974793062
2026-01-17 20:00:00+00:00,103921.55974793062
2026-01-18 00:00:00+00:00,103921.55974793062
2026-01-18 04:00:00+00:00,103921.55974793062
2026-01-18 08:00:00+00:00,103921.55974793062
2026-01-18 12:00:00+00:00,103921.55974793062
2026-01-18 16:00:00+00:00,103921.55974793062
2026-01-18 20:00:00+00:00,103921.55974793062
2026-01-19 00:00:00+00:00,103921.55974793062
2026-01-19 04:00:00+00:00,103921.55974793062
2026-01-19 08:00:00+00:00,103921.55974793062
2026-01-19 12:00:00+00:00,103921.55974793062
2026-01-19 16:00:00+00:00,103921.55974793062
2026-01-19 20:00:00+00:00,103921.55974793062
2026-01-20 00:00:00+00:00,103921.55974793062
2026-01-20 04:00:00+00:00,103921.55974793062
2026-01-20 08:00:00+00:00,103921.5301380835
2026-01-20 12:00:00+00:00,103839.70641691478
2026-01-20 16:00:00+00:00,103744.8285442258
2026-01-20 20:00:00+00:00,103599.81766773976
2026-01-21 00:00:00+00:00,103712.67797280007
2026-01-21 04:00:00+00:00,103682.3044342888
2026-01-21 08:00:00+00:00,103640.95499940103
2026-01-21 12:00:00+00:00,103817.93286216719
2026-01-21 16:00:00+00:00,103818.7937517336
2026-01-21 20:00:00+00:00,103719.82353443914
2026-01-22 00:00:00+00:00,103768.64470651602
2026-01-22 04:00:00+00:00,103758.01013591996
2026-01-22 08:00:00+00:00,103774.0488828417
2026-01-22 12:00:00+00:00,103670.145037556
2026-01-22 16:00:00+00:00,103759.82370762556
2026-01-22 20:00:00+00:00,103729.35124702127
2026-01-23 00:00:00+00:00,103768.67857173705
2026-01-23 04:00:00+00:00,103726.62687910775
2026-01-23 08:00:00+00:00,103683.09848460315
2026-01-23 12:00:00+00:00,103737.07251741801
2026-01-23 16:00:00+00:00,103774.10681019348
2026-01-23 20:00:00+00:00,103734.38201472552
2026-01-24 00:00:00+00:00,103750.49740398962
2026-01-24 04:00:00+00:00,103730.40819839368
2026-01-24 08:00:00+00:00,103729.95814742988
2026-01-24 12:00:00+00:00,103693.01921198732
2026-01-24 16:00:00+00:00,103697.42703786246
2026-01-24 20:00:00+00:00,103688.59534469168
2026-01-25 00:00:00+00:00,103658.2922101926
2026-01-25 04:00:00+00:00,103621.13404200331
2026-01-25 08:00:00+00:00,103612.40394449564
2026-01-25 12:00:00+00:00,103600.25345966312
2026-01-25 16:00:00+00:00,103378.7339193313
2026-01-25 20:00:00+00:00,103399.05216076426
2026-01-26 00:00:00+00:00,103462.21614514088
2026-01-26 04:00:00+00:00,103551.63458772245
2026-01-26 08:00:00+00:00,103535.3641313936
2026-01-26 12:00:00+00:00,103514.65376634861
2026-01-26 16:00:00+00:00,103553.44281228789
2026-01-26 20:00:00+00:00,103591.94311265832
2026-01-27 00:00:00+00:00,103635.68628395948
2026-01-27 04:00:00+00:00,103586.00065755613
2026-01-27 08:00:00+00:00,103551.25315839075
2026-01-27 12:00:00+00:00,103552.16841054882
2026-01-27 16:00:00+00:00,103595.90266994972
2026-01-27 20:00:00+00:00,103688.51335520917
2026-01-28 00:00:00+00:00,103684.34713207583
2026-01-28 04:00:00+00:00,103684.34713207583
2026-01-28 08:00:00+00:00,103684.34713207583
2026-01-28 12:00:00+00:00,103684.34713207583
2026-01-28 16:00:00+00:00,103684.34713207583
2026-01-28 20:00:00+00:00,103684.34713207583
2026-01-29 00:00:00+00:00,103684.34713207583
2026-01-29 04:00:00+00:00,103684.34713207583
2026-01-29 08:00:00+00:00,103684.34713207583
2026-01-29 12:00:00+00:00,103684.34713207583
2026-01-29 16:00:00+00:00,103564.91263668369
2026-01-29 20:00:00+00:00,103650.47804050216
2026-01-30 00:00:00+00:00,103408.24731429365
2026-01-30 04:00:00+00:00,103424.0549382695
2026-01-30 08:00:00+00:00,103466.21146798173
2026-01-30 12:00:00+00:00,103431.42189476585
2026-01-30 16:00:00+00:00,103607.79516314606
2026-01-30 20:00:00+00:00,103597.13925031971
2026-01-31 00:00:00+00:00,103568.96771063688
2026-01-31 04:00:00+00:00,103509.50666628104
2026-01-31 08:00:00+00:00,103440.25899468128
2026-01-31 12:00:00+00:00,103230.44402336741
2026-01-31 16:00:00+00:00,102826.11446224927
2026-01-31 20:00:00+00:00,102924.591145114
2026-02-01 00:00:00+00:00,102946.2602375885
2026-02-01 04:00:00+00:00,102881.61213750456
2026-02-01 08:00:00+00:00,102930.2825775317
2026-02-01 12:00:00+00:00,102805.50093083915
2026-02-01 16:00:00+00:00,102727.95205955664
2026-02-01 20:00:00+00:00,102721.9539890379
2026-02-02 00:00:00+00:00,102628.07878820674
2026-02-02 04:00:00+00:00,102680.53109814688
2026-02-02 08:00:00+00:00,102804.88478886039
2026-02-02 12:00:00+00:00,102946.20865360889
2026-02-02 16:00:00+00:00,102902.24955038672
2026-02-02 20:00:00+00:00,102932.83025296943
2026-02-03 00:00:00+00:00,102935.9740099494
2026-02-03 04:00:00+00:00,102930.4507030949
2026-02-03 08:00:00+00:00,102852.73561676696
2026-02-03 12:00:00+00:00,102859.01835443248
2026-02-03 16:00:00+00:00,102473.79779198565
2026-02-03 20:00:00+00:00,102559.47973738771
2026-02-04 00:00:00+00:00,102679.43446095058
2026-02-04 04:00:00+00:00,102652.66810708286
2026-02-04 08:00:00+00:00,102604.55840401932
2026-02-04 12:00:00+00:00,102368.10030723347
2026-02-04 16:00:00+00:00,102332.39655126774
2026-02-04 20:00:00+00:00,102241.92207205575
2026-02-05 00:00:00+00:00,102001.98014612801
2026-02-05 04:00:00+00:00,101932.34941571666
2026-02-05 08:00:00+00:00,101890.39157985184
2026-02-05 12:00:00+00:00,101539.50397687538
2026-02-05 16:00:00+00:00,101275.18575480217
2026-02-05 20:00:00+00:00,100977.79838075917
2026-02-06 00:00:00+00:00,101145.37275957923
2026-02-06 04:00:00+00:00,101234.33076531638
2026-02-06 08:00:00+00:00,101442.98175368279
2026-02-06 12:00:00+00:00,101701.46716502382
2026-02-06 16:00:00+00:00,101960.2372435116
2026-02-06 20:00:00+00:00,101937.56226343458
2026-02-07 00:00:00+00:00,101966.90208472984
2026-02-07 04:00:00+00:00,101642.95946903201
2026-02-07 08:00:00+00:00,101617.44354904054
2026-02-07 12:00:00+00:00,101754.63782964306
2026-02-07 16:00:00+00:00,101779.71337529001
2026-02-07 20:00:00+00:00,101782.26678228105
2026-02-08 00:00:00+00:00,101754.09619785708
2026-02-08 04:00:00+00:00,101825.91351584885
2026-02-08 08:00:00+00:00,101980.62915486115
2026-02-08 12:00:00+00:00,101978.3040397349
2026-02-08 16:00:00+00:00,101978.3040397349
2026-02-08 20:00:00+00:00,101978.3040397349
2026-02-09 00:00:00+00:00,101978.3040397349
2026-02-09 04:00:00+00:00,101978.3040397349
2026-02-09 08:00:00+00:00,101978.3040397349
2026-02-09 12:00:00+00:00,101978.3040397349
2026-02-09 16:00:00+00:00,101978.3040397349
2026-02-09 20:00:00+00:00,101978.3040397349
2026-02-10 00:00:00+00:00,101978.3040397349
2026-02-10 04:00:00+00:00,101978.3040397349
2026-02-10 08:00:00+00:00,101978.3040397349
2026-02-10 12:00:00+00:00,101978.3040397349
2026-02-10 16:00:00+00:00,101978.3040397349
2026-02-10 20:00:00+00:00,101978.3040397349
2026-02-11 00:00:00+00:00,101978.3040397349
2026-02-11 04:00:00+00:00,101978.3040397349
2026-02-11 08:00:00+00:00,101978.3040397349
2026-02-11 12:00:00+00:00,101978.3040397349
2026-02-11 16:00:00+00:00,101978.3040397349
2026-02-11 20:00:00+00:00,101978.3040397349
2026-02-12 00:00:00+00:00,101978.3040397349
2026-02-12 04:00:00+00:00,101978.3040397349
2026-02-12 08:00:00+00:00,101978.3040397349
2026-02-12 12:00:00+00:00,101978.3040397349
2026-02-12 16:00:00+00:00,101978.3040397349
2026-02-12 20:00:00+00:00,101978.3040397349
2026-02-13 00:00:00+00:00,101978.3040397349
2026-02-13 04:00:00+00:00,101978.3040397349
2026-02-13 08:00:00+00:00,101978.3040397349
2026-02-13 12:00:00+00:00,101978.3040397349
2026-02-13 16:00:00+00:00,101978.3040397349
2026-02-13 20:00:00+00:00,101978.3040397349
2026-02-14 00:00:00+00:00,101978.3040397349
2026-02-14 04:00:00+00:00,101978.3040397349
2026-02-14 08:00:00+00:00,101978.3040397349
2026-02-14 12:00:00+00:00,101978.3040397349
2026-02-14 16:00:00+00:00,101978.3040397349
2026-02-14 20:00:00+00:00,101978.3040397349
2026-02-15 00:00:00+00:00,101978.3040397349
2026-02-15 04:00:00+00:00,101978.3040397349
2026-02-15 08:00:00+00:00,101978.3040397349
2026-02-15 12:00:00+00:00,101978.3040397349
2026-02-15 16:00:00+00:00,101978.3040397349
2026-02-15 20:00:00+00:00,101978.3040397349
2026-02-16 00:00:00+00:00,101978.3040397349
2026-02-16 04:00:00+00:00,101978.3040397349
2026-02-16 08:00:00+00:00,101978.3040397349
2026-02-16 12:00:00+00:00,101978.3040397349
2026-02-16 16:00:00+00:00,101978.3040397349
2026-02-16 20:00:00+00:00,101978.3040397349
2026-02-17 00:00:00+00:00,101978.3040397349
2026-02-17 04:00:00+00:00,101978.3040397349
2026-02-17 08:00:00+00:00,101978.3040397349
2026-02-17 12:00:00+00:00,101978.3040397349
2026-02-17 16:00:00+00:00,101978.3040397349
2026-02-17 20:00:00+00:00,101978.3040397349
2026-02-18 00:00:00+00:00,101978.3040397349
2026-02-18 04:00:00+00:00,101978.3040397349
2026-02-18 08:00:00+00:00,101978.3040397349
2026-02-18 12:00:00+00:00,101978.3040397349
2026-02-18 16:00:00+00:00,101978.3040397349
2026-02-18 20:00:00+00:00,101978.3040397349
2026-02-19 00:00:00+00:00,101978.3040397349
2026-02-19 04:00:00+00:00,101978.3040397349
2026-02-19 08:00:00+00:00,101978.3040397349
2026-02-19 12:00:00+00:00,101978.3040397349
2026-02-19 16:00:00+00:00,101978.3040397349
2026-02-19 20:00:00+00:00,101978.3040397349
2026-02-20 00:00:00+00:00,101978.3040397349
2026-02-20 04:00:00+00:00,101978.3040397349
2026-02-20 08:00:00+00:00,101978.3040397349
2026-02-20 12:00:00+00:00,101978.3040397349
2026-02-20 16:00:00+00:00,101978.3040397349
2026-02-20 20:00:00+00:00,101978.3040397349
2026-02-21 00:00:00+00:00,101978.3040397349
2026-02-21 04:00:00+00:00,101978.3040397349
2026-02-21 08:00:00+00:00,101978.3040397349
2026-02-21 12:00:00+00:00,101978.3040397349
2026-02-21 16:00:00+00:00,101978.3040397349
2026-02-21 20:00:00+00:00,101978.3040397349
2026-02-22 00:00:00+00:00,101978.3040397349
2026-02-22 04:00:00+00:00,101978.3040397349
2026-02-22 08:00:00+00:00,101978.3040397349
2026-02-22 12:00:00+00:00,101978.3040397349
2026-02-22 16:00:00+00:00,101978.3040397349
2026-02-22 20:00:00+00:00,101978.3040397349
2026-02-23 00:00:00+00:00,101978.3040397349
2026-02-23 04:00:00+00:00,102125.52612413492
2026-02-23 08:00:00+00:00,102163.28446717758
2026-02-23 12:00:00+00:00,102087.05533638885
2026-02-23 16:00:00+00:00,101873.0325330213
2026-02-23 20:00:00+00:00,101917.41133897923
2026-02-24 00:00:00+00:00,101749.78082556793
2026-02-24 04:00:00+00:00,101684.94713131775
2026-02-24 08:00:00+00:00,101694.10590840873
2026-02-24 12:00:00+00:00,101820.98973498694
2026-02-24 16:00:00+00:00,101891.9662721662
2026-02-24 20:00:00+00:00,101832.92900840325
2026-02-25 00:00:00+00:00,102041.81509772151
2026-02-25 04:00:00+00:00,101981.11321487957
2026-02-25 08:00:00+00:00,102038.33871091566
2026-02-25 12:00:00+00:00,102334.52993237149
2026-02-25 16:00:00+00:00,102361.02992778804
2026-02-25 20:00:00+00:00,102361.02992778804
2026-02-26 00:00:00+00:00,102361.02992778804
2026-02-26 04:00:00+00:00,102361.02992778804
2026-02-26 08:00:00+00:00,102361.02992778804
2026-02-26 12:00:00+00:00,102361.02992778804
2026-02-26 16:00:00+00:00,102361.02992778804
2026-02-26 20:00:00+00:00,102361.02992778804
2026-02-27 00:00:00+00:00,102361.02992778804
2026-02-27 04:00:00+00:00,102361.02992778804
2026-02-27 08:00:00+00:00,102361.02992778804
2026-02-27 12:00:00+00:00,102361.02992778804
2026-02-27 16:00:00+00:00,102361.02992778804
2026-02-27 20:00:00+00:00,102361.02992778804
2026-02-28 00:00:00+00:00,102361.02992778804
2026-02-28 04:00:00+00:00,102361.02992778804
2026-02-28 08:00:00+00:00,102361.02992778804
2026-02-28 12:00:00+00:00,102361.02992778804
2026-02-28 16:00:00+00:00,102361.02992778804
2026-02-28 20:00:00+00:00,102361.02992778804
2026-03-01 00:00:00+00:00,102361.02992778804
2026-03-01 04:00:00+00:00,102361.02992778804
2026-03-01 08:00:00+00:00,102361.02992778804
2026-03-01 12:00:00+00:00,102361.02992778804
2026-03-01 16:00:00+00:00,102361.02992778804
2026-03-01 20:00:00+00:00,102361.02992778804
2026-03-02 00:00:00+00:00,102361.02992778804
2026-03-02 04:00:00+00:00,102361.02992778804
2026-03-02 08:00:00+00:00,102361.02992778804
2026-03-02 12:00:00+00:00,102361.02992778804
2026-03-02 16:00:00+00:00,102361.02992778804
2026-03-02 20:00:00+00:00,102361.02992778804
2026-03-03 00:00:00+00:00,102361.02992778804
2026-03-03 04:00:00+00:00,102361.02992778804
2026-03-03 08:00:00+00:00,102361.02992778804
2026-03-03 12:00:00+00:00,102361.02992778804
2026-03-03 16:00:00+00:00,102361.02992778804
2026-03-03 20:00:00+00:00,102361.02992778804
2026-03-04 00:00:00+00:00,102361.02992778804
2026-03-04 04:00:00+00:00,102361.02992778804
2026-03-04 08:00:00+00:00,102361.02992778804
2026-03-04 12:00:00+00:00,102361.02992778804
2026-03-04 16:00:00+00:00,102361.02992778804
2026-03-04 20:00:00+00:00,102361.02992778804
2026-03-05 00:00:00+00:00,102361.02992778804
2026-03-05 04:00:00+00:00,102361.02992778804
2026-03-05 08:00:00+00:00,102361.02992778804
2026-03-05 12:00:00+00:00,102361.02992778804
2026-03-05 16:00:00+00:00,102361.02992778804
2026-03-05 20:00:00+00:00,102361.02992778804
2026-03-06 00:00:00+00:00,102361.02992778804
2026-03-06 04:00:00+00:00,102361.02992778804
2026-03-06 08:00:00+00:00,102361.02992778804
2026-03-06 12:00:00+00:00,102361.02992778804
2026-03-06 16:00:00+00:00,102361.02992778804
2026-03-06 20:00:00+00:00,102361.02992778804
2026-03-07 00:00:00+00:00,102361.02992778804
2026-03-07 04:00:00+00:00,102361.02992778804
2026-03-07 08:00:00+00:00,102361.02992778804
2026-03-07 12:00:00+00:00,102361.02992778804
2026-03-07 16:00:00+00:00,102361.02992778804
2026-03-07 20:00:00+00:00,102361.02992778804
2026-03-08 00:00:00+00:00,102361.02992778804
2026-03-08 04:00:00+00:00,102361.02992778804
2026-03-08 08:00:00+00:00,102361.02992778804
2026-03-08 12:00:00+00:00,102361.02992778804
2026-03-08 16:00:00+00:00,102361.02992778804
2026-03-08 20:00:00+00:00,102361.02992778804
2026-03-09 00:00:00+00:00,102361.02992778804
2026-03-09 04:00:00+00:00,102361.02992778804
2026-03-09 08:00:00+00:00,102361.02992778804
2026-03-09 12:00:00+00:00,102361.02992778804
2026-03-09 16:00:00+00:00,102361.02992778804
2026-03-09 20:00:00+00:00,102361.02992778804
2026-03-10 00:00:00+00:00,102361.02992778804
2026-03-10 04:00:00+00:00,102361.02992778804
2026-03-10 08:00:00+00:00,102361.02992778804
2026-03-10 12:00:00+00:00,102361.02992778804
2026-03-10 16:00:00+00:00,102361.02992778804
2026-03-10 20:00:00+00:00,102361.02992778804
2026-03-11 00:00:00+00:00,102361.02992778804
2026-03-11 04:00:00+00:00,102361.02992778804
2026-03-11 08:00:00+00:00,102361.02992778804
2026-03-11 12:00:00+00:00,102361.02992778804
2026-03-11 16:00:00+00:00,102361.02992778804
2026-03-11 20:00:00+00:00,102361.02992778804
2026-03-12 00:00:00+00:00,102361.02992778804
2026-03-12 04:00:00+00:00,102361.02992778804
2026-03-12 08:00:00+00:00,102361.02992778804
2026-03-12 12:00:00+00:00,102361.02992778804
2026-03-12 16:00:00+00:00,102361.02992778804
2026-03-12 20:00:00+00:00,102361.02992778804
2026-03-13 00:00:00+00:00,102361.02992778804
2026-03-13 04:00:00+00:00,102361.02992778804
2026-03-13 08:00:00+00:00,102361.02992778804
2026-03-13 12:00:00+00:00,102361.02992778804
2026-03-13 16:00:00+00:00,102361.02992778804
2026-03-13 20:00:00+00:00,102361.02992778804
2026-03-14 00:00:00+00:00,102361.02992778804
2026-03-14 04:00:00+00:00,102361.02992778804
2026-03-14 08:00:00+00:00,102361.02992778804
2026-03-14 12:00:00+00:00,102361.02992778804
2026-03-14 16:00:00+00:00,102361.02992778804
2026-03-14 20:00:00+00:00,102361.02992778804
2026-03-15 00:00:00+00:00,102361.02992778804
2026-03-15 04:00:00+00:00,102361.02992778804
2026-03-15 08:00:00+00:00,102361.02992778804
2026-03-15 12:00:00+00:00,102361.02992778804
2026-03-15 16:00:00+00:00,102361.02992778804
2026-03-15 20:00:00+00:00,102361.02992778804
2026-03-16 00:00:00+00:00,102361.02992778804
2026-03-16 04:00:00+00:00,102361.02992778804
2026-03-16 08:00:00+00:00,102361.02992778804
2026-03-16 12:00:00+00:00,102361.02992778804
2026-03-16 16:00:00+00:00,102361.02992778804
2026-03-16 20:00:00+00:00,102361.02992778804
2026-03-17 00:00:00+00:00,102361.02992778804
2026-03-17 04:00:00+00:00,102361.02992778804
2026-03-17 08:00:00+00:00,102361.02992778804
2026-03-17 12:00:00+00:00,102361.02992778804
2026-03-17 16:00:00+00:00,102361.02992778804
2026-03-17 20:00:00+00:00,102361.02992778804
2026-03-18 00:00:00+00:00,102361.02992778804
2026-03-18 04:00:00+00:00,102361.02992778804
2026-03-18 08:00:00+00:00,102361.02992778804
2026-03-18 12:00:00+00:00,102361.02992778804
2026-03-18 16:00:00+00:00,102361.02992778804
2026-03-18 20:00:00+00:00,102361.02992778804
2026-03-19 00:00:00+00:00,102361.02992778804
2026-03-19 04:00:00+00:00,102361.02992778804
2026-03-19 08:00:00+00:00,102361.02992778804
2026-03-19 12:00:00+00:00,102361.02992778804
2026-03-19 16:00:00+00:00,102361.02992778804
2026-03-19 20:00:00+00:00,102361.02992778804
2026-03-20 00:00:00+00:00,102361.02992778804
2026-03-20 04:00:00+00:00,102361.02992778804
2026-03-20 08:00:00+00:00,102361.02992778804
2026-03-20 12:00:00+00:00,102361.02992778804
2026-03-20 16:00:00+00:00,102361.02992778804
2026-03-20 20:00:00+00:00,102361.02992778804
2026-03-21 00:00:00+00:00,102361.02992778804
2026-03-21 04:00:00+00:00,102361.02992778804
2026-03-21 08:00:00+00:00,102361.02992778804
2026-03-21 12:00:00+00:00,102361.02992778804
2026-03-21 16:00:00+00:00,102361.02992778804
2026-03-21 20:00:00+00:00,102361.02992778804
2026-03-22 00:00:00+00:00,102361.02992778804
2026-03-22 04:00:00+00:00,102361.02992778804
2026-03-22 08:00:00+00:00,102361.02992778804
2026-03-22 12:00:00+00:00,102361.02992778804
2026-03-22 16:00:00+00:00,102361.02992778804
2026-03-22 20:00:00+00:00,102361.02992778804
2026-03-23 00:00:00+00:00,102361.02992778804
2026-03-23 04:00:00+00:00,102361.02992778804
2026-03-23 08:00:00+00:00,102361.02992778804
2026-03-23 12:00:00+00:00,102361.02992778804
2026-03-23 16:00:00+00:00,102361.02992778804
2026-03-23 20:00:00+00:00,102361.02992778804
2026-03-24 00:00:00+00:00,102361.02992778804
2026-03-24 04:00:00+00:00,102361.02992778804
2026-03-24 08:00:00+00:00,102361.02992778804
2026-03-24 12:00:00+00:00,102361.02992778804
2026-03-24 16:00:00+00:00,102361.02992778804
2026-03-24 20:00:00+00:00,102361.02992778804
2026-03-25 00:00:00+00:00,102361.02992778804
2026-03-25 04:00:00+00:00,102361.02992778804
2026-03-25 08:00:00+00:00,102361.02992778804
2026-03-25 12:00:00+00:00,102361.02992778804
2026-03-25 16:00:00+00:00,102361.02992778804
2026-03-25 20:00:00+00:00,102361.02992778804
2026-03-26 00:00:00+00:00,102361.02992778804
2026-03-26 04:00:00+00:00,102361.02992778804
2026-03-26 08:00:00+00:00,102361.02992778804
2026-03-26 12:00:00+00:00,102361.02992778804
2026-03-26 16:00:00+00:00,102361.02992778804
2026-03-26 20:00:00+00:00,102361.02992778804
2026-03-27 00:00:00+00:00,102361.02992778804
2026-03-27 04:00:00+00:00,102361.02992778804
2026-03-27 08:00:00+00:00,102361.02992778804
2026-03-27 12:00:00+00:00,102263.73085545829
2026-03-27 16:00:00+00:00,102256.33228862425
2026-03-27 20:00:00+00:00,102301.92520728934
2026-03-28 00:00:00+00:00,102275.73044351472
2026-03-28 04:00:00+00:00,102327.97847497217
2026-03-28 08:00:00+00:00,102297.01361413664
2026-03-28 12:00:00+00:00,102394.20823889071
2026-03-28 16:00:00+00:00,102380.17854165276
2026-03-28 20:00:00+00:00,102299.03892684048
2026-03-29 00:00:00+00:00,102380.70255684019
2026-03-29 04:00:00+00:00,102349.35038043134
2026-03-29 08:00:00+00:00,102367.54222118322
2026-03-29 12:00:00+00:00,102321.73945661927
2026-03-29 16:00:00+00:00,102294.52783957473
2026-03-29 20:00:00+00:00,102243.57725533194
2026-03-30 00:00:00+00:00,102419.81063767085
2026-03-30 04:00:00+00:00,102480.57721350253
2026-03-30 08:00:00+00:00,102481.37815441258
2026-03-30 12:00:00+00:00,102481.37815441258
2026-03-30 16:00:00+00:00,102481.37815441258
2026-03-30 20:00:00+00:00,102481.37815441258
2026-03-31 00:00:00+00:00,102481.37815441258
2026-03-31 04:00:00+00:00,102481.37815441258
2026-03-31 08:00:00+00:00,102481.37815441258
2026-03-31 12:00:00+00:00,102481.37815441258
2026-03-31 16:00:00+00:00,102481.37815441258
2026-03-31 20:00:00+00:00,102481.37815441258
2026-04-01 00:00:00+00:00,102481.37815441258
2026-04-01 04:00:00+00:00,102481.37815441258
2026-04-01 08:00:00+00:00,102481.37815441258
2026-04-01 12:00:00+00:00,102481.37815441258
2026-04-01 16:00:00+00:00,102481.37815441258
2026-04-01 20:00:00+00:00,102481.37815441258
2026-04-02 00:00:00+00:00,102481.37815441258
2026-04-02 04:00:00+00:00,102481.37815441258
2026-04-02 08:00:00+00:00,102481.37815441258
2026-04-02 12:00:00+00:00,102481.37815441258
2026-04-02 16:00:00+00:00,102481.37815441258
2026-04-02 20:00:00+00:00,102481.37815441258
2026-04-03 00:00:00+00:00,102481.37815441258
2026-04-03 04:00:00+00:00,102481.37815441258
2026-04-03 08:00:00+00:00,102481.37815441258
2026-04-03 12:00:00+00:00,102481.37815441258
2026-04-03 16:00:00+00:00,102481.37815441258
2026-04-03 20:00:00+00:00,102481.37815441258
2026-04-04 00:00:00+00:00,102481.37815441258
2026-04-04 04:00:00+00:00,102481.37815441258
2026-04-04 08:00:00+00:00,102481.37815441258
2026-04-04 12:00:00+00:00,102481.37815441258
2026-04-04 16:00:00+00:00,102481.37815441258
2026-04-04 20:00:00+00:00,102481.37815441258
2026-04-05 00:00:00+00:00,102481.37815441258
2026-04-05 04:00:00+00:00,102481.37815441258
2026-04-05 08:00:00+00:00,102481.37815441258
2026-04-05 12:00:00+00:00,102481.37815441258
2026-04-05 16:00:00+00:00,102481.37815441258
2026-04-05 20:00:00+00:00,102481.37815441258
2026-04-06 00:00:00+00:00,102481.37815441258
2026-04-06 04:00:00+00:00,102481.37815441258
2026-04-06 08:00:00+00:00,102481.37815441258
2026-04-06 12:00:00+00:00,102481.37815441258
2026-04-06 16:00:00+00:00,102481.37815441258
2026-04-06 20:00:00+00:00,102481.37815441258
2026-04-07 00:00:00+00:00,102481.37815441258
2026-04-07 04:00:00+00:00,102481.37815441258
2026-04-07 08:00:00+00:00,102481.37815441258
2026-04-07 12:00:00+00:00,102481.37815441258
2026-04-07 16:00:00+00:00,102481.37815441258
2026-04-07 20:00:00+00:00,102481.37815441258
2026-04-08 00:00:00+00:00,102481.37815441258
2026-04-08 04:00:00+00:00,102481.37815441258
2026-04-08 08:00:00+00:00,102481.37815441258
2026-04-08 12:00:00+00:00,102481.37815441258
2026-04-08 16:00:00+00:00,102481.37815441258
2026-04-08 20:00:00+00:00,102481.37815441258
2026-04-09 00:00:00+00:00,102481.37815441258
2026-04-09 04:00:00+00:00,102481.37815441258
2026-04-09 08:00:00+00:00,102481.37815441258
2026-04-09 12:00:00+00:00,102481.37815441258
2026-04-09 16:00:00+00:00,102481.37815441258
2026-04-09 20:00:00+00:00,102481.37815441258
2026-04-10 00:00:00+00:00,102481.37815441258
2026-04-10 04:00:00+00:00,102481.37815441258
2026-04-10 08:00:00+00:00,102481.37815441258
2026-04-10 12:00:00+00:00,102481.37815441258
2026-04-10 16:00:00+00:00,102481.37815441258
2026-04-10 20:00:00+00:00,102481.37815441258
2026-04-11 00:00:00+00:00,102481.37815441258
2026-04-11 04:00:00+00:00,102481.37815441258
2026-04-11 08:00:00+00:00,102481.37815441258
2026-04-11 12:00:00+00:00,102481.37815441258
2026-04-11 16:00:00+00:00,102481.37815441258
2026-04-11 20:00:00+00:00,102481.37815441258
2026-04-12 00:00:00+00:00,102481.37815441258
2026-04-12 04:00:00+00:00,102481.37815441258
2026-04-12 08:00:00+00:00,102481.37815441258
2026-04-12 12:00:00+00:00,102481.37815441258
2026-04-12 16:00:00+00:00,102481.37815441258
2026-04-12 20:00:00+00:00,102481.37815441258
2026-04-13 00:00:00+00:00,102481.37815441258
2026-04-13 04:00:00+00:00,102481.37815441258
2026-04-13 08:00:00+00:00,102481.37815441258
2026-04-13 12:00:00+00:00,102481.37815441258
2026-04-13 16:00:00+00:00,102481.37815441258
2026-04-13 20:00:00+00:00,102481.37815441258
2026-04-14 00:00:00+00:00,102481.37815441258
2026-04-14 04:00:00+00:00,102481.37815441258
2026-04-14 08:00:00+00:00,102481.37815441258
2026-04-14 12:00:00+00:00,102481.37815441258
2026-04-14 16:00:00+00:00,102481.37815441258
2026-04-14 20:00:00+00:00,102481.37815441258
2026-04-15 00:00:00+00:00,102481.37815441258
2026-04-15 04:00:00+00:00,102481.37815441258
2026-04-15 08:00:00+00:00,102481.37815441258
2026-04-15 12:00:00+00:00,102481.37815441258
2026-04-15 16:00:00+00:00,102481.37815441258
2026-04-15 20:00:00+00:00,102481.37815441258
2026-04-16 00:00:00+00:00,102481.37815441258
2026-04-16 04:00:00+00:00,102481.37815441258
2026-04-16 08:00:00+00:00,102481.37815441258
2026-04-16 12:00:00+00:00,102481.37815441258
2026-04-16 16:00:00+00:00,102481.37815441258
2026-04-16 20:00:00+00:00,102481.37815441258
2026-04-17 00:00:00+00:00,102481.37815441258
2026-04-17 04:00:00+00:00,102481.37815441258
2026-04-17 08:00:00+00:00,102481.37815441258
2026-04-17 12:00:00+00:00,102481.37815441258
2026-04-17 16:00:00+00:00,102481.37815441258
2026-04-17 20:00:00+00:00,102481.37815441258
2026-04-18 00:00:00+00:00,102481.37815441258
2026-04-18 04:00:00+00:00,102481.37815441258
2026-04-18 08:00:00+00:00,102481.37815441258
2026-04-18 12:00:00+00:00,102481.37815441258
2026-04-18 16:00:00+00:00,102481.37815441258
2026-04-18 20:00:00+00:00,102481.37815441258
2026-04-19 00:00:00+00:00,102481.37815441258
2026-04-19 04:00:00+00:00,102481.37815441258
2026-04-19 08:00:00+00:00,102481.37815441258
2026-04-19 12:00:00+00:00,102481.37815441258
2026-04-19 16:00:00+00:00,102481.37815441258
2026-04-19 20:00:00+00:00,102481.37815441258
2026-04-20 00:00:00+00:00,102481.37815441258
2026-04-20 04:00:00+00:00,102481.37815441258
2026-04-20 08:00:00+00:00,102481.37815441258
2026-04-20 12:00:00+00:00,102481.37815441258
2026-04-20 16:00:00+00:00,102481.37815441258
2026-04-20 20:00:00+00:00,102481.37815441258
2026-04-21 00:00:00+00:00,102481.37815441258
2026-04-21 04:00:00+00:00,102481.37815441258
2026-04-21 08:00:00+00:00,102481.37815441258
2026-04-21 12:00:00+00:00,102481.37815441258
2026-04-21 16:00:00+00:00,102481.37815441258
2026-04-21 20:00:00+00:00,102481.37815441258
2026-04-22 00:00:00+00:00,102481.37815441258
2026-04-22 04:00:00+00:00,102481.37815441258
2026-04-22 08:00:00+00:00,102481.37815441258
2026-04-22 12:00:00+00:00,102481.37815441258
2026-04-22 16:00:00+00:00,102481.37815441258
2026-04-22 20:00:00+00:00,102481.37815441258
2026-04-23 00:00:00+00:00,102481.37815441258
2026-04-23 04:00:00+00:00,102481.37815441258
2026-04-23 08:00:00+00:00,102481.37815441258
2026-04-23 12:00:00+00:00,102481.37815441258
2026-04-23 16:00:00+00:00,102481.37815441258
2026-04-23 20:00:00+00:00,102481.37815441258
2026-04-24 00:00:00+00:00,102481.37815441258
2026-04-24 04:00:00+00:00,102481.37815441258
2026-04-24 08:00:00+00:00,102481.37815441258
2026-04-24 12:00:00+00:00,102481.37815441258
2026-04-24 16:00:00+00:00,102481.37815441258
2026-04-24 20:00:00+00:00,102481.37815441258
2026-04-25 00:00:00+00:00,102481.37815441258
2026-04-25 04:00:00+00:00,102481.37815441258
2026-04-25 08:00:00+00:00,102481.37815441258
2026-04-25 12:00:00+00:00,102481.37815441258
2026-04-25 16:00:00+00:00,102481.37815441258
2026-04-25 20:00:00+00:00,102481.37815441258
2026-04-26 00:00:00+00:00,102481.37815441258
2026-04-26 04:00:00+00:00,102481.37815441258
2026-04-26 08:00:00+00:00,102481.37815441258
2026-04-26 12:00:00+00:00,102481.37815441258
2026-04-26 16:00:00+00:00,102481.37815441258
2026-04-26 20:00:00+00:00,102481.37815441258
2026-04-27 00:00:00+00:00,102481.37815441258
2026-04-27 04:00:00+00:00,102481.37815441258
2026-04-27 08:00:00+00:00,102481.37815441258
2026-04-27 12:00:00+00:00,102481.37815441258
2026-04-27 16:00:00+00:00,102481.37815441258
2026-04-27 20:00:00+00:00,102481.37815441258
2026-04-28 00:00:00+00:00,102481.37815441258
2026-04-28 04:00:00+00:00,102481.37815441258
2026-04-28 08:00:00+00:00,102481.37815441258
2026-04-28 12:00:00+00:00,102481.37815441258
2026-04-28 16:00:00+00:00,102481.37815441258
2026-04-28 20:00:00+00:00,102481.37815441258
2026-04-29 00:00:00+00:00,102481.37815441258
2026-04-29 04:00:00+00:00,102481.37815441258
2026-04-29 08:00:00+00:00,102481.37815441258
2026-04-29 12:00:00+00:00,102481.37815441258
2026-04-29 16:00:00+00:00,102481.37815441258
2026-04-29 20:00:00+00:00,102481.37815441258
2026-04-30 00:00:00+00:00,102481.37815441258
2026-04-30 04:00:00+00:00,102481.37815441258
2026-04-30 08:00:00+00:00,102481.37815441258
2026-04-30 12:00:00+00:00,102481.37815441258
2026-04-30 16:00:00+00:00,102481.37815441258
2026-04-30 20:00:00+00:00,102481.37815441258
2026-05-01 00:00:00+00:00,102481.37815441258
2026-05-01 04:00:00+00:00,102481.37815441258
2026-05-01 08:00:00+00:00,102481.37815441258
2026-05-01 12:00:00+00:00,102481.37815441258
2026-05-01 16:00:00+00:00,102481.37815441258
2026-05-01 20:00:00+00:00,102481.37815441258
2026-05-02 00:00:00+00:00,102481.37815441258
2026-05-02 04:00:00+00:00,102481.37815441258
2026-05-02 08:00:00+00:00,102481.37815441258
2026-05-02 12:00:00+00:00,102481.37815441258
2026-05-02 16:00:00+00:00,102481.37815441258
2026-05-02 20:00:00+00:00,102481.37815441258
2026-05-03 00:00:00+00:00,102481.37815441258
2026-05-03 04:00:00+00:00,102481.37815441258
2026-05-03 08:00:00+00:00,102481.37815441258
2026-05-03 12:00:00+00:00,102481.37815441258
2026-05-03 16:00:00+00:00,102481.37815441258
2026-05-03 20:00:00+00:00,102481.37815441258
2026-05-04 00:00:00+00:00,102481.37815441258
2026-05-04 04:00:00+00:00,102481.37815441258
2026-05-04 08:00:00+00:00,102481.37815441258
2026-05-04 12:00:00+00:00,102481.37815441258
2026-05-04 16:00:00+00:00,102481.37815441258
2026-05-04 20:00:00+00:00,102481.37815441258
2026-05-05 00:00:00+00:00,102481.37815441258
2026-05-05 04:00:00+00:00,102481.37815441258
2026-05-05 08:00:00+00:00,102481.37815441258
2026-05-06 00:00:00+00:00,102481.37815441258
2026-05-06 04:00:00+00:00,102481.37815441258
2026-05-06 08:00:00+00:00,102481.37815441258
2026-05-06 12:00:00+00:00,102481.37815441258
2026-05-06 16:00:00+00:00,102481.37815441258
2026-05-06 20:00:00+00:00,102481.37815441258
2026-05-07 00:00:00+00:00,102481.37815441258
2026-05-07 04:00:00+00:00,102481.37815441258
2026-05-07 08:00:00+00:00,102481.37815441258
2026-05-07 12:00:00+00:00,102481.37815441258
2026-05-07 16:00:00+00:00,102481.37815441258
2026-05-07 20:00:00+00:00,102481.37815441258
2026-05-08 00:00:00+00:00,102481.37815441258
2026-05-08 04:00:00+00:00,102481.37815441258
2026-05-08 08:00:00+00:00,102481.37815441258
2026-05-08 12:00:00+00:00,102481.37815441258
2026-05-08 16:00:00+00:00,102481.37815441258
2026-05-08 20:00:00+00:00,102481.37815441258
2026-05-09 00:00:00+00:00,102481.37815441258
2026-05-09 04:00:00+00:00,102481.37815441258
2026-05-09 08:00:00+00:00,102481.37815441258
2026-05-09 12:00:00+00:00,102481.37815441258
2026-05-09 16:00:00+00:00,102481.37815441258
2026-05-09 20:00:00+00:00,102481.37815441258
2026-05-10 00:00:00+00:00,102481.37815441258
2026-05-10 04:00:00+00:00,102481.37815441258
2026-05-10 08:00:00+00:00,102481.37815441258
2026-05-10 12:00:00+00:00,102481.37815441258
2026-05-10 16:00:00+00:00,102481.37815441258
2026-05-10 20:00:00+00:00,102481.37815441258
2026-05-11 00:00:00+00:00,102481.37815441258
2026-05-11 04:00:00+00:00,102481.37815441258
2026-05-11 08:00:00+00:00,102481.37815441258
2026-05-11 12:00:00+00:00,102481.37815441258
2026-05-11 16:00:00+00:00,102481.37815441258
2026-05-11 20:00:00+00:00,102481.37815441258
2026-05-12 00:00:00+00:00,102481.37815441258
2026-05-12 04:00:00+00:00,102481.37815441258
2026-05-12 08:00:00+00:00,102481.37815441258
2026-05-12 12:00:00+00:00,102481.37815441258
2026-05-12 16:00:00+00:00,102481.37815441258
2026-05-12 20:00:00+00:00,102481.37815441258
2026-05-13 00:00:00+00:00,102481.37815441258
2026-05-13 04:00:00+00:00,102481.37815441258
2026-05-13 08:00:00+00:00,102481.37815441258
2026-05-13 12:00:00+00:00,102481.37815441258
2026-05-13 16:00:00+00:00,102481.37815441258
2026-05-13 20:00:00+00:00,102481.37815441258
2026-05-14 00:00:00+00:00,102481.37815441258
2026-05-14 04:00:00+00:00,102481.37815441258
2026-05-14 08:00:00+00:00,102481.37815441258
2026-05-14 12:00:00+00:00,102481.37815441258
2026-05-14 16:00:00+00:00,102481.37815441258
2026-05-14 20:00:00+00:00,102481.37815441258
2026-05-15 00:00:00+00:00,102481.37815441258
2026-05-15 04:00:00+00:00,102481.37815441258
2026-05-15 08:00:00+00:00,102481.37815441258
2026-05-15 12:00:00+00:00,102481.37815441258
2026-05-15 16:00:00+00:00,102481.37815441258
2026-05-15 20:00:00+00:00,102481.37815441258
2026-05-16 00:00:00+00:00,102481.37815441258
2026-05-16 04:00:00+00:00,102481.37815441258
2026-05-16 08:00:00+00:00,102481.37815441258
2026-05-16 12:00:00+00:00,102481.37815441258
2026-05-16 16:00:00+00:00,102481.37815441258
2026-05-16 20:00:00+00:00,102481.37815441258
2026-05-17 00:00:00+00:00,102481.37815441258
2026-05-17 04:00:00+00:00,102481.37815441258
2026-05-17 08:00:00+00:00,102481.37815441258
2026-05-17 12:00:00+00:00,102481.37815441258
2026-05-17 16:00:00+00:00,102481.37815441258
2026-05-17 20:00:00+00:00,102481.37815441258
2026-05-18 00:00:00+00:00,102481.37815441258
2026-05-18 04:00:00+00:00,102481.37815441258
2026-05-18 08:00:00+00:00,102481.37815441258
2026-05-18 12:00:00+00:00,102481.37815441258
2026-05-18 16:00:00+00:00,102481.37815441258
2026-05-18 20:00:00+00:00,102481.37815441258
2026-05-19 00:00:00+00:00,102481.37815441258
2026-05-19 04:00:00+00:00,102481.37815441258
2026-05-19 08:00:00+00:00,102481.37815441258
2026-05-19 12:00:00+00:00,102481.37815441258
2026-05-19 16:00:00+00:00,102481.37815441258
2026-05-19 20:00:00+00:00,102481.37815441258
2026-05-20 00:00:00+00:00,102481.37815441258
2026-05-20 04:00:00+00:00,102481.37815441258
2026-05-20 08:00:00+00:00,102481.37815441258
2026-05-20 12:00:00+00:00,102481.37815441258
2026-05-20 16:00:00+00:00,102481.37815441258
2026-05-20 20:00:00+00:00,102481.37815441258
2026-05-21 00:00:00+00:00,102481.37815441258
2026-05-21 04:00:00+00:00,102481.37815441258
2026-05-21 08:00:00+00:00,102481.37815441258
2026-05-21 12:00:00+00:00,102481.37815441258
2026-05-21 16:00:00+00:00,102481.37815441258
2026-05-21 20:00:00+00:00,102481.37815441258
2026-05-22 00:00:00+00:00,102481.37815441258
2026-05-22 04:00:00+00:00,102481.37815441258
2026-05-22 08:00:00+00:00,102481.37815441258
2026-05-22 12:00:00+00:00,102481.37815441258
2026-05-22 16:00:00+00:00,102481.37815441258
2026-05-22 20:00:00+00:00,102481.37815441258
2026-05-23 00:00:00+00:00,102481.37815441258
2026-05-23 04:00:00+00:00,102481.37815441258
2026-05-23 08:00:00+00:00,102500.21455812542
2026-05-23 12:00:00+00:00,102599.01249685553
2026-05-23 16:00:00+00:00,102659.95921446546
2026-05-23 20:00:00+00:00,102766.90679888033
2026-05-24 00:00:00+00:00,102761.36944622114
2026-05-24 04:00:00+00:00,102761.36944622114
2026-05-24 08:00:00+00:00,102761.36944622114
2026-05-24 12:00:00+00:00,102761.36944622114
2026-05-24 16:00:00+00:00,102761.36944622114
2026-05-24 20:00:00+00:00,102761.36944622114
2026-05-25 00:00:00+00:00,102761.36944622114
2026-05-25 04:00:00+00:00,102761.36944622114
2026-05-25 08:00:00+00:00,102761.36944622114
2026-05-25 12:00:00+00:00,102761.36944622114
2026-05-25 16:00:00+00:00,102761.36944622114
2026-05-25 20:00:00+00:00,102761.36944622114
2026-05-26 00:00:00+00:00,102761.36944622114
2026-05-26 04:00:00+00:00,102761.36944622114
2026-05-26 08:00:00+00:00,102761.36944622114
2026-05-26 12:00:00+00:00,102761.36944622114
2026-05-26 16:00:00+00:00,102761.36944622114
2026-05-26 20:00:00+00:00,102761.36944622114
2026-05-27 00:00:00+00:00,102761.36944622114
2026-05-27 04:00:00+00:00,102761.36944622114
2026-05-27 08:00:00+00:00,102761.36944622114
2026-05-27 12:00:00+00:00,102761.36944622114
2026-05-27 16:00:00+00:00,102761.36944622114
2026-05-27 20:00:00+00:00,102761.36944622114
2026-05-28 00:00:00+00:00,102761.36944622114
2026-05-28 04:00:00+00:00,102789.34454605938
2026-05-28 08:00:00+00:00,102791.67319539834
2026-05-28 12:00:00+00:00,102709.5721121512
2026-05-28 16:00:00+00:00,102780.68539597152
2026-05-28 20:00:00+00:00,102810.91611711634
2026-05-29 00:00:00+00:00,102765.30599005916
2026-05-29 04:00:00+00:00,102796.635710727
2026-05-29 08:00:00+00:00,102790.85416078879
2026-05-29 12:00:00+00:00,102836.48734378001
2026-05-29 16:00:00+00:00,102795.24137566784
2026-05-29 20:00:00+00:00,102790.45123089374
2026-05-30 00:00:00+00:00,102798.83261187139
2026-05-30 04:00:00+00:00,102802.1296104404
2026-05-30 08:00:00+00:00,102808.50622305741
2026-05-30 12:00:00+00:00,102853.27974907908
2026-05-30 16:00:00+00:00,102865.92757575744
2026-05-30 20:00:00+00:00,102844.83249400415
2026-05-31 00:00:00+00:00,102883.92437913518
2026-05-31 04:00:00+00:00,102844.68317938365
2026-05-31 08:00:00+00:00,102855.69952425262
2026-05-31 12:00:00+00:00,102815.16170268624
2026-05-31 16:00:00+00:00,102801.07123327738
2026-05-31 20:00:00+00:00,102819.71689651336
2026-06-01 00:00:00+00:00,102831.88274437992
2026-06-01 04:00:00+00:00,102697.00443229121
2026-06-01 08:00:00+00:00,102651.47115834753
2026-06-01 12:00:00+00:00,102456.17202632916
2026-06-01 16:00:00+00:00,102526.68805166746
2026-06-01 20:00:00+00:00,102500.9938600222
2026-06-02 00:00:00+00:00,102435.27017526125
2026-06-02 04:00:00+00:00,102318.84758942801
2026-06-02 08:00:00+00:00,102225.94644793132
2026-06-02 12:00:00+00:00,101919.49026625587
2026-06-02 16:00:00+00:00,101921.37536333979
2026-06-02 20:00:00+00:00,101847.43278704117
2026-06-03 00:00:00+00:00,101719.86869555412
2026-06-03 04:00:00+00:00,101913.35519199558
2026-06-03 08:00:00+00:00,101890.9206702642
2026-06-03 12:00:00+00:00,101750.88551425985
2026-06-03 16:00:00+00:00,101664.6667509817
2026-06-03 20:00:00+00:00,101479.72412495787
2026-06-04 00:00:00+00:00,101513.92705416886
2026-06-04 04:00:00+00:00,101409.56546659734
2026-06-04 08:00:00+00:00,101259.468042233
2026-06-04 12:00:00+00:00,101448.2132505225
2026-06-04 16:00:00+00:00,101408.86280955965
2026-06-04 20:00:00+00:00,101446.7964084801
2026-06-05 00:00:00+00:00,101285.5130134463
2026-06-05 04:00:00+00:00,101341.28257315695
2026-06-05 08:00:00+00:00,101178.71737798017
2026-06-05 12:00:00+00:00,100968.61578735147
2026-06-05 16:00:00+00:00,100949.22245311135
2026-06-05 20:00:00+00:00,101056.19210598446
2026-06-06 00:00:00+00:00,101005.57115592729
2026-06-06 04:00:00+00:00,101048.40249398074
2026-06-06 08:00:00+00:00,101020.96812826558
2026-06-06 12:00:00+00:00,101017.1133956729
2026-06-06 16:00:00+00:00,100992.09441352478
2026-06-06 20:00:00+00:00,101031.48108524115
2026-06-07 00:00:00+00:00,101147.19497557778
2026-06-07 04:00:00+00:00,101245.63283495112
2026-06-07 08:00:00+00:00,101277.79915665444
2026-06-07 12:00:00+00:00,101202.5824655242
2026-06-07 16:00:00+00:00,101093.6832505515
2026-06-07 20:00:00+00:00,101376.89356119737
2026-06-08 00:00:00+00:00,101368.78455948297
2026-06-08 04:00:00+00:00,101368.78455948297
2026-06-08 08:00:00+00:00,101368.78455948297
2026-06-08 12:00:00+00:00,101368.78455948297
2026-06-08 16:00:00+00:00,101368.78455948297
2026-06-08 20:00:00+00:00,101368.78455948297
2026-06-09 00:00:00+00:00,101368.78455948297
2026-06-09 04:00:00+00:00,101368.78455948297
2026-06-09 08:00:00+00:00,101368.78455948297
2026-06-09 12:00:00+00:00,101368.78455948297
2026-06-09 16:00:00+00:00,101368.78455948297
2026-06-09 20:00:00+00:00,101368.78455948297
2026-06-10 00:00:00+00:00,101368.78455948297
2026-06-10 04:00:00+00:00,101368.78455948297
2026-06-10 08:00:00+00:00,101368.78455948297
2026-06-10 12:00:00+00:00,101368.78455948297
2026-06-10 16:00:00+00:00,101368.78455948297
2026-06-10 20:00:00+00:00,101368.78455948297
2026-06-11 00:00:00+00:00,101368.78455948297
2026-06-11 04:00:00+00:00,101368.78455948297
2026-06-11 08:00:00+00:00,101368.78455948297
2026-06-11 12:00:00+00:00,101368.78455948297
2026-06-11 16:00:00+00:00,101368.78455948297
2026-06-11 20:00:00+00:00,101368.78455948297
2026-06-12 00:00:00+00:00,101368.78455948297
2026-06-12 04:00:00+00:00,101368.78455948297
2026-06-12 08:00:00+00:00,101368.78455948297
2026-06-12 12:00:00+00:00,101368.78455948297
2026-06-12 16:00:00+00:00,101368.78455948297
2026-06-12 20:00:00+00:00,101368.78455948297
2026-06-13 00:00:00+00:00,101368.78455948297
2026-06-13 04:00:00+00:00,101368.78455948297
2026-06-13 08:00:00+00:00,101368.78455948297
2026-06-13 12:00:00+00:00,101368.78455948297
2026-06-13 16:00:00+00:00,101368.78455948297
2026-06-13 20:00:00+00:00,101368.78455948297
2026-06-14 00:00:00+00:00,101368.78455948297
2026-06-14 04:00:00+00:00,101368.78455948297
2026-06-14 08:00:00+00:00,101368.78455948297
2026-06-14 12:00:00+00:00,101368.78455948297
2026-06-14 16:00:00+00:00,101368.78455948297
2026-06-14 20:00:00+00:00,101368.78455948297
2026-06-15 00:00:00+00:00,101368.78455948297
2026-06-15 04:00:00+00:00,101368.78455948297
2026-06-15 08:00:00+00:00,101368.78455948297
2026-06-15 12:00:00+00:00,101368.78455948297
2026-06-15 16:00:00+00:00,101368.78455948297
2026-06-15 20:00:00+00:00,101368.78455948297
2026-06-16 00:00:00+00:00,101368.78455948297
2026-06-16 04:00:00+00:00,101368.78455948297
2026-06-16 08:00:00+00:00,101368.78455948297
2026-06-16 12:00:00+00:00,101368.78455948297
2026-06-16 16:00:00+00:00,101368.78455948297
2026-06-16 20:00:00+00:00,101368.78455948297
2026-06-17 00:00:00+00:00,101368.78455948297
2026-06-17 04:00:00+00:00,101368.78455948297
2026-06-17 08:00:00+00:00,101368.78455948297
2026-06-17 12:00:00+00:00,101368.78455948297
2026-06-17 16:00:00+00:00,101368.78455948297
2026-06-17 20:00:00+00:00,101368.78455948297
2026-06-18 00:00:00+00:00,101368.78455948297
2026-06-18 04:00:00+00:00,101368.78455948297
2026-06-18 08:00:00+00:00,101368.78455948297
2026-06-18 12:00:00+00:00,101368.78455948297
2026-06-18 16:00:00+00:00,101368.78455948297
2026-06-18 20:00:00+00:00,101368.78455948297
2026-06-19 00:00:00+00:00,101368.78455948297
2026-06-19 04:00:00+00:00,101368.78455948297
2026-06-19 08:00:00+00:00,101368.78455948297
2026-06-19 12:00:00+00:00,101368.78455948297
2026-06-19 16:00:00+00:00,101368.78455948297
2026-06-19 20:00:00+00:00,101368.78455948297
2026-06-20 00:00:00+00:00,101368.78455948297
2026-06-20 04:00:00+00:00,101368.78455948297
2026-06-20 08:00:00+00:00,101368.78455948297
2026-06-20 12:00:00+00:00,101368.78455948297
2026-06-20 16:00:00+00:00,101368.78455948297
2026-06-20 20:00:00+00:00,101368.78455948297
2026-06-21 00:00:00+00:00,101368.78455948297
2026-06-21 04:00:00+00:00,101368.78455948297
2026-06-21 08:00:00+00:00,101368.78455948297
2026-06-21 12:00:00+00:00,101368.78455948297
2026-06-21 16:00:00+00:00,101368.78455948297
2026-06-21 20:00:00+00:00,101368.78455948297
2026-06-22 00:00:00+00:00,101368.78455948297
2026-06-22 04:00:00+00:00,101368.78455948297
2026-06-22 08:00:00+00:00,101368.78455948297
2026-06-22 12:00:00+00:00,101368.78455948297
2026-06-22 16:00:00+00:00,101368.78455948297
2026-06-22 20:00:00+00:00,101368.78455948297
2026-06-23 00:00:00+00:00,101368.78455948297
2026-06-23 04:00:00+00:00,101368.78455948297
2026-06-23 08:00:00+00:00,101368.78455948297
2026-06-23 12:00:00+00:00,101368.78455948297
2026-06-23 16:00:00+00:00,101368.78455948297
2026-06-23 20:00:00+00:00,101368.78455948297
2026-06-24 00:00:00+00:00,101368.78455948297
2026-06-24 04:00:00+00:00,101368.78455948297
2026-06-24 08:00:00+00:00,101368.78455948297
2026-06-24 12:00:00+00:00,101368.78455948297
2026-06-24 16:00:00+00:00,101312.46884381794
2026-06-24 20:00:00+00:00,101499.17424844213
2026-06-25 00:00:00+00:00,101465.33314950248
2026-06-25 04:00:00+00:00,101639.5985895809
2026-06-25 08:00:00+00:00,101532.17904171493
2026-06-25 12:00:00+00:00,101242.59619624156
2026-06-25 16:00:00+00:00,101196.80599351732
2026-06-25 20:00:00+00:00,101283.65150079211
2026-06-26 00:00:00+00:00,101323.6474409653
2026-06-26 04:00:00+00:00,101406.96217230904
2026-06-26 08:00:00+00:00,101220.3784958897
2026-06-26 12:00:00+00:00,101371.79259096073
2026-06-26 16:00:00+00:00,101274.25210940652
2026-06-26 20:00:00+00:00,101334.27464224419
2026-06-27 00:00:00+00:00,101368.18417217469
2026-06-27 04:00:00+00:00,101409.64677271878
2026-06-27 08:00:00+00:00,101378.1645689921
2026-06-27 12:00:00+00:00,101458.38871991314
2026-06-27 16:00:00+00:00,101346.64814977
2026-06-27 20:00:00+00:00,101322.61308021919
2026-06-28 00:00:00+00:00,101351.40673559434
2026-06-28 04:00:00+00:00,101355.59813378309
2026-06-28 08:00:00+00:00,101376.01162474194
2026-06-28 12:00:00+00:00,101299.7433114835
2026-06-28 16:00:00+00:00,101231.03070079985
2026-06-28 20:00:00+00:00,101244.34776641085
2026-06-29 00:00:00+00:00,101323.93827267636
2026-06-29 04:00:00+00:00,101322.21697006069
2026-06-29 08:00:00+00:00,101313.34199694141
2026-06-29 12:00:00+00:00,101283.83837003632
2026-06-29 16:00:00+00:00,101389.43725875186
2026-06-29 20:00:00+00:00,101386.15193608163
2026-06-30 00:00:00+00:00,101386.15193608163
2026-06-30 04:00:00+00:00,101386.15193608163
2026-06-30 08:00:00+00:00,101386.15193608163
2026-06-30 12:00:00+00:00,101386.15193608163
2026-06-30 16:00:00+00:00,101386.15193608163
2026-06-30 20:00:00+00:00,101386.15193608163
2026-07-01 00:00:00+00:00,101386.15193608163
2026-07-01 04:00:00+00:00,101386.15193608163
2026-07-01 08:00:00+00:00,101386.15193608163
2026-07-01 12:00:00+00:00,101386.15193608163
2026-07-01 16:00:00+00:00,101386.15193608163
2026-07-01 20:00:00+00:00,101386.15193608163
2026-07-02 00:00:00+00:00,101386.15193608163
2026-07-02 04:00:00+00:00,101386.15193608163
2026-07-02 08:00:00+00:00,101386.15193608163
2026-07-02 12:00:00+00:00,101386.15193608163
2026-07-02 16:00:00+00:00,101386.15193608163
2026-07-02 20:00:00+00:00,101386.15193608163
2026-07-03 00:00:00+00:00,101386.15193608163
2026-07-03 04:00:00+00:00,101386.15193608163
2026-07-03 08:00:00+00:00,101386.15193608163
2026-07-03 12:00:00+00:00,101386.15193608163
2026-07-03 16:00:00+00:00,101386.15193608163
2026-07-03 20:00:00+00:00,101386.15193608163
2026-07-04 00:00:00+00:00,101386.15193608163
2026-07-04 04:00:00+00:00,101386.15193608163
2026-07-04 08:00:00+00:00,101386.15193608163
2026-07-04 12:00:00+00:00,101386.15193608163
2026-07-04 16:00:00+00:00,101386.15193608163
2026-07-04 20:00:00+00:00,101386.15193608163
2026-07-05 00:00:00+00:00,101386.15193608163
2026-07-05 04:00:00+00:00,101386.15193608163
2026-07-05 08:00:00+00:00,101386.15193608163
2026-07-05 12:00:00+00:00,101386.15193608163
2026-07-05 16:00:00+00:00,101386.15193608163
2026-07-05 20:00:00+00:00,101386.15193608163
2026-07-06 00:00:00+00:00,101386.15193608163
2026-07-06 04:00:00+00:00,101386.15193608163
2026-07-06 08:00:00+00:00,101386.15193608163
2026-07-06 12:00:00+00:00,101386.15193608163
2026-07-06 16:00:00+00:00,101386.15193608163
2026-07-06 20:00:00+00:00,101386.15193608163
2026-07-07 00:00:00+00:00,101386.15193608163
2026-07-07 04:00:00+00:00,101386.15193608163
2026-07-07 08:00:00+00:00,101386.15193608163
2026-07-07 12:00:00+00:00,101386.15193608163
2026-07-07 16:00:00+00:00,101386.15193608163
2026-07-07 20:00:00+00:00,101386.15193608163
2026-07-08 00:00:00+00:00,101386.15193608163
2026-07-08 04:00:00+00:00,101386.15193608163
2026-07-08 08:00:00+00:00,101386.15193608163
2026-07-08 12:00:00+00:00,101386.15193608163
2026-07-08 16:00:00+00:00,101386.15193608163
2026-07-08 20:00:00+00:00,101386.15193608163
2026-07-09 00:00:00+00:00,101386.15193608163
2026-07-09 04:00:00+00:00,101386.15193608163
2026-07-09 08:00:00+00:00,101386.15193608163
2026-07-09 12:00:00+00:00,101386.15193608163
2026-07-09 16:00:00+00:00,101386.15193608163
2026-07-09 20:00:00+00:00,101386.15193608163
2026-07-10 00:00:00+00:00,101386.15193608163
2026-07-10 04:00:00+00:00,101386.15193608163
2026-07-10 08:00:00+00:00,101386.15193608163
2026-07-10 12:00:00+00:00,101386.15193608163
2026-07-10 16:00:00+00:00,101386.15193608163
2026-07-10 20:00:00+00:00,101386.15193608163
2026-07-11 00:00:00+00:00,101386.15193608163
2026-07-11 04:00:00+00:00,101386.15193608163
2026-07-11 08:00:00+00:00,101386.15193608163
2026-07-11 12:00:00+00:00,101386.15193608163
2026-07-11 16:00:00+00:00,101386.15193608163
2026-07-11 20:00:00+00:00,101386.15193608163
2026-07-12 00:00:00+00:00,101386.15193608163
2026-07-12 04:00:00+00:00,101386.15193608163
2026-07-12 08:00:00+00:00,101386.15193608163
2026-07-12 12:00:00+00:00,101386.15193608163
2026-07-12 16:00:00+00:00,101386.15193608163
2026-07-12 20:00:00+00:00,101386.15193608163
2026-07-13 00:00:00+00:00,101386.15193608163
2026-07-14 00:00:00+00:00,101386.15193608163
2026-07-14 04:00:00+00:00,101386.15193608163
2026-07-14 08:00:00+00:00,101386.15193608163
2026-07-14 12:00:00+00:00,101386.15193608163
2026-07-14 16:00:00+00:00,101386.15193608163
2026-07-14 20:00:00+00:00,101386.15193608163
2026-07-15 00:00:00+00:00,101386.15193608163
2026-07-15 04:00:00+00:00,101386.15193608163
2026-07-15 08:00:00+00:00,101386.15193608163
2026-07-15 12:00:00+00:00,101386.15193608163
2026-07-15 16:00:00+00:00,101386.15193608163
2026-07-15 20:00:00+00:00,101386.15193608163
2026-07-16 00:00:00+00:00,101386.15193608163
2026-07-16 04:00:00+00:00,101386.15193608163
2026-07-16 08:00:00+00:00,101386.15193608163
2026-07-16 12:00:00+00:00,101386.15193608163
2026-07-16 16:00:00+00:00,101386.15193608163
2026-07-16 20:00:00+00:00,101386.15193608163
2026-07-17 00:00:00+00:00,101386.15193608163
2026-07-17 04:00:00+00:00,101386.15193608163
2026-07-17 08:00:00+00:00,101386.15193608163
2026-07-17 12:00:00+00:00,101386.15193608163
2026-07-17 16:00:00+00:00,101386.15193608163
2026-07-17 20:00:00+00:00,101386.15193608163
2026-07-18 00:00:00+00:00,101386.15193608163
2026-07-18 04:00:00+00:00,101386.15193608163
2026-07-18 08:00:00+00:00,101386.15193608163
2026-07-18 12:00:00+00:00,101386.15193608163
2026-07-18 16:00:00+00:00,101386.15193608163
2026-07-18 20:00:00+00:00,101386.15193608163
2026-07-19 00:00:00+00:00,101386.15193608163
2026-07-19 04:00:00+00:00,101386.15193608163
2026-07-19 08:00:00+00:00,101386.15193608163
2026-07-19 12:00:00+00:00,101386.15193608163
2026-07-19 16:00:00+00:00,101386.15193608163
2026-07-19 20:00:00+00:00,101386.15193608163
2026-07-20 00:00:00+00:00,101386.15193608163
2026-07-20 04:00:00+00:00,101386.15193608163
2026-07-20 08:00:00+00:00,101386.15193608163
2026-07-20 12:00:00+00:00,101386.15193608163
2026-07-20 16:00:00+00:00,101386.15193608163
2026-07-20 20:00:00+00:00,101386.15193608163
2026-07-21 00:00:00+00:00,101386.15193608163
2026-07-21 04:00:00+00:00,101386.15193608163
2026-07-21 08:00:00+00:00,101386.15193608163
2026-07-21 12:00:00+00:00,101386.15193608163
2026-07-21 16:00:00+00:00,101386.15193608163
2026-07-21 20:00:00+00:00,101386.15193608163
2026-07-22 00:00:00+00:00,101386.15193608163
2026-07-22 04:00:00+00:00,101386.15193608163
2026-07-22 08:00:00+00:00,101386.15193608163
2026-07-22 12:00:00+00:00,101386.15193608163
2026-07-22 16:00:00+00:00,101386.15193608163
2026-07-22 20:00:00+00:00,101386.15193608163
2026-07-23 00:00:00+00:00,101386.15193608163
2026-07-23 04:00:00+00:00,101386.15193608163
2026-07-23 08:00:00+00:00,101386.15193608163
2026-07-23 12:00:00+00:00,101386.15193608163
2026-07-23 16:00:00+00:00,101386.15193608163
2026-07-23 20:00:00+00:00,101386.15193608163
2026-07-24 00:00:00+00:00,101386.15193608163
2026-07-24 04:00:00+00:00,101386.15193608163
2026-07-24 08:00:00+00:00,101386.15193608163
2026-07-24 12:00:00+00:00,101386.15193608163
2026-07-24 16:00:00+00:00,101386.15193608163
2026-07-24 20:00:00+00:00,101386.15193608163
2026-07-25 00:00:00+00:00,101386.15193608163
2026-07-25 04:00:00+00:00,101386.15193608163
2026-07-25 08:00:00+00:00,101386.15193608163
2026-07-25 12:00:00+00:00,101386.15193608163
2026-07-25 16:00:00+00:00,101386.15193608163
2026-07-25 20:00:00+00:00,101386.15193608163
2026-07-26 00:00:00+00:00,101386.15193608163
2026-07-26 04:00:00+00:00,101386.15193608163
2026-07-26 08:00:00+00:00,101386.15193608163
2026-07-26 12:00:00+00:00,101386.15193608163
2026-07-26 16:00:00+00:00,101386.15193608163
2026-07-26 20:00:00+00:00,101386.15193608163
2026-07-27 00:00:00+00:00,101386.15193608163
2026-07-27 04:00:00+00:00,101386.15193608163
2026-07-27 08:00:00+00:00,101386.15193608163
2026-07-27 12:00:00+00:00,101386.15193608163
2026-07-27 16:00:00+00:00,101386.15193608163
2026-07-27 20:00:00+00:00,101386.15193608163
2026-07-28 00:00:00+00:00,101386.15193608163
2026-07-28 04:00:00+00:00,101386.15193608163
2026-07-28 08:00:00+00:00,101386.15193608163
2026-07-28 12:00:00+00:00,101386.15193608163
2026-07-28 16:00:00+00:00,101386.15193608163
2026-07-28 20:00:00+00:00,101386.15193608163
2026-07-29 00:00:00+00:00,101386.15193608163
2026-07-29 04:00:00+00:00,101386.15193608163
2026-07-29 08:00:00+00:00,101386.15193608163
2026-07-29 12:00:00+00:00,101386.15193608163
2026-07-29 16:00:00+00:00,101386.15193608163
2026-07-29 20:00:00+00:00,101386.15193608163
2026-07-30 00:00:00+00:00,101386.15193608163
2026-07-30 04:00:00+00:00,101386.15193608163
2026-07-30 08:00:00+00:00,101386.15193608163
2026-07-30 12:00:00+00:00,101386.15193608163
2026-07-30 16:00:00+00:00,101386.15193608163
2026-07-30 20:00:00+00:00,101386.15193608163
2026-07-31 00:00:00+00:00,101386.15193608163
2026-07-31 04:00:00+00:00,101386.15193608163
2026-07-31 08:00:00+00:00,101386.15193608163
2026-07-31 12:00:00+00:00,101386.15193608163
2026-07-31 16:00:00+00:00,101386.15193608163
2026-07-31 20:00:00+00:00,101386.15193608163
2026-08-01 00:00:00+00:00,101386.15193608163
2026-08-01 04:00:00+00:00,101386.15193608163
2026-08-01 08:00:00+00:00,101386.15193608163
2026-08-01 12:00:00+00:00,101386.15193608163
2026-08-01 16:00:00+00:00,101386.15193608163
2026-08-01 20:00:00+00:00,101386.15193608163
2026-08-02 00:00:00+00:00,101386.15193608163
2026-08-02 04:00:00+00:00,101386.15193608163
2026-08-02 08:00:00+00:00,101386.15193608163
2026-08-02 12:00:00+00:00,101386.15193608163
2026-08-02 16:00:00+00:00,101386.15193608163
2026-08-02 20:00:00+00:00,101386.15193608163
2026-08-03 00:00:00+00:00,101386.15193608163
2026-08-03 04:00:00+00:00,101386.15193608163
2026-08-03 08:00:00+00:00,101386.15193608163
2026-08-03 12:00:00+00:00,101386.15193608163
2026-08-03 16:00:00+00:00,101386.15193608163
2026-08-03 20:00:00+00:00,101386.15193608163
2026-08-04 00:00:00+00:00,101386.15193608163
2026-08-04 04:00:00+00:00,101386.15193608163
2026-08-04 08:00:00+00:00,101386.15193608163
2026-08-04 12:00:00+00:00,101386.15193608163
2026-08-04 16:00:00+00:00,101386.15193608163
2026-08-04 20:00:00+00:00,101386.15193608163
2026-08-05 00:00:00+00:00,101386.15193608163
2026-08-05 04:00:00+00:00,101386.15193608163
2026-08-05 08:00:00+00:00,101386.15193608163
2026-08-05 12:00:00+00:00,101386.15193608163
2026-08-05 16:00:00+00:00,101386.15193608163
2026-08-05 20:00:00+00:00,101386.15193608163
2026-08-06 00:00:00+00:00,101386.15193608163
2026-08-06 04:00:00+00:00,101386.15193608163
2026-08-06 08:00:00+00:00,101386.15193608163
2026-08-06 12:00:00+00:00,101386.15193608163
2026-08-06 16:00:00+00:00,101386.15193608163
2026-08-06 20:00:00+00:00,101386.15193608163
2026-08-07 00:00:00+00:00,101386.15193608163
2026-08-07 04:00:00+00:00,101386.15193608163
2026-08-07 08:00:00+00:00,101386.15193608163
2026-08-07 12:00:00+00:00,101386.15193608163
2026-08-07 16:00:00+00:00,101386.15193608163
2026-08-07 20:00:00+00:00,101386.15193608163
2026-08-08 00:00:00+00:00,101386.15193608163
2026-08-08 04:00:00+00:00,101386.15193608163
2026-08-08 08:00:00+00:00,101386.15193608163
2026-08-08 12:00:00+00:00,101386.15193608163
2026-08-08 16:00:00+00:00,101386.15193608163
2026-08-08 20:00:00+00:00,101386.15193608163
2026-08-09 00:00:00+00:00,101386.15193608163
2026-08-09 04:00:00+00:00,101386.15193608163
2026-08-09 08:00:00+00:00,101386.15193608163
2026-08-09 12:00:00+00:00,101386.15193608163
2026-08-09 16:00:00+00:00,101386.15193608163
2026-08-09 20:00:00+00:00,101386.15193608163
2026-08-10 00:00:00+00:00,101386.15193608163
2026-08-10 04:00:00+00:00,101386.15193608163
2026-08-10 08:00:00+00:00,101386.15193608163
2026-08-10 12:00:00+00:00,101386.15193608163
2026-08-10 16:00:00+00:00,101386.15193608163
2026-08-10 20:00:00+00:00,101386.15193608163
2026-08-11 00:00:00+00:00,101386.15193608163
2026-08-11 04:00:00+00:00,101386.15193608163
2026-08-11 08:00:00+00:00,101386.15193608163
2026-08-11 12:00:00+00:00,101386.15193608163
2026-08-11 16:00:00+00:00,101386.15193608163
2026-08-11 20:00:00+00:00,101386.15193608163
2026-08-12 00:00:00+00:00,101386.15193608163
2026-08-12 04:00:00+00:00,101386.15193608163
2026-08-12 08:00:00+00:00,101386.15193608163
2026-08-12 12:00:00+00:00,101386.15193608163
2026-08-12 16:00:00+00:00,101386.15193608163
2026-08-12 20:00:00+00:00,101386.15193608163
2026-08-13 00:00:00+00:00,101386.15193608163
2026-08-13 04:00:00+00:00,101386.15193608163
2026-08-13 08:00:00+00:00,101386.15193608163
2026-08-13 12:00:00+00:00,101386.15193608163
2026-08-13 16:00:00+00:00,101386.15193608163
2026-08-13 20:00:00+00:00,101386.15193608163
2026-08-14 00:00:00+00:00,101386.15193608163
2026-08-14 04:00:00+00:00,101386.15193608163
2026-08-14 08:00:00+00:00,101386.15193608163
2026-08-14 12:00:00+00:00,101386.15193608163
2026-08-14 16:00:00+00:00,101386.15193608163
2026-08-14 20:00:00+00:00,101386.15193608163
2026-08-15 00:00:00+00:00,101386.15193608163
2026-08-15 04:00:00+00:00,101386.15193608163
2026-08-15 08:00:00+00:00,101386.15193608163
2026-08-15 12:00:00+00:00,101386.15193608163
2026-08-15 16:00:00+00:00,101386.15193608163
2026-08-15 20:00:00+00:00,101386.15193608163
2026-08-16 00:00:00+00:00,101386.15193608163
2026-08-16 04:00:00+00:00,101386.15193608163
2026-08-16 08:00:00+00:00,101386.15193608163
2026-08-16 12:00:00+00:00,101386.15193608163
2026-08-16 16:00:00+00:00,101386.15193608163
2026-08-16 20:00:00+00:00,101386.15193608163
2026-08-17 00:00:00+00:00,101386.15193608163
2026-08-17 04:00:00+00:00,101386.15193608163
2026-08-17 08:00:00+00:00,101386.15193608163
2026-08-17 12:00:00+00:00,101386.15193608163
2026-08-17 16:00:00+00:00,101386.15193608163
2026-08-17 20:00:00+00:00,101386.15193608163
2026-08-18 00:00:00+00:00,101386.15193608163
2026-08-18 04:00:00+00:00,101386.15193608163
2026-08-18 08:00:00+00:00,101386.15193608163
2026-08-18 12:00:00+00:00,101386.15193608163
2026-08-18 16:00:00+00:00,101386.15193608163
2026-08-18 20:00:00+00:00,101386.15193608163
2026-08-19 00:00:00+00:00,101386.15193608163
2026-08-19 04:00:00+00:00,101386.15193608163
2026-08-19 08:00:00+00:00,101386.15193608163
2026-08-19 12:00:00+00:00,101386.15193608163
2026-08-19 16:00:00+00:00,101386.15193608163
2026-08-19 20:00:00+00:00,101386.15193608163
2026-08-20 00:00:00+00:00,101386.15193608163
2026-08-20 04:00:00+00:00,101386.15193608163
2026-08-20 08:00:00+00:00,101386.15193608163
2026-08-20 12:00:00+00:00,101386.15193608163
2026-08-20 16:00:00+00:00,101386.15193608163
2026-08-20 20:00:00+00:00,101386.15193608163
2026-08-21 00:00:00+00:00,101386.15193608163
2026-08-21 04:00:00+00:00,101386.15193608163
2026-08-21 08:00:00+00:00,101386.15193608163
2026-08-21 12:00:00+00:00,101386.15193608163
2026-08-21 16:00:00+00:00,101386.15193608163
2026-08-21 20:00:00+00:00,101386.15193608163
2026-08-22 00:00:00+00:00,101386.15193608163
2026-08-22 04:00:00+00:00,101386.15193608163
2026-08-22 08:00:00+00:00,101386.15193608163
2026-08-22 12:00:00+00:00,101386.15193608163
2026-08-22 16:00:00+00:00,101386.15193608163
2026-08-22 20:00:00+00:00,101386.15193608163
2026-08-23 00:00:00+00:00,101386.15193608163
2026-08-23 04:00:00+00:00,101386.15193608163
2026-08-23 08:00:00+00:00,101386.15193608163
2026-08-23 12:00:00+00:00,101386.15193608163
2026-08-23 16:00:00+00:00,101386.15193608163
2026-08-23 20:00:00+00:00,101386.15193608163
2026-08-24 00:00:00+00:00,101386.15193608163
2026-08-24 04:00:00+00:00,101386.15193608163
2026-08-24 08:00:00+00:00,101386.15193608163
2026-08-24 12:00:00+00:00,101386.15193608163
2026-08-24 16:00:00+00:00,101386.15193608163
2026-08-24 20:00:00+00:00,101386.15193608163
2026-08-25 00:00:00+00:00,101386.15193608163
2026-08-25 04:00:00+00:00,101386.15193608163
2026-08-25 08:00:00+00:00,101386.15193608163
2026-08-25 12:00:00+00:00,101386.15193608163
2026-08-25 16:00:00+00:00,101386.15193608163
2026-08-25 20:00:00+00:00,101386.15193608163
2026-08-26 00:00:00+00:00,101386.15193608163
2026-08-26 04:00:00+00:00,101386.15193608163
2026-08-26 08:00:00+00:00,101386.15193608163
2026-08-26 12:00:00+00:00,101386.15193608163
2026-08-26 16:00:00+00:00,101386.15193608163
2026-08-26 20:00:00+00:00,101386.15193608163
2026-08-27 00:00:00+00:00,101386.15193608163
2026-08-27 04:00:00+00:00,101386.15193608163
2026-08-27 08:00:00+00:00,101386.15193608163
2026-08-27 12:00:00+00:00,101386.15193608163
2026-08-27 16:00:00+00:00,101386.15193608163
2026-08-27 20:00:00+00:00,101386.15193608163
2026-08-28 00:00:00+00:00,101386.15193608163
2026-08-28 04:00:00+00:00,101386.15193608163
2026-08-28 08:00:00+00:00,101386.15193608163
2026-08-28 12:00:00+00:00,101386.15193608163
2026-08-28 16:00:00+00:00,101386.15193608163
2026-08-28 20:00:00+00:00,101386.15193608163
2026-08-29 00:00:00+00:00,101386.15193608163
2026-08-29 04:00:00+00:00,101386.15193608163
2026-08-29 08:00:00+00:00,101386.15193608163
2026-08-29 12:00:00+00:00,101386.15193608163
2026-08-29 16:00:00+00:00,101386.15193608163
2026-08-29 20:00:00+00:00,101386.15193608163
2026-08-30 00:00:00+00:00,101386.15193608163
2026-08-30 04:00:00+00:00,101386.15193608163
2026-08-30 08:00:00+00:00,101386.15193608163
2026-08-30 12:00:00+00:00,101386.15193608163
2026-08-30 16:00:00+00:00,101386.15193608163
2026-08-30 20:00:00+00:00,101386.15193608163
2026-08-31 00:00:00+00:00,101386.15193608163
2026-08-31 04:00:00+00:00,101386.15193608163
2026-08-31 08:00:00+00:00,101386.15193608163
2026-08-31 12:00:00+00:00,101386.15193608163
2026-08-31 16:00:00+00:00,101386.15193608163
2026-08-31 20:00:00+00:00,101386.15193608163
2026-09-01 00:00:00+00:00,101386.15193608163
2026-09-01 04:00:00+00:00,101386.15193608163
2026-09-01 08:00:00+00:00,101386.15193608163
2026-09-01 12:00:00+00:00,101386.15193608163
2026-09-01 16:00:00+00:00,101386.15193608163
2026-09-01 20:00:00+00:00,101386.15193608163
2026-09-02 00:00:00+00:00,101386.15193608163
2026-09-02 04:00:00+00:00,101386.15193608163
2026-09-02 08:00:00+00:00,101386.15193608163
2026-09-02 12:00:00+00:00,101386.15193608163
2026-09-02 16:00:00+00:00,101386.15193608163
2026-09-02 20:00:00+00:00,101386.15193608163
2026-09-03 00:00:00+00:00,101386.15193608163
2026-09-03 04:00:00+00:00,101386.15193608163
2026-09-03 08:00:00+00:00,101386.15193608163
2026-09-03 12:00:00+00:00,101386.15193608163
2026-09-03 16:00:00+00:00,101386.15193608163
2026-09-03 20:00:00+00:00,101386.15193608163
2026-09-04 00:00:00+00:00,101386.15193608163
2026-09-04 04:00:00+00:00,101386.15193608163
2026-09-04 08:00:00+00:00,101386.15193608163
2026-09-04 12:00:00+00:00,101386.15193608163
2026-09-04 16:00:00+00:00,101386.15193608163
2026-09-04 20:00:00+00:00,101386.15193608163
2026-09-05 00:00:00+00:00,101386.15193608163
2026-09-05 04:00:00+00:00,101386.15193608163
2026-09-05 08:00:00+00:00,101386.15193608163
2026-09-05 12:00:00+00:00,101386.15193608163
2026-09-05 16:00:00+00:00,101386.15193608163
2026-09-05 20:00:00+00:00,101386.15193608163
2026-09-06 00:00:00+00:00,101386.15193608163
2026-09-06 04:00:00+00:00,101386.15193608163
2026-09-06 08:00:00+00:00,101386.15193608163
2026-09-06 12:00:00+00:00,101386.15193608163
2026-09-06 16:00:00+00:00,101386.15193608163
2026-09-06 20:00:00+00:00,101386.15193608163
2026-09-07 00:00:00+00:00,101386.15193608163
2026-09-07 04:00:00+00:00,101386.15193608163
2026-09-07 08:00:00+00:00,101386.15193608163
2026-09-07 12:00:00+00:00,101386.15193608163
2026-09-07 16:00:00+00:00,101386.15193608163
2026-09-07 20:00:00+00:00,101386.15193608163
2026-09-08 00:00:00+00:00,101386.15193608163
2026-09-08 04:00:00+00:00,101386.15193608163
2026-09-08 08:00:00+00:00,101386.15193608163
2026-09-08 12:00:00+00:00,101386.15193608163
2026-09-08 16:00:00+00:00,101386.15193608163
2026-09-08 20:00:00+00:00,101386.15193608163
2026-09-09 00:00:00+00:00,101386.15193608163
2026-09-09 04:00:00+00:00,101386.15193608163
2026-09-09 08:00:00+00:00,101386.15193608163
2026-09-09 12:00:00+00:00,101386.15193608163
2026-09-09 16:00:00+00:00,101386.15193608163
2026-09-09 20:00:00+00:00,101386.15193608163
2026-09-10 00:00:00+00:00,101386.15193608163
2026-09-10 04:00:00+00:00,101386.15193608163
2026-09-10 08:00:00+00:00,101386.15193608163
2026-09-10 12:00:00+00:00,101386.15193608163
2026-09-10 16:00:00+00:00,101386.15193608163
2026-09-10 20:00:00+00:00,101386.15193608163
2026-09-11 00:00:00+00:00,101423.7020602753
2026-09-11 04:00:00+00:00,101468.19151532651
2026-09-11 08:00:00+00:00,101443.73328425712
2026-09-11 12:00:00+00:00,101533.7346074036
2026-09-11 16:00:00+00:00,101475.75302556234
2026-09-11 20:00:00+00:00,101469.39812829148
2026-09-12 00:00:00+00:00,101476.09865912178
2026-09-12 04:00:00+00:00,101475.80373228215
2026-09-12 08:00:00+00:00,101486.77087139251
2026-09-12 12:00:00+00:00,101489.97263855682
2026-09-12 16:00:00+00:00,101455.72697573561
2026-09-12 20:00:00+00:00,101477.05173848776
2026-09-13 00:00:00+00:00,101465.08391778466
2026-09-13 04:00:00+00:00,101455.03156929268
2026-09-13 08:00:00+00:00,101409.85705610871
2026-09-13 12:00:00+00:00,101393.73486453126
