Datetime,equity
2024-09-14 00:00:00+00:00,100000.0
2024-09-14 04:00:00+00:00,100000.0
2024-09-14 08:00:00+00:00,100000.0
2024-09-14 12:00:00+00:00,100000.0
2024-09-14 16:00:00+00:00,100000.0
2024-09-14 20:00:00+00:00,100000.0
2024-09-15 00:00:00+00:00,100000.0
2024-09-15 04:00:00+00:00,99975.82100005799
2024-09-15 08:00:00+00:00,99178.4945876112
2024-09-15 12:00:00+00:00,99597.99554735358
2024-09-15 16:00:00+00:00,98831.70528378033
2024-09-15 20:00:00+00:00,97671.31109704763
2024-09-16 00:00:00+00:00,96675.65333004046
2024-09-16 04:00:00+00:00,97212.07972139404
2024-09-16 08:00:00+00:00,96799.41031637936
2024-09-16 12:00:00+00:00,95574.15297741507
2024-09-16 16:00:00+00:00,95130.24816139568
2024-09-16 20:00:00+00:00,95376.90632028284
2024-09-17 00:00:00+00:00,95122.9935096637
2024-09-17 04:00:00+00:00,95942.76915537694
2024-09-17 08:00:00+00:00,95725.12960341766
2024-09-17 12:00:00+00:00,98905.8570174844
2024-09-17 16:00:00+00:00,97106.09766620368
2024-09-17 20:00:00+00:00,97565.90367029265
2024-09-18 00:00:00+00:00,97918.24824450117
2024-09-18 04:00:00+00:00,97786.40656196096
2024-09-18 08:00:00+00:00,96873.22138554945
2024-09-18 12:00:00+00:00,96219.38446449193
2024-09-18 16:00:00+00:00,97169.30432434332
2024-09-18 20:00:00+00:00,99737.19961945417
2024-09-19 00:00:00+00:00,100470.45878401288
2024-09-19 04:00:00+00:00,100754.00086686877
2024-09-19 08:00:00+00:00,101422.97951003791
2024-09-19 12:00:00+00:00,103953.4639428952
2024-09-19 16:00:00+00:00,104011.63599882294
2024-09-19 20:00:00+00:00,103902.56339395841
2024-09-20 00:00:00+00:00,105189.62013135994
2024-09-20 04:00:00+00:00,106720.38667365434
2024-09-20 08:00:00+00:00,106239.4811301149
2024-09-20 12:00:00+00:00,104334.53625661702
2024-09-20 16:00:00+00:00,103403.57571952074
2024-09-20 20:00:00+00:00,104234.55471825061
2024-09-21 00:00:00+00:00,103526.47271149744
2024-09-21 04:00:00+00:00,104005.44542526094
2024-09-21 08:00:00+00:00,104035.15231405
2024-09-21 12:00:00+00:00,104177.58260276473
2024-09-21 16:00:00+00:00,104030.47303593905
2024-09-21 20:00:00+00:00,105576.88184979968
2024-09-22 00:00:00+00:00,104861.96260315944
2024-09-22 04:00:00+00:00,104590.38219968727
2024-09-22 08:00:00+00:00,104291.32044586379
2024-09-22 12:00:00+00:00,103883.94984065556
2024-09-22 16:00:00+00:00,104201.60191971673
2024-09-22 20:00:00+00:00,104307.89008357562
2024-09-23 00:00:00+00:00,105365.08152345534
2024-09-23 04:00:00+00:00,104064.11394625789
2024-09-23 08:00:00+00:00,104045.23952638915
2024-09-23 12:00:00+00:00,105200.51130918783
2024-09-23 16:00:00+00:00,105105.74599276356
2024-09-23 20:00:00+00:00,104083.3815832072
2024-09-24 00:00:00+00:00,103313.85575647576
2024-09-24 04:00:00+00:00,103555.87869170627
2024-09-24 08:00:00+00:00,103042.28543506557
2024-09-24 12:00:00+00:00,102380.94617308988
2024-09-24 16:00:00+00:00,104294.60871838126
2024-09-24 20:00:00+00:00,107453.55902292478
2024-09-25 00:00:00+00:00,106939.96576628408
2024-09-25 04:00:00+00:00,105371.04390010769
2024-09-25 08:00:00+00:00,106222.3423117998
2024-09-25 12:00:00+00:00,105828.3529642398
2024-09-25 16:00:00+00:00,105525.82542950625
2024-09-25 20:00:00+00:00,104111.6850927284
2024-09-26 00:00:00+00:00,104505.06232983682
2024-09-26 04:00:00+00:00,105104.54710854456
2024-09-26 08:00:00+00:00,105744.52103817149
2024-09-26 12:00:00+00:00,108649.02034076989
2024-09-26 16:00:00+00:00,107542.5444159705
2024-09-26 20:00:00+00:00,107570.20631409048
2024-09-27 00:00:00+00:00,107687.76938110041
2024-09-27 04:00:00+00:00,108897.97742384975
2024-09-27 08:00:00+00:00,107936.72646418029
2024-09-27 12:00:00+00:00,109976.79145052914
2024-09-27 16:00:00+00:00,108980.96311820971
2024-09-27 20:00:00+00:00,108548.50699087467
2024-09-28 00:00:00+00:00,108382.5276005018
2024-09-28 04:00:00+00:00,107883.78370418715
2024-09-28 08:00:00+00:00,107774.6079401312
2024-09-28 12:00:00+00:00,107560.28503799925
2024-09-28 16:00:00+00:00,107900.30107070485
2024-09-28 20:00:00+00:00,107989.88531805699
2024-09-29 00:00:00+00:00,107877.83359291476
2024-09-29 04:00:00+00:00,107341.59611180043
2024-09-29 08:00:00+00:00,107679.95365229677
2024-09-29 12:00:00+00:00,107799.6240240462
2024-09-29 16:00:00+00:00,109098.50733469283
2024-09-29 20:00:00+00:00,108441.53476511998
2024-09-30 00:00:00+00:00,106888.06837665082
2024-09-30 04:00:00+00:00,107346.58048249855
2024-09-30 08:00:00+00:00,106484.30398493416
2024-09-30 12:00:00+00:00,105498.84513057487
2024-09-30 16:00:00+00:00,106114.75691454943
2024-09-30 20:00:00+00:00,106255.69533396712
2024-10-01 00:00:00+00:00,107382.67380674527
2024-10-01 04:00:00+00:00,108027.01149879018
2024-10-01 08:00:00+00:00,107343.4745555182
2024-10-01 12:00:00+00:00,102493.31137897939
2024-10-01 16:00:00+00:00,100875.01560484225
2024-10-01 20:00:00+00:00,99420.70812791148
2024-10-02 00:00:00+00:00,100925.35124760326
2024-10-02 04:00:00+00:00,100887.20212887913
2024-10-02 08:00:00+00:00,99983.75873376611
2024-10-02 12:00:00+00:00,101044.90558084716
2024-10-02 16:00:00+00:00,98612.06299468824
2024-10-02 20:00:00+00:00,99087.58639725862
2024-10-03 00:00:00+00:00,100423.33540147444
2024-10-03 04:00:00+00:00,99644.48947946343
2024-10-03 08:00:00+00:00,99308.99938819367
2024-10-03 12:00:00+00:00,99048.88189477797
2024-10-03 16:00:00+00:00,99663.60234115353
2024-10-03 20:00:00+00:00,99287.19259609835
2024-10-04 00:00:00+00:00,99582.19712663376
2024-10-04 04:00:00+00:00,100426.78261099772
2024-10-04 08:00:00+00:00,100405.23116775596
2024-10-04 12:00:00+00:00,101916.9718647713
2024-10-04 16:00:00+00:00,102961.68701553001
2024-10-04 20:00:00+00:00,102496.57410594566
2024-10-05 00:00:00+00:00,101487.63687130882
2024-10-05 04:00:00+00:00,102897.28676651066
2024-10-05 08:00:00+00:00,102646.84135365752
2024-10-05 12:00:00+00:00,102253.28427631692
2024-10-05 16:00:00+00:00,101555.62547680755
2024-10-05 20:00:00+00:00,101969.70167766922
2024-10-06 00:00:00+00:00,101660.81100713908
2024-10-06 04:00:00+00:00,101700.71958340949
2024-10-06 08:00:00+00:00,101939.49478927183
2024-10-06 12:00:00+00:00,103196.81730765897
2024-10-06 16:00:00+00:00,102786.85734849155
2024-10-06 20:00:00+00:00,103536.0945152458
2024-10-07 00:00:00+00:00,105981.71771993415
2024-10-07 04:00:00+00:00,104624.60888958687
2024-10-07 08:00:00+00:00,104207.5806552614
2024-10-07 12:00:00+00:00,105112.31987549293
2024-10-07 16:00:00+00:00,103967.25929988739
2024-10-07 20:00:00+00:00,101985.20107546038
2024-10-08 00:00:00+00:00,102501.06461760147
2024-10-08 04:00:00+00:00,101802.88762737015
2024-10-08 08:00:00+00:00,102360.65228553645
2024-10-08 12:00:00+00:00,101797.93826271697
2024-10-08 16:00:00+00:00,101853.8948215442
2024-10-08 20:00:00+00:00,101593.57845920074
2024-10-09 00:00:00+00:00,101838.72927596213
2024-10-09 04:00:00+00:00,101390.46538860728
2024-10-09 08:00:00+00:00,101627.29189919679
2024-10-09 12:00:00+00:00,102443.07390403944
2024-10-09 16:00:00+00:00,100653.34807708875
2024-10-09 20:00:00+00:00,98662.59025608757
2024-10-10 00:00:00+00:00,98894.2002819304
2024-10-10 04:00:00+00:00,98769.0993119137
2024-10-10 08:00:00+00:00,99212.69039155147
2024-10-10 12:00:00+00:00,99133.1243335867
2024-10-10 16:00:00+00:00,97587.15170473757
2024-10-10 20:00:00+00:00,98385.2858405914
2024-10-11 00:00:00+00:00,99399.85614448413
2024-10-11 04:00:00+00:00,99503.73629930691
2024-10-11 08:00:00+00:00,100067.61664951904
2024-10-11 12:00:00+00:00,101787.45171766602
2024-10-11 16:00:00+00:00,102520.49617294177
2024-10-11 20:00:00+00:00,101287.13372682476
2024-10-12 00:00:00+00:00,101033.93388958798
2024-10-12 04:00:00+00:00,101234.14576429654
2024-10-12 08:00:00+00:00,101489.3281702131
2024-10-12 12:00:00+00:00,101247.89413226122
2024-10-12 16:00:00+00:00,101078.88561760276
2024-10-12 20:00:00+00:00,100669.2977577931
2024-10-13 00:00:00+00:00,99769.02021525588
2024-10-13 04:00:00+00:00,100058.84583768227
2024-10-13 08:00:00+00:00,99785.66286304226
2024-10-13 12:00:00+00:00,99064.75207112453
2024-10-13 16:00:00+00:00,99395.80924785741
2024-10-13 20:00:00+00:00,99453.72530739734
2024-10-14 00:00:00+00:00,102513.25250492487
2024-10-14 04:00:00+00:00,102869.50471020721
2024-10-14 08:00:00+00:00,102950.16558687492
2024-10-14 12:00:00+00:00,105336.38318829439
2024-10-14 16:00:00+00:00,104585.24552618434
2024-10-14 20:00:00+00:00,104955.6127747287
2024-10-15 00:00:00+00:00,103392.17324360005
2024-10-15 04:00:00+00:00,103385.78744978222
2024-10-15 08:00:00+00:00,102221.36038423449
2024-10-15 12:00:00+00:00,101717.40773366648
2024-10-15 16:00:00+00:00,103035.29205089339
2024-10-15 20:00:00+00:00,103103.45149979189
2024-10-16 00:00:00+00:00,103205.82884230276
2024-10-16 04:00:00+00:00,102975.13439874553
2024-10-16 08:00:00+00:00,104622.2429848454
2024-10-16 12:00:00+00:00,104123.68058549898
2024-10-16 16:00:00+00:00,104242.74635997177
2024-10-16 20:00:00+00:00,103987.14542292494
2024-10-17 00:00:00+00:00,103951.79814658801
2024-10-17 04:00:00+00:00,103307.5132061011
2024-10-17 08:00:00+00:00,102109.16963461394
2024-10-17 12:00:00+00:00,103398.6957933707
2024-10-17 16:00:00+00:00,102014.05676341029
2024-10-17 20:00:00+00:00,102415.33875307524
2024-10-18 00:00:00+00:00,102580.01764991127
2024-10-18 04:00:00+00:00,103073.6953899692
2024-10-18 08:00:00+00:00,102646.93429616818
2024-10-18 12:00:00+00:00,104335.64489153026
2024-10-18 16:00:00+00:00,104040.63339727897
2024-10-18 20:00:00+00:00,103994.93239682722
2024-10-19 00:00:00+00:00,103739.87834809355
2024-10-19 04:00:00+00:00,103739.87834809355
2024-10-19 08:00:00+00:00,103215.36312932249
2024-10-19 12:00:00+00:00,103416.76159442695
2024-10-19 16:00:00+00:00,103186.106170743
2024-10-19 20:00:00+00:00,105442.9104369318
2024-10-20 00:00:00+00:00,104941.39837777874
2024-10-20 04:00:00+00:00,104776.4273056889
2024-10-20 08:00:00+00:00,105053.5787067998
2024-10-20 12:00:00+00:00,105588.08498037083
2024-10-20 16:00:00+00:00,105185.14695755093
2024-10-20 20:00:00+00:00,109636.01933125933
2024-10-21 00:00:00+00:00,111017.93092498068
2024-10-21 04:00:00+00:00,110448.13799297235
2024-10-21 08:00:00+00:00,108994.18361474418
2024-10-21 12:00:00+00:00,108241.00904944581
2024-10-21 16:00:00+00:00,109904.54243714831
2024-10-21 20:00:00+00:00,108830.45001359236
2024-10-22 00:00:00+00:00,109013.8316468824
2024-10-22 04:00:00+00:00,109446.08835392322
2024-10-22 08:00:00+00:00,109950.38784547082
2024-10-22 12:00:00+00:00,109884.8944050101
2024-10-22 16:00:00+00:00,110343.34848823519
2024-10-22 20:00:00+00:00,109760.45686813472
2024-10-23 00:00:00+00:00,108398.19330655155
2024-10-23 04:00:00+00:00,107883.85533968697
2024-10-23 08:00:00+00:00,107139.82222535925
2024-10-23 12:00:00+00:00,108100.82392456112
2024-10-23 16:00:00+00:00,111244.89713571382
2024-10-23 20:00:00+00:00,109849.67446328
2024-10-24 00:00:00+00:00,111965.01206342159
2024-10-24 04:00:00+00:00,111592.09540443007
2024-10-24 08:00:00+00:00,111778.55373392583
2024-10-24 12:00:00+00:00,112794.4301497993
2024-10-24 16:00:00+00:00,114061.06087085673
2024-10-24 20:00:00+00:00,113771.44961981272
2024-10-25 00:00:00+00:00,111995.63097357644
2024-10-25 04:00:00+00:00,111005.19169522736
2024-10-25 08:00:00+00:00,112036.00491595232
2024-10-25 12:00:00+00:00,111332.28889749355
2024-10-25 16:00:00+00:00,110007.63714927594
2024-10-25 20:00:00+00:00,109637.43351619583
2024-10-26 00:00:00+00:00,109965.46921218387
2024-10-26 04:00:00+00:00,110155.67489184147
2024-10-26 08:00:00+00:00,110321.9416633947
2024-10-26 12:00:00+00:00,109724.83848009349
2024-10-26 16:00:00+00:00,110222.82210020973
2024-10-26 20:00:00+00:00,109662.6778109244
2024-10-27 00:00:00+00:00,110471.28603916506
2024-10-27 04:00:00+00:00,111196.4664343333
2024-10-27 08:00:00+00:00,111677.78085590512
2024-10-27 12:00:00+00:00,112800.8478395727
2024-10-27 16:00:00+00:00,113724.9715289906
2024-10-27 20:00:00+00:00,113352.75504297506
2024-10-28 00:00:00+00:00,112781.59526270983
2024-10-28 04:00:00+00:00,112749.50763460503
2024-10-28 08:00:00+00:00,113146.85112023176
2024-10-28 12:00:00+00:00,112777.77881460615
2024-10-28 16:00:00+00:00,114483.42038859025
2024-10-28 20:00:00+00:00,115178.08112246003
2024-10-29 00:00:00+00:00,116830.45559028535
2024-10-29 04:00:00+00:00,116861.79452786609
2024-10-29 08:00:00+00:00,117679.68846347037
2024-10-29 12:00:00+00:00,118436.76579150648
2024-10-29 16:00:00+00:00,117373.3695209395
2024-10-29 20:00:00+00:00,117547.15274707055
2024-10-30 00:00:00+00:00,116716.55704172254
2024-10-30 04:00:00+00:00,116696.70789913111
2024-10-30 08:00:00+00:00,116177.85190521262
2024-10-30 12:00:00+00:00,117222.02742568683
2024-10-30 16:00:00+00:00,115995.23041251046
2024-10-30 20:00:00+00:00,116178.28879873586
2024-10-31 00:00:00+00:00,116082.60911715265
2024-10-31 04:00:00+00:00,115636.97772347747
2024-10-31 08:00:00+00:00,115156.95253959874
2024-10-31 12:00:00+00:00,112629.17200120381
2024-10-31 16:00:00+00:00,111098.1343509024
2024-10-31 20:00:00+00:00,111331.92063450119
2024-11-01 00:00:00+00:00,109869.19516564703
2024-11-01 04:00:00+00:00,108924.96980455866
2024-11-01 08:00:00+00:00,109947.33040407862
2024-11-01 12:00:00+00:00,109067.73918683708
2024-11-01 16:00:00+00:00,108746.62306663823
2024-11-01 20:00:00+00:00,108534.76635367457
2024-11-02 00:00:00+00:00,108327.76511901543
2024-11-02 04:00:00+00:00,108502.44011847099
2024-11-02 08:00:00+00:00,107318.09969881353
2024-11-02 12:00:00+00:00,106865.09455453171
2024-11-02 16:00:00+00:00,107036.34356132537
2024-11-02 20:00:00+00:00,106682.14022398603
2024-11-03 00:00:00+00:00,103926.45539715265
2024-11-03 04:00:00+00:00,103793.52830125352
2024-11-03 08:00:00+00:00,103708.14907900864
2024-11-03 12:00:00+00:00,101270.34191400332
2024-11-03 16:00:00+00:00,101553.442490878
2024-11-03 20:00:00+00:00,101555.21310044227
2024-11-04 00:00:00+00:00,101960.43774097998
2024-11-04 04:00:00+00:00,101244.26983944779
2024-11-04 08:00:00+00:00,101677.70284526132
2024-11-04 12:00:00+00:00,100541.63912631986
2024-11-04 16:00:00+00:00,98276.44924826952
2024-11-04 20:00:00+00:00,97266.52771955743
2024-11-05 00:00:00+00:00,97614.98793675347
2024-11-05 04:00:00+00:00,98657.6353894729
2024-11-05 08:00:00+00:00,98750.77172618723
2024-11-05 12:00:00+00:00,99687.63418975602
2024-11-05 16:00:00+00:00,98496.25187741392
2024-11-05 20:00:00+00:00,100014.90333240725
2024-11-06 00:00:00+00:00,111011.62058753689
2024-11-06 04:00:00+00:00,110345.33477131452
2024-11-06 08:00:00+00:00,112080.07892346106
2024-11-06 12:00:00+00:00,111353.76735802945
2024-11-06 16:00:00+00:00,113064.50121049232
2024-11-06 20:00:00+00:00,112002.04544948907
2024-11-07 00:00:00+00:00,117209.39928471769
2024-11-07 04:00:00+00:00,115889.13859413986
2024-11-07 08:00:00+00:00,114738.17370328757
2024-11-07 12:00:00+00:00,117006.81960203643
2024-11-07 16:00:00+00:00,118548.15102138203
2024-11-07 20:00:00+00:00,118978.37602699515
2024-11-08 00:00:00+00:00,119263.95996099814
2024-11-08 04:00:00+00:00,120431.36023181489
2024-11-08 08:00:00+00:00,122042.08009118841
2024-11-08 12:00:00+00:00,120797.97930428425
2024-11-08 16:00:00+00:00,119932.51788730743
2024-11-08 20:00:00+00:00,120237.36351398601
2024-11-09 00:00:00+00:00,120389.60124950638
2024-11-09 04:00:00+00:00,123023.51705765609
2024-11-09 08:00:00+00:00,123884.979657054
2024-11-09 12:00:00+00:00,123449.78271711312
2024-11-09 16:00:00+00:00,124647.79220383473
2024-11-09 20:00:00+00:00,126913.90164296723
2024-11-10 00:00:00+00:00,127263.439483722
2024-11-10 04:00:00+00:00,129336.71445786204
2024-11-10 08:00:00+00:00,130721.4689001553
2024-11-10 12:00:00+00:00,130296.42114258245
2024-11-10 16:00:00+00:00,127808.55180760793
2024-11-10 20:00:00+00:00,128789.47799790952
2024-11-11 00:00:00+00:00,128746.56247708383
2024-11-11 04:00:00+00:00,127834.55029311586
2024-11-11 08:00:00+00:00,129407.5309220709
2024-11-11 12:00:00+00:00,129992.49660251317
2024-11-11 16:00:00+00:00,133150.39347400598
2024-11-11 20:00:00+00:00,136913.0350632182
2024-11-12 00:00:00+00:00,136112.95868787466
2024-11-12 04:00:00+00:00,137587.89865983094
2024-11-12 08:00:00+00:00,134682.537743179
2024-11-12 12:00:00+00:00,133708.87092459504
2024-11-12 16:00:00+00:00,137191.3754495282
2024-11-12 20:00:00+00:00,135715.9410896744
2024-11-13 00:00:00+00:00,134652.331848464
2024-11-13 04:00:00+00:00,134969.39124791964
2024-11-13 08:00:00+00:00,135507.62291119277
2024-11-13 12:00:00+00:00,143128.32295384075
2024-11-13 16:00:00+00:00,139672.85300613355
2024-11-13 20:00:00+00:00,139798.24665848538
2024-11-14 00:00:00+00:00,138933.56222570353
2024-11-14 04:00:00+00:00,137909.7066473887
2024-11-14 08:00:00+00:00,136594.5948290017
2024-11-14 12:00:00+00:00,131359.2285450683
2024-11-14 16:00:00+00:00,133830.47207791588
2024-11-14 20:00:00+00:00,130075.37349674811
2024-11-15 00:00:00+00:00,129734.00089846014
2024-11-15 04:00:00+00:00,128727.9648175827
2024-11-15 08:00:00+00:00,131744.67729065893
2024-11-15 12:00:00+00:00,128340.09736051281
2024-11-15 16:00:00+00:00,130954.68860391926
2024-11-15 20:00:00+00:00,131955.80667059158
2024-11-16 00:00:00+00:00,132330.5664960021
2024-11-16 04:00:00+00:00,130596.77316096525
2024-11-16 08:00:00+00:00,130590.80738630166
2024-11-16 12:00:00+00:00,128194.87521725074
2024-11-16 16:00:00+00:00,129333.52907482379
2024-11-16 20:00:00+00:00,127858.58461558758
2024-11-17 00:00:00+00:00,125728.6080985002
2024-11-17 04:00:00+00:00,134547.4679914648
2024-11-17 08:00:00+00:00,133174.93975920352
2024-11-17 12:00:00+00:00,132692.85339663242
2024-11-17 16:00:00+00:00,133509.56441087052
2024-11-17 20:00:00+00:00,134683.58649383782
2024-11-18 00:00:00+00:00,138489.23295601684
2024-11-18 04:00:00+00:00,137281.1812474563
2024-11-18 08:00:00+00:00,137536.4034394057
2024-11-18 12:00:00+00:00,138007.14659344574
2024-11-18 16:00:00+00:00,134008.66558623826
2024-11-18 20:00:00+00:00,137277.3991088398
2024-11-19 00:00:00+00:00,134739.6630382761
2024-11-19 04:00:00+00:00,133437.84294946416
2024-11-19 08:00:00+00:00,134757.59599875894
2024-11-19 12:00:00+00:00,133615.70245107095
2024-11-19 16:00:00+00:00,134554.1813053772
2024-11-19 20:00:00+00:00,131202.8111184164
2024-11-20 00:00:00+00:00,130682.38091864034
2024-11-20 04:00:00+00:00,131741.61297445782
2024-11-20 08:00:00+00:00,132697.1202015778
2024-11-20 12:00:00+00:00,134504.17713601867
2024-11-20 16:00:00+00:00,133363.07105400253
2024-11-20 20:00:00+00:00,133795.54408723218
2024-11-21 00:00:00+00:00,135970.27512335448
2024-11-21 04:00:00+00:00,137593.0739468659
2024-11-21 08:00:00+00:00,138813.38364767595
2024-11-21 12:00:00+00:00,137384.05085440254
2024-11-21 16:00:00+00:00,139881.0808830569
2024-11-21 20:00:00+00:00,140249.27697585034
2024-11-22 00:00:00+00:00,140666.7887768727
2024-11-22 04:00:00+00:00,138725.35657244374
2024-11-22 08:00:00+00:00,138746.7631547402
2024-11-22 12:00:00+00:00,137205.4892293925
2024-11-22 16:00:00+00:00,135953.20416504747
2024-11-22 20:00:00+00:00,135509.32508149426
2024-11-23 00:00:00+00:00,135138.78492477915
2024-11-23 04:00:00+00:00,135040.35702120478
2024-11-23 08:00:00+00:00,133758.2653141686
2024-11-23 12:00:00+00:00,137773.5858665849
2024-11-23 16:00:00+00:00,135683.29006878653
2024-11-23 20:00:00+00:00,135129.06306868454
2024-11-24 00:00:00+00:00,136446.54664866833
2024-11-24 04:00:00+00:00,136267.776589009
2024-11-24 08:00:00+00:00,133150.64786501593
2024-11-24 12:00:00+00:00,131166.65853921988
2024-11-24 16:00:00+00:00,131564.33981727515
2024-11-24 20:00:00+00:00,133676.36455856112
2024-11-25 00:00:00+00:00,133672.97366624826
2024-11-25 04:00:00+00:00,133962.07389387704
2024-11-25 08:00:00+00:00,134145.17141558748
2024-11-25 12:00:00+00:00,135744.36420494688
2024-11-25 16:00:00+00:00,133645.16290197446
2024-11-25 20:00:00+00:00,131735.00931788763
2024-11-26 00:00:00+00:00,132511.26240033214
2024-11-26 04:00:00+00:00,130975.34613730454
2024-11-26 08:00:00+00:00,128205.6041497951
2024-11-26 12:00:00+00:00,127175.87279937543
2024-11-26 16:00:00+00:00,125350.4908990516
2024-11-26 20:00:00+00:00,125784.79517105025
2024-11-27 00:00:00+00:00,126633.92679775722
2024-11-27 04:00:00+00:00,127970.99633595688
2024-11-27 08:00:00+00:00,129155.40486362256
2024-11-27 12:00:00+00:00,132602.60454493505
2024-11-27 16:00:00+00:00,133976.48306668812
2024-11-27 20:00:00+00:00,136353.24438875372
2024-11-28 00:00:00+00:00,134319.85938834335
2024-11-28 04:00:00+00:00,134080.98890371362
2024-11-28 08:00:00+00:00,135130.15286042317
2024-11-28 12:00:00+00:00,132191.67266434553
2024-11-28 16:00:00+00:00,133433.42594928778
2024-11-28 20:00:00+00:00,133573.01588874325
2024-11-29 00:00:00+00:00,134661.80466006816
2024-11-29 04:00:00+00:00,133301.39782024495
2024-11-29 08:00:00+00:00,135634.42007041012
2024-11-29 12:00:00+00:00,134485.01792618973
2024-11-29 16:00:00+00:00,133181.59023704883
2024-11-29 20:00:00+00:00,133062.45888314655
2024-11-30 00:00:00+00:00,132654.3707103142
2024-11-30 04:00:00+00:00,134138.71534930466
2024-11-30 08:00:00+00:00,132349.99146238147
2024-11-30 12:00:00+00:00,133085.6938144149
2024-11-30 16:00:00+00:00,133649.33382414604
2024-11-30 20:00:00+00:00,134157.9138843405
2024-12-01 00:00:00+00:00,134281.0742977779
2024-12-01 04:00:00+00:00,134111.18537453632
2024-12-01 08:00:00+00:00,133752.93346603753
2024-12-01 12:00:00+00:00,135063.1429231054
2024-12-01 16:00:00+00:00,134315.84900274847
2024-12-01 20:00:00+00:00,134303.17072489462
2024-12-02 00:00:00+00:00,133225.27413468
2024-12-02 04:00:00+00:00,132438.4429002874
2024-12-02 08:00:00+00:00,131209.3778951677
2024-12-02 12:00:00+00:00,134005.06133765305
2024-12-02 16:00:00+00:00,132107.9119580805
2024-12-02 20:00:00+00:00,132145.18931701488
2024-12-03 00:00:00+00:00,132478.94069560472
2024-12-03 04:00:00+00:00,131698.5998053215
2024-12-03 08:00:00+00:00,130751.95995475132
2024-12-03 12:00:00+00:00,129020.56960692447
2024-12-03 16:00:00+00:00,128523.27304377762
2024-12-03 20:00:00+00:00,131582.00330603847
2024-12-04 00:00:00+00:00,133708.28567820342
2024-12-04 04:00:00+00:00,133078.27608645085
2024-12-04 08:00:00+00:00,132740.77094801195
2024-12-04 12:00:00+00:00,131469.50159322552
2024-12-04 16:00:00+00:00,131983.89827131663
2024-12-04 20:00:00+00:00,131868.79054076486
2024-12-05 00:00:00+00:00,131692.1774855302
2024-12-05 04:00:00+00:00,130635.40361323288
2024-12-05 08:00:00+00:00,131064.30910462349
2024-12-05 12:00:00+00:00,129550.12794347256
2024-12-05 16:00:00+00:00,126310.76278481196
2024-12-05 20:00:00+00:00,123898.69785006015
2024-12-06 00:00:00+00:00,126922.759018459
2024-12-06 04:00:00+00:00,125517.05195932408
2024-12-06 08:00:00+00:00,122805.29617733616
2024-12-06 12:00:00+00:00,126624.20308391351
2024-12-06 16:00:00+00:00,128989.87256467242
2024-12-06 20:00:00+00:00,126809.71469869152
2024-12-07 00:00:00+00:00,126429.17805299304
2024-12-07 04:00:00+00:00,126397.4666658515
2024-12-07 08:00:00+00:00,126791.63920802086
2024-12-07 12:00:00+00:00,126994.90919959813
2024-12-07 16:00:00+00:00,127249.32152117125
2024-12-07 20:00:00+00:00,125390.62948256599
2024-12-08 00:00:00+00:00,126717.51445063548
2024-12-08 04:00:00+00:00,125106.29698940825
2024-12-08 08:00:00+00:00,124242.7686768551
2024-12-08 12:00:00+00:00,124305.8781171723
2024-12-08 16:00:00+00:00,124332.94524421924
2024-12-08 20:00:00+00:00,125895.60063388602
2024-12-09 00:00:00+00:00,123238.49480309745
2024-12-09 04:00:00+00:00,123860.90270946336
2024-12-09 08:00:00+00:00,121897.3895804007
2024-12-09 12:00:00+00:00,121738.43578800478
2024-12-09 16:00:00+00:00,120626.59476633238
2024-12-09 20:00:00+00:00,121175.21414795975
2024-12-10 00:00:00+00:00,120359.85823615511
2024-12-10 04:00:00+00:00,120888.17241479323
2024-12-10 08:00:00+00:00,121707.07445056489
2024-12-10 12:00:00+00:00,118996.24241282385
2024-12-10 16:00:00+00:00,119291.37708096171
2024-12-10 20:00:00+00:00,120198.79620019523
2024-12-11 00:00:00+00:00,121167.73328370055
2024-12-11 04:00:00+00:00,120441.66055750487
2024-12-11 08:00:00+00:00,123942.87162022303
2024-12-11 12:00:00+00:00,125922.29645725583
2024-12-11 16:00:00+00:00,126688.70328830752
2024-12-11 20:00:00+00:00,125321.30117247427
2024-12-12 00:00:00+00:00,127014.01266263882
2024-12-12 04:00:00+00:00,125887.68926222641
2024-12-12 08:00:00+00:00,126144.9186779873
2024-12-12 12:00:00+00:00,127572.57416972285
2024-12-12 16:00:00+00:00,124783.34342463643
2024-12-12 20:00:00+00:00,125120.83615433775
2024-12-13 00:00:00+00:00,126771.87508607618
2024-12-13 04:00:00+00:00,125250.74023272326
2024-12-13 08:00:00+00:00,125410.69644191896
2024-12-13 12:00:00+00:00,124649.100407442
2024-12-13 16:00:00+00:00,125573.01805982315
2024-12-13 20:00:00+00:00,125316.99716013709
2024-12-14 00:00:00+00:00,126130.4172468842
2024-12-14 04:00:00+00:00,125811.40835373785
2024-12-14 08:00:00+00:00,125458.99225565264
2024-12-14 12:00:00+00:00,125498.29541732678
2024-12-14 16:00:00+00:00,125120.84803974669
2024-12-14 20:00:00+00:00,125212.48143607804
2024-12-15 00:00:00+00:00,125657.07131278128
2024-12-15 04:00:00+00:00,125619.9972280398
2024-12-15 08:00:00+00:00,126749.02951927399
2024-12-15 12:00:00+00:00,126897.23901108665
2024-12-15 16:00:00+00:00,127492.99118281207
2024-12-15 20:00:00+00:00,128849.39897086126
2024-12-16 00:00:00+00:00,129120.10154744964
2024-12-16 04:00:00+00:00,129634.7191786997
2024-12-16 08:00:00+00:00,127363.59519647586
2024-12-16 12:00:00+00:00,130361.40127203791
2024-12-16 16:00:00+00:00,130716.2062023133
2024-12-16 20:00:00+00:00,128262.18534608999
2024-12-17 00:00:00+00:00,129036.75085126875
2024-12-17 04:00:00+00:00,127580.64035336116
2024-12-17 08:00:00+00:00,127478.53623470404
2024-12-17 12:00:00+00:00,126599.46826640164
2024-12-17 16:00:00+00:00,130572.02674100146
2024-12-17 20:00:00+00:00,128103.52942296979
2024-12-18 00:00:00+00:00,124860.0387609049
2024-12-18 04:00:00+00:00,123947.26882237691
2024-12-18 08:00:00+00:00,125060.9629612098
2024-12-18 12:00:00+00:00,124992.0746639624
2024-12-18 16:00:00+00:00,121524.69703584349
2024-12-18 20:00:00+00:00,118311.44776642504
2024-12-19 00:00:00+00:00,119494.00190909997
2024-12-19 04:00:00+00:00,120062.35618541921
2024-12-19 08:00:00+00:00,119080.83113788533
2024-12-19 12:00:00+00:00,116822.31625072994
2024-12-19 16:00:00+00:00,112690.44949440738
2024-12-19 20:00:00+00:00,113228.30486080782
2024-12-20 00:00:00+00:00,112711.09331129806
2024-12-20 04:00:00+00:00,113422.88304348332
2024-12-20 08:00:00+00:00,107824.7245387883
2024-12-20 12:00:00+00:00,112667.31027107938
2024-12-20 16:00:00+00:00,112852.82332273343
2024-12-20 20:00:00+00:00,112373.85706078899
2024-12-21 00:00:00+00:00,112225.95456446306
2024-12-21 04:00:00+00:00,114032.501029433
2024-12-21 08:00:00+00:00,111403.59079386317
2024-12-21 12:00:00+00:00,109726.17583006182
2024-12-21 16:00:00+00:00,109272.51815194644
2024-12-21 20:00:00+00:00,109281.73916876443
2024-12-22 00:00:00+00:00,108924.37646650284
2024-12-22 04:00:00+00:00,107992.28095885682
2024-12-22 08:00:00+00:00,109161.3214710422
2024-12-22 12:00:00+00:00,107145.35251892594
2024-12-22 16:00:00+00:00,106441.9645741285
2024-12-22 20:00:00+00:00,107519.08369886015
2024-12-23 00:00:00+00:00,110925.95916283909
2024-12-23 04:00:00+00:00,108549.48484443419
2024-12-23 08:00:00+00:00,108952.71311810646
2024-12-23 12:00:00+00:00,106778.72437928896
2024-12-23 16:00:00+00:00,110496.35636394756
2024-12-23 20:00:00+00:00,112076.30746598769
2024-12-24 00:00:00+00:00,111993.77270692588
2024-12-24 04:00:00+00:00,112901.65505660564
2024-12-24 08:00:00+00:00,113750.58400695556
2024-12-24 12:00:00+00:00,116603.92853452054
2024-12-24 16:00:00+00:00,115106.51219154224
2024-12-24 20:00:00+00:00,116285.2482501272
2024-12-25 00:00:00+00:00,115403.99169931424
2024-12-25 04:00:00+00:00,114259.38887211286
2024-12-25 08:00:00+00:00,114062.41436147495
2024-12-25 12:00:00+00:00,114652.83199165335
2024-12-25 16:00:00+00:00,115184.67897057402
2024-12-25 20:00:00+00:00,113965.22454522409
2024-12-26 00:00:00+00:00,113280.19211228279
2024-12-26 04:00:00+00:00,111970.99668128445
2024-12-26 08:00:00+00:00,109470.12042946757
2024-12-26 12:00:00+00:00,109902.29575312418
2024-12-26 16:00:00+00:00,109977.1404092955
2024-12-26 20:00:00+00:00,109599.86607909584
2024-12-27 00:00:00+00:00,110241.59749267339
2024-12-27 04:00:00+00:00,108389.38574131837
2024-12-27 08:00:00+00:00,111428.24606698628
2024-12-27 12:00:00+00:00,108399.1622356637
2024-12-27 16:00:00+00:00,109333.79509507555
2024-12-27 20:00:00+00:00,108633.47221680635
2024-12-28 00:00:00+00:00,109024.53199061884
2024-12-28 04:00:00+00:00,108699.30061206478
2024-12-28 08:00:00+00:00,109471.64366534444
2024-12-28 12:00:00+00:00,109769.82674287647
2024-12-28 16:00:00+00:00,111674.16221272964
2024-12-28 20:00:00+00:00,112677.01647702645
2024-12-29 00:00:00+00:00,112262.04229869673
2024-12-29 04:00:00+00:00,112988.24711077374
2024-12-29 08:00:00+00:00,113017.06476204663
2024-12-29 12:00:00+00:00,112469.52938786159
2024-12-29 16:00:00+00:00,111068.99153599881
2024-12-29 20:00:00+00:00,109472.49365548033
2024-12-30 00:00:00+00:00,110859.23186852505
2024-12-30 04:00:00+00:00,111616.15026130965
2024-12-30 08:00:00+00:00,111522.6753995501
2024-12-30 12:00:00+00:00,108266.68866432304
2024-12-30 16:00:00+00:00,110799.62943053899
2024-12-30 20:00:00+00:00,107926.43771816538
2024-12-31 00:00:00+00:00,107125.64588223794
2024-12-31 04:00:00+00:00,107187.67905262667
2024-12-31 08:00:00+00:00,108602.410119532
2024-12-31 12:00:00+00:00,110008.3710429832
2024-12-31 16:00:00+00:00,107306.77968624786
2024-12-31 20:00:00+00:00,106505.62008030746
2025-01-01 00:00:00+00:00,106721.81243140198
2025-01-01 04:00:00+00:00,106601.63036064028
2025-01-01 08:00:00+00:00,106325.52510084455
2025-01-01 12:00:00+00:00,107401.62399796268
2025-01-01 16:00:00+00:00,107648.8014849828
2025-01-01 20:00:00+00:00,107635.58448535256
2025-01-02 00:00:00+00:00,109811.57008122803
2025-01-02 04:00:00+00:00,113887.8835268745
2025-01-02 08:00:00+00:00,115325.93168951776
2025-01-02 12:00:00+00:00,114363.54561144112
2025-01-02 16:00:00+00:00,114319.29797566748
2025-01-02 20:00:00+00:00,115215.31260008366
2025-01-03 00:00:00+00:00,115071.50778381935
2025-01-03 04:00:00+00:00,115016.19823910229
2025-01-03 08:00:00+00:00,118644.50437254067
2025-01-03 12:00:00+00:00,120220.82639697657
2025-01-03 16:00:00+00:00,120077.02158071223
2025-01-03 20:00:00+00:00,120569.27652869397
2025-01-04 00:00:00+00:00,120005.11917258006
2025-01-04 04:00:00+00:00,119861.31435631575
2025-01-04 08:00:00+00:00,119953.1844966259
2025-01-04 12:00:00+00:00,120146.33456286124
2025-01-04 16:00:00+00:00,120923.2640534252
2025-01-04 20:00:00+00:00,121780.45072668351
2025-01-05 00:00:00+00:00,121144.72059488471
2025-01-05 04:00:00+00:00,120937.2507823595
2025-01-05 08:00:00+00:00,120334.82238611851
2025-01-05 12:00:00+00:00,120871.97938066616
2025-01-05 16:00:00+00:00,121144.38757752914
2025-01-05 20:00:00+00:00,121084.77747088062
2025-01-06 00:00:00+00:00,121738.46808596901
2025-01-06 04:00:00+00:00,122091.93507184437
2025-01-06 08:00:00+00:00,122000.31896519147
2025-01-06 12:00:00+00:00,125635.21225277065
2025-01-06 16:00:00+00:00,125241.75388050587
2025-01-06 20:00:00+00:00,125734.80166009691
2025-01-07 00:00:00+00:00,125103.78695969755
2025-01-07 04:00:00+00:00,125035.34145692919
2025-01-07 08:00:00+00:00,124065.72085034325
2025-01-07 12:00:00+00:00,120453.80603892154
2025-01-07 16:00:00+00:00,118653.99191728371
2025-01-07 20:00:00+00:00,119194.42800075635
2025-01-08 00:00:00+00:00,118634.19315500924
2025-01-08 04:00:00+00:00,117665.03365496827
2025-01-08 08:00:00+00:00,117012.51025552352
2025-01-08 12:00:00+00:00,117256.1954581516
2025-01-08 16:00:00+00:00,115901.72380147358
2025-01-08 20:00:00+00:00,116867.12720445034
2025-01-09 00:00:00+00:00,116607.55401369932
2025-01-09 04:00:00+00:00,115343.88522422599
2025-01-09 08:00:00+00:00,115789.30830572228
2025-01-09 12:00:00+00:00,116461.65164999661
2025-01-09 16:00:00+00:00,112079.31983637759
2025-01-09 20:00:00+00:00,112583.40330439451
2025-01-10 00:00:00+00:00,114064.02178343128
2025-01-10 04:00:00+00:00,115075.56882407537
2025-01-10 08:00:00+00:00,115599.16553733229
2025-01-10 12:00:00+00:00,114254.19924657198
2025-01-10 16:00:00+00:00,116067.70437230747
2025-01-10 20:00:00+00:00,115287.58302733266
2025-01-11 00:00:00+00:00,114637.4644700989
2025-01-11 04:00:00+00:00,114663.96149011841
2025-01-11 08:00:00+00:00,115148.2311474598
2025-01-11 12:00:00+00:00,114887.930737943
2025-01-11 16:00:00+00:00,114988.49524815811
2025-01-11 20:00:00+00:00,115142.11955512846
2025-01-12 00:00:00+00:00,115253.30427044719
2025-01-12 04:00:00+00:00,114582.33783383925
2025-01-12 08:00:00+00:00,114096.56234262024
2025-01-12 12:00:00+00:00,116238.251108832
2025-01-12 16:00:00+00:00,115292.23226284256
2025-01-12 20:00:00+00:00,115054.20171449683
2025-01-13 00:00:00+00:00,112930.23682156569
2025-01-13 04:00:00+00:00,112013.91394486745
2025-01-13 08:00:00+00:00,108879.81261667373
2025-01-13 12:00:00+00:00,110411.08638093244
2025-01-13 16:00:00+00:00,110458.03742297394
2025-01-13 20:00:00+00:00,113176.73568822788
2025-01-14 00:00:00+00:00,113546.48800696313
2025-01-14 04:00:00+00:00,113589.34170761905
2025-01-14 08:00:00+00:00,114316.40470989712
2025-01-14 12:00:00+00:00,114188.06917590226
2025-01-14 16:00:00+00:00,114560.42253039523
2025-01-14 20:00:00+00:00,114961.3722480599
2025-01-15 00:00:00+00:00,115501.67426759734
2025-01-15 04:00:00+00:00,115504.57902320357
2025-01-15 08:00:00+00:00,114676.67144962384
2025-01-15 12:00:00+00:00,117656.29619342451
2025-01-15 16:00:00+00:00,120457.56475905493
2025-01-15 20:00:00+00:00,122820.1796993514
2025-01-16 00:00:00+00:00,120511.26055315258
2025-01-16 04:00:00+00:00,121197.3734777336
2025-01-16 08:00:00+00:00,126948.78964552603
2025-01-16 12:00:00+00:00,124735.32968883414
2025-01-16 16:00:00+00:00,127790.02375305584
2025-01-16 20:00:00+00:00,125970.33295308001
2025-01-17 00:00:00+00:00,125946.46815570329
2025-01-17 04:00:00+00:00,127241.13341339101
2025-01-17 08:00:00+00:00,130522.54305269166
2025-01-17 12:00:00+00:00,132503.81428972335
2025-01-17 16:00:00+00:00,134949.62850745503
2025-01-17 20:00:00+00:00,132756.91713959837
2025-01-18 00:00:00+00:00,129139.68345230531
2025-01-18 04:00:00+00:00,136224.2191869195
2025-01-18 08:00:00+00:00,139768.8916428976
2025-01-18 12:00:00+00:00,150765.56526870414
2025-01-18 16:00:00+00:00,149361.73459306927
2025-01-18 20:00:00+00:00,153233.96754002883
2025-01-19 00:00:00+00:00,149507.96695511456
2025-01-19 04:00:00+00:00,158825.89306464104
2025-01-19 08:00:00+00:00,167430.20524738653
2025-01-19 12:00:00+00:00,158270.21008886892
2025-01-19 16:00:00+00:00,157638.48628483323
2025-01-19 20:00:00+00:00,147647.89130989835
2025-01-20 00:00:00+00:00,150049.74180899997
2025-01-20 04:00:00+00:00,155105.14070839377
2025-01-20 08:00:00+00:00,154776.82636717233
2025-01-20 12:00:00+00:00,152964.21939671398
2025-01-20 16:00:00+00:00,150907.29834704607
2025-01-20 20:00:00+00:00,148531.07047523712
2025-01-21 00:00:00+00:00,147469.90931734786
2025-01-21 04:00:00+00:00,145848.04386977226
2025-01-21 08:00:00+00:00,147967.23310095433
2025-01-21 12:00:00+00:00,147520.87846579787
2025-01-21 16:00:00+00:00,151972.04377372516
2025-01-21 20:00:00+00:00,150610.16790336696
2025-01-22 00:00:00+00:00,149916.28690922214
2025-01-22 04:00:00+00:00,152241.65894240895
2025-01-22 08:00:00+00:00,151799.96908821835
2025-01-22 12:00:00+00:00,151529.06597764813
2025-01-22 16:00:00+00:00,156234.5352242918
2025-01-22 20:00:00+00:00,151564.4011659834
2025-01-23 00:00:00+00:00,146552.69362043426
2025-01-23 04:00:00+00:00,146953.15908823375
2025-01-23 08:00:00+00:00,145815.89546179818
2025-01-23 12:00:00+00:00,150073.56864492362
2025-01-23 16:00:00+00:00,148303.23458605996
2025-01-23 20:00:00+00:00,148511.12774275176
2025-01-24 00:00:00+00:00,146662.11021923044
2025-01-24 04:00:00+00:00,150150.27957494993
2025-01-24 08:00:00+00:00,150968.36054684137
2025-01-24 12:00:00+00:00,148185.99739298737
2025-01-24 16:00:00+00:00,148061.69924053023
2025-01-24 20:00:00+00:00,143151.92221847342
2025-01-25 00:00:00+00:00,143395.31536856692
2025-01-25 04:00:00+00:00,142272.25925625395
2025-01-25 08:00:00+00:00,142688.34286436412
2025-01-25 12:00:00+00:00,143046.9261699583
2025-01-25 16:00:00+00:00,143235.98051768978
2025-01-25 20:00:00+00:00,142750.66859056297
2025-01-26 00:00:00+00:00,143707.7150790529
2025-01-26 04:00:00+00:00,144002.44880319148
2025-01-26 08:00:00+00:00,142133.948212426
2025-01-26 12:00:00+00:00,141572.28583246376
2025-01-26 16:00:00+00:00,142517.65815517248
2025-01-26 20:00:00+00:00,139087.24475158774
2025-01-27 00:00:00+00:00,137274.10174599383
2025-01-27 04:00:00+00:00,134113.06744483326
2025-01-27 08:00:00+00:00,133851.1761831534
2025-01-27 12:00:00+00:00,137259.9531838124
2025-01-27 16:00:00+00:00,134916.00099420926
2025-01-27 20:00:00+00:00,138287.62346845167
2025-01-28 00:00:00+00:00,139008.22656624092
2025-01-28 04:00:00+00:00,139153.3842531838
2025-01-28 08:00:00+00:00,138738.2735721804
2025-01-28 12:00:00+00:00,138295.70867012432
2025-01-28 16:00:00+00:00,135209.40080052282
2025-01-28 20:00:00+00:00,133590.09062732125
2025-01-29 00:00:00+00:00,134513.5476203721
2025-01-29 04:00:00+00:00,135350.9995954434
2025-01-29 08:00:00+00:00,135190.74186194115
2025-01-29 12:00:00+00:00,134420.2193008616
2025-01-29 16:00:00+00:00,136606.20935784793
2025-01-29 20:00:00+00:00,136765.581291165
2025-01-30 00:00:00+00:00,138563.5290670302
2025-01-30 04:00:00+00:00,137736.9716766109
2025-01-30 08:00:00+00:00,137673.38749144383
2025-01-30 12:00:00+00:00,137082.8155036618
2025-01-30 16:00:00+00:00,137105.55934463468
2025-01-30 20:00:00+00:00,135906.21340394407
2025-01-31 00:00:00+00:00,134377.2973053745
2025-01-31 04:00:00+00:00,134645.36944122287
2025-01-31 08:00:00+00:00,138530.26111727397
2025-01-31 12:00:00+00:00,142372.3703873983
2025-01-31 16:00:00+00:00,138693.08347769437
2025-01-31 20:00:00+00:00,137110.96518473182
2025-02-01 00:00:00+00:00,136736.30761049918
2025-02-01 04:00:00+00:00,136243.27153443024
2025-02-01 08:00:00+00:00,135082.74685327054
2025-02-01 12:00:00+00:00,135034.149363043
2025-02-01 16:00:00+00:00,134266.28420565382
2025-02-01 20:00:00+00:00,132983.98098750805
2025-02-02 00:00:00+00:00,131046.9074748607
2025-02-02 04:00:00+00:00,131697.79703747807
2025-02-02 08:00:00+00:00,130771.5509697061
2025-02-02 12:00:00+00:00,131149.57141116913
2025-02-02 16:00:00+00:00,129728.81069774058
2025-02-02 20:00:00+00:00,129034.3041858079
2025-02-03 00:00:00+00:00,124312.95004159515
2025-02-03 04:00:00+00:00,124877.83469635677
2025-02-03 08:00:00+00:00,124364.80620690688
2025-02-03 12:00:00+00:00,129737.46200600268
2025-02-03 16:00:00+00:00,133310.74114035693
2025-02-03 20:00:00+00:00,133797.42245161787
2025-02-04 00:00:00+00:00,133302.5179853644
2025-02-04 04:00:00+00:00,128027.19578600432
2025-02-04 08:00:00+00:00,128590.0581918334
2025-02-04 12:00:00+00:00,129274.43543344087
2025-02-04 16:00:00+00:00,124687.69452814467
2025-02-04 20:00:00+00:00,122742.13304755489
2025-02-05 00:00:00+00:00,122911.24868688887
2025-02-05 04:00:00+00:00,122711.97416775534
2025-02-05 08:00:00+00:00,124333.47299945283
2025-02-05 12:00:00+00:00,123154.52945705995
2025-02-05 16:00:00+00:00,123244.6709030508
2025-02-05 20:00:00+00:00,123811.27427785055
2025-02-06 00:00:00+00:00,124621.21515217243
2025-02-06 04:00:00+00:00,125723.78269106567
2025-02-06 08:00:00+00:00,124507.09519345494
2025-02-06 12:00:00+00:00,122198.32076722484
2025-02-06 16:00:00+00:00,120649.13022337743
2025-02-06 20:00:00+00:00,121327.59236063795
2025-02-07 00:00:00+00:00,122421.41284186764
2025-02-07 04:00:00+00:00,121528.72068096742
2025-02-07 08:00:00+00:00,122799.38962186027
2025-02-07 12:00:00+00:00,122410.52001295213
2025-02-07 16:00:00+00:00,120785.13672606333
2025-02-07 20:00:00+00:00,118652.97994288222
2025-02-08 00:00:00+00:00,119264.81623718634
2025-02-08 04:00:00+00:00,119147.39310999666
2025-02-08 08:00:00+00:00,120136.21944422559
2025-02-08 12:00:00+00:00,119587.77894699568
2025-02-08 16:00:00+00:00,121564.8462891035
2025-02-08 20:00:00+00:00,123058.93937198634
2025-02-09 00:00:00+00:00,127769.65433991858
2025-02-09 04:00:00+00:00,125923.64677057162
2025-02-09 08:00:00+00:00,124367.81430409857
2025-02-09 12:00:00+00:00,123910.94286553109
2025-02-09 16:00:00+00:00,122910.76485136987
2025-02-09 20:00:00+00:00,123768.94228327365
2025-02-10 00:00:00+00:00,124695.03303712663
2025-02-10 04:00:00+00:00,125369.92628346647
2025-02-10 08:00:00+00:00,125675.86225102062
2025-02-10 12:00:00+00:00,124660.1516166662
2025-02-10 16:00:00+00:00,123616.55946741554
2025-02-10 20:00:00+00:00,122925.21982759498
2025-02-11 00:00:00+00:00,123742.81511051294
2025-02-11 04:00:00+00:00,125279.1551732164
2025-02-11 08:00:00+00:00,125124.4125631726
2025-02-11 12:00:00+00:00,122979.26426155058
2025-02-11 16:00:00+00:00,119622.96633743652
2025-02-11 20:00:00+00:00,120314.40197692599
2025-02-12 00:00:00+00:00,117961.74371827836
2025-02-12 04:00:00+00:00,118749.15717745789
2025-02-12 08:00:00+00:00,118766.41709881363
2025-02-12 12:00:00+00:00,118411.28962908343
2025-02-12 16:00:00+00:00,120160.60728792222
2025-02-12 20:00:00+00:00,122704.21968689814
2025-02-13 00:00:00+00:00,122960.98588555858
2025-02-13 04:00:00+00:00,120160.30745339845
2025-02-13 08:00:00+00:00,119026.14471551088
2025-02-13 12:00:00+00:00,118656.90327101487
2025-02-13 16:00:00+00:00,118342.7791780638
2025-02-13 20:00:00+00:00,119140.14972548155
2025-02-14 00:00:00+00:00,119602.49311885917
2025-02-14 04:00:00+00:00,119419.96283013013
2025-02-14 08:00:00+00:00,121037.83769783175
2025-02-14 12:00:00+00:00,121808.00681390094
2025-02-14 16:00:00+00:00,122232.50947630126
2025-02-14 20:00:00+00:00,120916.55122286022
2025-02-15 00:00:00+00:00,120291.9258767569
2025-02-15 04:00:00+00:00,118800.10223460715
2025-02-15 08:00:00+00:00,118929.07600912546
2025-02-15 12:00:00+00:00,118005.6796921024
2025-02-15 16:00:00+00:00,117759.28386788223
2025-02-15 20:00:00+00:00,117766.96823543616
2025-02-16 00:00:00+00:00,117739.8796612246
2025-02-16 04:00:00+00:00,117360.41333413841
2025-02-16 08:00:00+00:00,117884.34852682929
2025-02-16 12:00:00+00:00,117154.25427647591
2025-02-16 16:00:00+00:00,116687.67230468964
2025-02-16 20:00:00+00:00,115728.41803650648
2025-02-17 00:00:00+00:00,116183.69420096152
2025-02-17 04:00:00+00:00,116605.92262090977
2025-02-17 08:00:00+00:00,119806.77061188719
2025-02-17 12:00:00+00:00,119829.3822265497
2025-02-17 16:00:00+00:00,118176.99500121154
2025-02-17 20:00:00+00:00,119321.9254128735
2025-02-18 00:00:00+00:00,117931.74594987188
2025-02-18 04:00:00+00:00,116211.08904180265
2025-02-18 08:00:00+00:00,116504.60519367193
2025-02-18 12:00:00+00:00,116197.10088283342
2025-02-18 16:00:00+00:00,114471.27468765285
2025-02-18 20:00:00+00:00,116237.46119162625
2025-02-19 00:00:00+00:00,116383.70314894557
2025-02-19 04:00:00+00:00,116477.33222139245
2025-02-19 08:00:00+00:00,119624.79183530477
2025-02-19 12:00:00+00:00,116749.724966218
2025-02-19 16:00:00+00:00,116034.39732414855
2025-02-19 20:00:00+00:00,116020.31929550723
2025-02-20 00:00:00+00:00,117142.71067385116
2025-02-20 04:00:00+00:00,116531.07274283808
2025-02-20 08:00:00+00:00,118037.15052993187
2025-02-20 12:00:00+00:00,117526.84337297388
2025-02-20 16:00:00+00:00,119646.97304203328
2025-02-20 20:00:00+00:00,120344.4236792654
2025-02-21 00:00:00+00:00,118484.5553133131
2025-02-21 04:00:00+00:00,118353.287964424
2025-02-21 08:00:00+00:00,119110.20940988084
2025-02-21 12:00:00+00:00,116394.75742626864
2025-02-21 16:00:00+00:00,112988.49109551242
2025-02-21 20:00:00+00:00,113872.01505604568
2025-02-22 00:00:00+00:00,114072.99264716025
2025-02-22 04:00:00+00:00,114843.81122059902
2025-02-22 08:00:00+00:00,115031.66371893891
2025-02-22 12:00:00+00:00,116665.61549534155
2025-02-22 16:00:00+00:00,116430.6601724589
2025-02-22 20:00:00+00:00,116141.90470408609
2025-02-23 00:00:00+00:00,115702.6769537956
2025-02-23 04:00:00+00:00,118747.00862399086
2025-02-23 08:00:00+00:00,117581.89922322029
2025-02-23 12:00:00+00:00,116973.28507736322
2025-02-23 16:00:00+00:00,118022.80822805734
2025-02-23 20:00:00+00:00,118515.41581020133
2025-02-24 00:00:00+00:00,114244.60894828581
2025-02-24 04:00:00+00:00,114576.31130425673
2025-02-24 08:00:00+00:00,114507.06448528002
2025-02-24 12:00:00+00:00,112613.3068113319
2025-02-24 16:00:00+00:00,112192.75700791866
2025-02-24 20:00:00+00:00,109241.74846084508
2025-02-25 00:00:00+00:00,110164.37037423988
2025-02-25 04:00:00+00:00,106820.13548548732
2025-02-25 08:00:00+00:00,106581.33757820191
2025-02-25 12:00:00+00:00,104313.94766786358
2025-02-25 16:00:00+00:00,104985.52419129606
2025-02-25 20:00:00+00:00,103997.91517389599
2025-02-26 00:00:00+00:00,103270.1531401841
2025-02-26 04:00:00+00:00,101014.81139214632
2025-02-26 08:00:00+00:00,100101.04170025028
2025-02-26 12:00:00+00:00,98625.99926882483
2025-02-26 16:00:00+00:00,93257.85200599958
2025-02-26 20:00:00+00:00,93447.58831305418
2025-02-27 00:00:00+00:00,94663.76253731045
2025-02-27 04:00:00+00:00,96147.48470271003
2025-02-27 08:00:00+00:00,95799.69253873824
2025-02-27 12:00:00+00:00,95220.0389321186
2025-02-27 16:00:00+00:00,92942.34123081318
2025-02-27 20:00:00+00:00,93890.24536399118
2025-02-28 00:00:00+00:00,87029.87444329282
2025-02-28 04:00:00+00:00,85525.72145479821
2025-02-28 08:00:00+00:00,87005.37339546153
2025-02-28 12:00:00+00:00,94735.88353653767
2025-02-28 16:00:00+00:00,95178.08837457203
2025-02-28 20:00:00+00:00,96361.63661754635
2025-03-01 00:00:00+00:00,94729.38052421363
2025-03-01 04:00:00+00:00,92661.4226051706
2025-03-01 08:00:00+00:00,91269.77796782716
2025-03-01 12:00:00+00:00,91321.1973922164
2025-03-01 16:00:00+00:00,92040.69229198486
2025-03-01 20:00:00+00:00,92697.81345869042
2025-03-02 00:00:00+00:00,92527.19899236763
2025-03-02 04:00:00+00:00,92877.76294120305
2025-03-02 08:00:00+00:00,92755.06934698918
2025-03-02 12:00:00+00:00,92220.72905388019
2025-03-02 16:00:00+00:00,100694.42234981868
2025-03-02 20:00:00+00:00,104513.30130175453
2025-03-03 00:00:00+00:00,99349.33481697756
2025-03-03 04:00:00+00:00,94893.0013386083
2025-03-03 08:00:00+00:00,94208.76115885869
2025-03-03 12:00:00+00:00,92273.0047529004
2025-03-03 16:00:00+00:00,87681.59806880074
2025-03-03 20:00:00+00:00,88114.35595131015
2025-03-04 00:00:00+00:00,86017.30277207686
2025-03-04 04:00:00+00:00,85070.63990586753
2025-03-04 08:00:00+00:00,85903.06345597295
2025-03-04 12:00:00+00:00,84720.93244672102
2025-03-04 16:00:00+00:00,90289.98114879482
2025-03-04 20:00:00+00:00,90135.22281987
2025-03-05 00:00:00+00:00,88156.31813699726
2025-03-05 04:00:00+00:00,89911.05524224724
2025-03-05 08:00:00+00:00,90347.77772172022
2025-03-05 12:00:00+00:00,86867.12834438341
2025-03-05 16:00:00+00:00,88264.45021787715
2025-03-05 20:00:00+00:00,89163.11205745107
2025-03-06 00:00:00+00:00,89981.70919285371
2025-03-06 04:00:00+00:00,89746.83181384314
2025-03-06 08:00:00+00:00,89591.04466037116
2025-03-06 12:00:00+00:00,87903.50187508436
2025-03-06 16:00:00+00:00,84565.10554509675
2025-03-06 20:00:00+00:00,84406.08215397559
2025-03-07 00:00:00+00:00,81551.37898725507
2025-03-07 04:00:00+00:00,82736.80486580236
2025-03-07 08:00:00+00:00,82235.08170790115
2025-03-07 12:00:00+00:00,81581.40785415393
2025-03-07 16:00:00+00:00,80314.22598443893
2025-03-07 20:00:00+00:00,76387.33585928974
2025-03-08 00:00:00+00:00,76546.25922107464
2025-03-08 04:00:00+00:00,76436.55724683288
2025-03-08 08:00:00+00:00,76089.19110672195
2025-03-08 12:00:00+00:00,77398.55791067949
2025-03-08 16:00:00+00:00,78931.34314114679
2025-03-08 20:00:00+00:00,78185.52958687775
2025-03-09 00:00:00+00:00,77562.12596420854
2025-03-09 04:00:00+00:00,77528.77369299003
2025-03-09 08:00:00+00:00,76167.36236676248
2025-03-09 12:00:00+00:00,74405.01416312104
2025-03-09 16:00:00+00:00,73843.02028806708
2025-03-09 20:00:00+00:00,72067.37477847161
2025-03-10 00:00:00+00:00,73357.03377456598
2025-03-10 04:00:00+00:00,73622.39047449434
2025-03-10 08:00:00+00:00,74785.39433200377
2025-03-10 12:00:00+00:00,70757.7287902601
2025-03-10 16:00:00+00:00,69536.81835208861
2025-03-10 20:00:00+00:00,69236.64218803935
2025-03-11 00:00:00+00:00,70013.7529907942
2025-03-11 04:00:00+00:00,70869.88360940512
2025-03-11 08:00:00+00:00,71988.96612439379
2025-03-11 12:00:00+00:00,71630.01733724264
2025-03-11 16:00:00+00:00,73255.03574646676
2025-03-11 20:00:00+00:00,71654.45751712531
2025-03-12 00:00:00+00:00,70042.44658614571
2025-03-12 04:00:00+00:00,70229.31256803132
2025-03-12 08:00:00+00:00,70732.25351290009
2025-03-12 12:00:00+00:00,69409.84781592729
2025-03-12 16:00:00+00:00,70453.73179163749
2025-03-12 20:00:00+00:00,70993.63120200904
2025-03-13 00:00:00+00:00,70892.39509221335
2025-03-13 04:00:00+00:00,70366.99883246314
2025-03-13 08:00:00+00:00,70020.28406406562
2025-03-13 12:00:00+00:00,68591.41258946824
2025-03-13 16:00:00+00:00,67633.87607157885
2025-03-13 20:00:00+00:00,68100.27377623376
2025-03-14 00:00:00+00:00,69002.38993167435
2025-03-14 04:00:00+00:00,69140.4465740859
2025-03-14 08:00:00+00:00,69481.20542956206
2025-03-14 12:00:00+00:00,70661.09460841722
2025-03-14 16:00:00+00:00,71753.36658301325
2025-03-14 20:00:00+00:00,71357.9429065802
2025-03-15 00:00:00+00:00,72148.79025944631
2025-03-15 04:00:00+00:00,71021.29842529261
2025-03-15 08:00:00+00:00,71267.1023322645
2025-03-15 12:00:00+00:00,72202.22589139672
2025-03-15 16:00:00+00:00,71865.58141010912
2025-03-15 20:00:00+00:00,71764.8191301108
2025-03-16 00:00:00+00:00,71474.89221493491
2025-03-16 04:00:00+00:00,71314.53945014677
2025-03-16 08:00:00+00:00,68712.94290145583
2025-03-16 12:00:00+00:00,69402.83945903856
2025-03-16 16:00:00+00:00,69165.59659892636
2025-03-16 20:00:00+00:00,68761.7281663656
2025-03-17 00:00:00+00:00,69698.08542710186
2025-03-17 04:00:00+00:00,69548.62788985776
2025-03-17 08:00:00+00:00,69593.22965164698
2025-03-17 12:00:00+00:00,69887.20251825819
2025-03-17 16:00:00+00:00,70715.88581589532
2025-03-17 20:00:00+00:00,70136.24442317199
2025-03-18 00:00:00+00:00,69220.90619370811
2025-03-18 04:00:00+00:00,69362.53967471902
2025-03-18 08:00:00+00:00,68902.68598187382
2025-03-18 12:00:00+00:00,68487.25204399861
2025-03-18 16:00:00+00:00,69344.69895346058
2025-03-18 20:00:00+00:00,70326.66681537946
2025-03-19 00:00:00+00:00,70573.88823853219
2025-03-19 04:00:00+00:00,70343.41524758126
2025-03-19 08:00:00+00:00,73838.37613247533
2025-03-19 12:00:00+00:00,74602.97847212294
2025-03-19 16:00:00+00:00,73950.15371260476
2025-03-19 20:00:00+00:00,75123.82592490142
2025-03-20 00:00:00+00:00,74335.56143947053
2025-03-20 04:00:00+00:00,74391.07302295159
2025-03-20 08:00:00+00:00,72525.8838179884
2025-03-20 12:00:00+00:00,71782.3203306439
2025-03-20 16:00:00+00:00,71331.54353765694
2025-03-20 20:00:00+00:00,71311.55946831629
2025-03-21 00:00:00+00:00,71525.92319853391
2025-03-21 04:00:00+00:00,71068.68583857894
2025-03-21 08:00:00+00:00,70624.30899264319
2025-03-21 12:00:00+00:00,70045.47124982033
2025-03-21 16:00:00+00:00,70879.97429840613
2025-03-21 20:00:00+00:00,70907.38887553908
2025-03-22 00:00:00+00:00,71128.1466242176
2025-03-22 04:00:00+00:00,71095.03296191581
2025-03-22 08:00:00+00:00,71933.91240689417
2025-03-22 12:00:00+00:00,71332.34754174521
2025-03-22 16:00:00+00:00,71729.71148936654
2025-03-22 20:00:00+00:00,70923.94570668996
2025-03-23 00:00:00+00:00,71807.1210253342
2025-03-23 04:00:00+00:00,71871.4212209077
2025-03-23 08:00:00+00:00,72940.03937859561
2025-03-23 12:00:00+00:00,72616.71388473106
2025-03-23 16:00:00+00:00,71542.6156339268
2025-03-23 20:00:00+00:00,72315.12771369726
2025-03-24 00:00:00+00:00,75097.88672302656
2025-03-24 04:00:00+00:00,75489.24803194795
2025-03-24 08:00:00+00:00,77951.5629339117
2025-03-24 12:00:00+00:00,77864.59375415138
2025-03-24 16:00:00+00:00,77603.68621487047
2025-03-24 20:00:00+00:00,76647.02523750706
2025-03-25 00:00:00+00:00,75320.74524616236
2025-03-25 04:00:00+00:00,75668.1530564604
2025-03-25 08:00:00+00:00,77020.16367485424
2025-03-25 12:00:00+00:00,77289.9276608928
2025-03-25 16:00:00+00:00,77053.19450032424
2025-03-25 20:00:00+00:00,76314.69942788784
2025-03-26 00:00:00+00:00,75358.37487365367
2025-03-26 04:00:00+00:00,76771.61004824417
2025-03-26 08:00:00+00:00,76830.05210433627
2025-03-26 12:00:00+00:00,74030.14632610619
2025-03-26 16:00:00+00:00,73841.41335513568
2025-03-26 20:00:00+00:00,74050.50826212729
2025-03-27 00:00:00+00:00,74729.3027514784
2025-03-27 04:00:00+00:00,74501.83955562158
2025-03-27 08:00:00+00:00,74114.72736846795
2025-03-27 12:00:00+00:00,74113.18280775148
2025-03-27 16:00:00+00:00,74267.45246689784
2025-03-27 20:00:00+00:00,73721.16511920841
2025-03-28 00:00:00+00:00,72842.45441743355
2025-03-28 04:00:00+00:00,71414.95859815367
2025-03-28 08:00:00+00:00,71417.63704359555
2025-03-28 12:00:00+00:00,70433.80932433286
2025-03-28 16:00:00+00:00,70236.18720184024
2025-03-28 20:00:00+00:00,70707.45607551678
2025-03-29 00:00:00+00:00,70530.20716517494
2025-03-29 04:00:00+00:00,70174.07215290089
2025-03-29 08:00:00+00:00,68733.61668246868
2025-03-29 12:00:00+00:00,68573.01280190083
2025-03-29 16:00:00+00:00,68098.28114565152
2025-03-29 20:00:00+00:00,67953.45475358183
2025-03-30 00:00:00+00:00,68322.71062793495
2025-03-30 04:00:00+00:00,68337.06307993548
2025-03-30 08:00:00+00:00,68048.04253354424
2025-03-30 12:00:00+00:00,67618.25860815188
2025-03-30 16:00:00+00:00,67464.63729739522
2025-03-30 20:00:00+00:00,66825.20600652219
2025-03-31 00:00:00+00:00,66686.00913453296
2025-03-31 04:00:00+00:00,67392.70094617059
2025-03-31 08:00:00+00:00,66536.10481085225
2025-03-31 12:00:00+00:00,67874.53627228715
2025-03-31 16:00:00+00:00,67240.4174605184
2025-03-31 20:00:00+00:00,67046.16924598133
2025-04-01 00:00:00+00:00,67508.61243854399
2025-04-01 04:00:00+00:00,68217.17694838942
2025-04-01 08:00:00+00:00,68515.17136841787
2025-04-01 12:00:00+00:00,70583.47338002274
2025-04-01 16:00:00+00:00,70271.13108051145
2025-04-01 20:00:00+00:00,70083.13706985152
2025-04-02 00:00:00+00:00,69031.3271354548
2025-04-02 04:00:00+00:00,68614.50284176068
2025-04-02 08:00:00+00:00,68622.24943869121
2025-04-02 12:00:00+00:00,70471.82270841439
2025-04-02 16:00:00+00:00,70526.1974904121
2025-04-02 20:00:00+00:00,62948.547384514735
2025-04-03 00:00:00+00:00,63601.256795778354
2025-04-03 04:00:00+00:00,63588.37089301441
2025-04-03 08:00:00+00:00,63264.34251778493
2025-04-03 12:00:00+00:00,62496.104636328484
2025-04-03 16:00:00+00:00,62522.07285515485
2025-04-03 20:00:00+00:00,63309.55328794424
2025-04-04 00:00:00+00:00,62405.59928897456
2025-04-04 04:00:00+00:00,63191.19325552334
2025-04-04 08:00:00+00:00,62198.493504639
2025-04-04 12:00:00+00:00,62358.827363461714
2025-04-04 16:00:00+00:00,64526.87637678026
2025-04-04 20:00:00+00:00,64621.60631518513
2025-04-05 00:00:00+00:00,63537.47479788501
2025-04-05 04:00:00+00:00,63716.40912598308
2025-04-05 08:00:00+00:00,63300.649951872845
2025-04-05 12:00:00+00:00,61863.91255273239
2025-04-05 16:00:00+00:00,61926.16664752536
2025-04-05 20:00:00+00:00,62463.09163454413
2025-04-06 00:00:00+00:00,62319.35529961396
2025-04-06 04:00:00+00:00,61814.26869041866
2025-04-06 08:00:00+00:00,61596.248750158054
2025-04-06 12:00:00+00:00,61414.20227831096
2025-04-06 16:00:00+00:00,59214.21399383136
2025-04-06 20:00:00+00:00,58190.7714304293
2025-04-07 00:00:00+00:00,57717.37388640855
2025-04-07 04:00:00+00:00,55862.74675815825
2025-04-07 08:00:00+00:00,56995.8542603364
2025-04-07 12:00:00+00:00,58428.042675621575
2025-04-07 16:00:00+00:00,58200.541251939845
2025-04-07 20:00:00+00:00,58932.56881215303
2025-04-08 00:00:00+00:00,59383.18366710694
2025-04-08 04:00:00+00:00,57948.8130540216
2025-04-08 08:00:00+00:00,59473.501235571755
2025-04-08 12:00:00+00:00,57149.15142034145
2025-04-08 16:00:00+00:00,55475.193067171
2025-04-08 20:00:00+00:00,56189.55745992527
2025-04-09 00:00:00+00:00,54990.06500940504
2025-04-09 04:00:00+00:00,56670.11945334485
2025-04-09 08:00:00+00:00,54468.230430255266
2025-04-09 12:00:00+00:00,55053.7279692138
2025-04-09 16:00:00+00:00,61443.80064136768
2025-04-09 20:00:00+00:00,61495.45579112923
2025-04-10 00:00:00+00:00,59478.32003215428
2025-04-10 04:00:00+00:00,58698.52251409213
2025-04-10 08:00:00+00:00,58661.73961229675
2025-04-10 12:00:00+00:00,56348.00458885505
2025-04-10 16:00:00+00:00,57242.58057411608
2025-04-10 20:00:00+00:00,57188.3529632186
2025-04-11 00:00:00+00:00,58005.28967547857
2025-04-11 04:00:00+00:00,58523.365682800926
2025-04-11 08:00:00+00:00,59241.166634223904
2025-04-11 12:00:00+00:00,60189.86859099973
2025-04-11 16:00:00+00:00,60671.74894999698
2025-04-11 20:00:00+00:00,60942.80665193293
2025-04-12 00:00:00+00:00,60325.39744196771
2025-04-12 04:00:00+00:00,62373.38896770601
2025-04-12 08:00:00+00:00,62544.05492818419
2025-04-12 12:00:00+00:00,65490.55253996944
2025-04-12 16:00:00+00:00,65611.02262971875
2025-04-12 20:00:00+00:00,66379.01945187061
2025-04-13 00:00:00+00:00,66163.17720773643
2025-04-13 04:00:00+00:00,64526.79182197495
2025-04-13 08:00:00+00:00,65164.27938023172
2025-04-13 12:00:00+00:00,64612.12480221404
2025-04-13 16:00:00+00:00,64356.12586149676
2025-04-13 20:00:00+00:00,64093.19218446339
2025-04-14 00:00:00+00:00,64706.18446396009
2025-04-14 04:00:00+00:00,64881.79502994822
2025-04-14 08:00:00+00:00,65374.156117303864
2025-04-14 12:00:00+00:00,63436.03599383404
2025-04-14 16:00:00+00:00,63773.10313514027
2025-04-14 20:00:00+00:00,63273.93202761046
2025-04-15 00:00:00+00:00,63824.150297580876
2025-04-15 04:00:00+00:00,63961.77925028251
2025-04-15 08:00:00+00:00,63882.33905902825
2025-04-15 12:00:00+00:00,63313.715760254505
2025-04-15 16:00:00+00:00,62729.32459270706
2025-04-15 20:00:00+00:00,62478.4270581318
2025-04-16 00:00:00+00:00,62500.996752651015
2025-04-16 04:00:00+00:00,62217.9451327333
2025-04-16 08:00:00+00:00,62743.71576261632
2025-04-16 12:00:00+00:00,63377.983096651056
2025-04-16 16:00:00+00:00,63006.997753501826
2025-04-16 20:00:00+00:00,62363.263358952994
2025-04-17 00:00:00+00:00,61631.980136743376
2025-04-17 04:00:00+00:00,63754.60091809204
2025-04-17 08:00:00+00:00,63213.261389962856
2025-04-17 12:00:00+00:00,63369.96493757919
2025-04-17 16:00:00+00:00,63113.540950570634
2025-04-17 20:00:00+00:00,63047.49301002975
2025-04-18 00:00:00+00:00,62820.693751213796
2025-04-18 04:00:00+00:00,63007.50720374882
2025-04-18 08:00:00+00:00,62708.605679692795
2025-04-18 12:00:00+00:00,62073.439941073724
2025-04-18 16:00:00+00:00,62383.614092782904
2025-04-18 20:00:00+00:00,62217.42912182262
2025-04-19 00:00:00+00:00,62493.29657265085
2025-04-19 04:00:00+00:00,62378.50403029059
2025-04-19 08:00:00+00:00,62382.99945433429
2025-04-19 12:00:00+00:00,62463.91708712076
2025-04-19 16:00:00+00:00,62356.02691007213
2025-04-19 20:00:00+00:00,62877.49609914057
2025-04-20 00:00:00+00:00,63367.49731990316
2025-04-20 04:00:00+00:00,62760.61507400454
2025-04-20 08:00:00+00:00,61308.593107891546
2025-04-20 12:00:00+00:00,61388.47564367527
2025-04-20 16:00:00+00:00,61595.745624439034
2025-04-20 20:00:00+00:00,61979.49469738746
2025-04-21 00:00:00+00:00,63457.832570499646
2025-04-21 04:00:00+00:00,63627.11423562723
2025-04-21 08:00:00+00:00,63285.85044893278
2025-04-21 12:00:00+00:00,63087.81796700328
2025-04-21 16:00:00+00:00,62498.66328719163
2025-04-21 20:00:00+00:00,62600.09479723907
2025-04-22 00:00:00+00:00,63025.65787250312
2025-04-22 04:00:00+00:00,63268.396127045926
2025-04-22 08:00:00+00:00,63384.52939463715
2025-04-22 12:00:00+00:00,64980.00256802167
2025-04-22 16:00:00+00:00,64476.51720026217
2025-04-22 20:00:00+00:00,66586.84178371825
2025-04-23 00:00:00+00:00,68074.20800692851
2025-04-23 04:00:00+00:00,67946.05868665192
2025-04-23 08:00:00+00:00,68140.1783670709
2025-04-23 12:00:00+00:00,68040.46454685568
2025-04-23 16:00:00+00:00,67715.54156615438
2025-04-23 20:00:00+00:00,68058.28412689414
2025-04-24 00:00:00+00:00,67038.77666469368
2025-04-24 04:00:00+00:00,66595.73790680757
2025-04-24 08:00:00+00:00,66879.70156541644
2025-04-24 12:00:00+00:00,67365.89672903271
2025-04-24 16:00:00+00:00,67653.9453026773
2025-04-24 20:00:00+00:00,67968.0888656695
2025-04-25 00:00:00+00:00,67607.19635841816
2025-04-25 04:00:00+00:00,68997.3008307937
2025-04-25 08:00:00+00:00,68948.29073721636
2025-04-25 12:00:00+00:00,68141.85192471644
2025-04-25 16:00:00+00:00,67455.71061463364
2025-04-25 20:00:00+00:00,66700.57315283442
2025-04-26 00:00:00+00:00,66663.3174767903
2025-04-26 04:00:00+00:00,66681.8213919456
2025-04-26 08:00:00+00:00,66139.62350960352
2025-04-26 12:00:00+00:00,66671.0811333473
2025-04-26 16:00:00+00:00,67148.09675661
2025-04-26 20:00:00+00:00,67436.97267752996
2025-04-27 00:00:00+00:00,67024.76895960186
2025-04-27 04:00:00+00:00,66802.92706648512
2025-04-27 08:00:00+00:00,66883.6641828448
2025-04-27 12:00:00+00:00,66436.27685916364
2025-04-27 16:00:00+00:00,66792.60826420893
2025-04-27 20:00:00+00:00,65879.95848122133
2025-04-28 00:00:00+00:00,66062.48843781886
2025-04-28 04:00:00+00:00,67264.51498126594
2025-04-28 08:00:00+00:00,67536.08394108174
2025-04-28 12:00:00+00:00,65149.83865483127
2025-04-28 16:00:00+00:00,65736.70511672321
2025-04-28 20:00:00+00:00,65839.07844318324
2025-04-29 00:00:00+00:00,65640.68409199496
2025-04-29 04:00:00+00:00,66260.1792660821
2025-04-29 08:00:00+00:00,66553.34175895121
2025-04-29 12:00:00+00:00,66015.7559469654
2025-04-29 16:00:00+00:00,66257.99691501855
2025-04-29 20:00:00+00:00,65390.876092437895
2025-04-30 00:00:00+00:00,65794.61103919314
2025-04-30 04:00:00+00:00,64918.05629081157
2025-04-30 08:00:00+00:00,65225.31226960757
2025-04-30 12:00:00+00:00,64412.188106198475
2025-04-30 16:00:00+00:00,64549.728035963526
2025-04-30 20:00:00+00:00,64533.02652943498
2025-05-01 00:00:00+00:00,64923.808913182955
2025-05-01 04:00:00+00:00,65399.68109202345
2025-05-01 08:00:00+00:00,66251.01205416927
2025-05-01 12:00:00+00:00,66272.84105319866
2025-05-01 16:00:00+00:00,65600.50788309374
2025-05-01 20:00:00+00:00,65858.09007164043
2025-05-02 00:00:00+00:00,66110.86580823628
2025-05-02 04:00:00+00:00,65538.1206253062
2025-05-02 08:00:00+00:00,65912.05211372863
2025-05-02 12:00:00+00:00,66200.85917362044
2025-05-02 16:00:00+00:00,65921.42482841088
2025-05-02 20:00:00+00:00,65868.10921628066
2025-05-03 00:00:00+00:00,65517.71306580258
2025-05-03 04:00:00+00:00,65115.904065013296
2025-05-03 08:00:00+00:00,65033.54701572524
2025-05-03 12:00:00+00:00,65405.40157160157
2025-05-03 16:00:00+00:00,65536.60241202582
2025-05-03 20:00:00+00:00,65369.39264528948
2025-05-04 00:00:00+00:00,65311.279229558095
2025-05-04 04:00:00+00:00,65635.3595663669
2025-05-04 08:00:00+00:00,65158.33042373743
2025-05-04 12:00:00+00:00,65272.41811106286
2025-05-04 16:00:00+00:00,65186.8523455688
2025-05-04 20:00:00+00:00,64490.20440483787
2025-05-05 00:00:00+00:00,63978.59243198789
2025-05-05 04:00:00+00:00,64757.273620140644
2025-05-05 08:00:00+00:00,63571.29141672167
2025-05-05 12:00:00+00:00,63381.710618405625
2025-05-05 16:00:00+00:00,63835.65046033115
2025-05-05 20:00:00+00:00,63850.78819276882
2025-05-06 00:00:00+00:00,62941.2452039269
2025-05-06 04:00:00+00:00,62842.05448009416
2025-05-06 08:00:00+00:00,62360.89524965785
2025-05-06 12:00:00+00:00,62865.46504817955
2025-05-06 16:00:00+00:00,63124.3592949994
2025-05-06 20:00:00+00:00,64355.697625696186
2025-05-07 00:00:00+00:00,64155.064323135106
2025-05-07 04:00:00+00:00,64504.157335934964
2025-05-07 08:00:00+00:00,64493.73819942938
2025-05-07 12:00:00+00:00,63744.27498533253
2025-05-07 16:00:00+00:00,62990.48808632532
2025-05-07 20:00:00+00:00,63437.67768794947
2025-05-08 00:00:00+00:00,64877.75729755278
2025-05-08 04:00:00+00:00,65722.04172702228
2025-05-08 08:00:00+00:00,66718.23301497128
2025-05-08 12:00:00+00:00,69910.61200717735
2025-05-08 16:00:00+00:00,72178.02926298464
2025-05-08 20:00:00+00:00,75230.33483085029
2025-05-09 00:00:00+00:00,75150.92580926558
2025-05-09 04:00:00+00:00,80570.84714086087
2025-05-09 08:00:00+00:00,80134.6087390221
2025-05-09 12:00:00+00:00,78430.89329309083
2025-05-09 16:00:00+00:00,79462.52895118925
2025-05-09 20:00:00+00:00,79921.60170687425
2025-05-10 00:00:00+00:00,79746.08391238443
2025-05-10 04:00:00+00:00,79973.30878325285
2025-05-10 08:00:00+00:00,78432.50455182063
2025-05-10 12:00:00+00:00,79922.23206251838
2025-05-10 16:00:00+00:00,82090.52977884306
2025-05-10 20:00:00+00:00,84841.13465224797
2025-05-11 00:00:00+00:00,83343.49187938512
2025-05-11 04:00:00+00:00,81228.07146271634
2025-05-11 08:00:00+00:00,83114.90429826395
2025-05-11 12:00:00+00:00,80876.32246935317
2025-05-11 16:00:00+00:00,82371.00936832221
2025-05-11 20:00:00+00:00,81987.81817847493
2025-05-12 00:00:00+00:00,81965.74260343538
2025-05-12 04:00:00+00:00,82271.33673293356
2025-05-12 08:00:00+00:00,81393.88219962215
2025-05-12 12:00:00+00:00,79989.28057088834
2025-05-12 16:00:00+00:00,78425.07579101902
2025-05-12 20:00:00+00:00,79799.18645199938
2025-05-13 00:00:00+00:00,76478.41902129684
2025-05-13 04:00:00+00:00,77076.59155527991
2025-05-13 08:00:00+00:00,77859.69715667782
2025-05-13 12:00:00+00:00,77836.88238917934
2025-05-13 16:00:00+00:00,81538.46992490771
2025-05-13 20:00:00+00:00,81198.18845551161
2025-05-14 00:00:00+00:00,80201.58493561514
2025-05-14 04:00:00+00:00,80017.9602068048
2025-05-14 08:00:00+00:00,79538.59664083451
2025-05-14 12:00:00+00:00,78706.83116132225
2025-05-14 16:00:00+00:00,78937.42261119797
2025-05-14 20:00:00+00:00,78968.53610694112
2025-05-15 00:00:00+00:00,78390.40145604308
2025-05-15 04:00:00+00:00,77657.48145043211
2025-05-15 08:00:00+00:00,78080.37193796675
2025-05-15 12:00:00+00:00,78731.06985828365
2025-05-15 16:00:00+00:00,78724.62866151555
2025-05-15 20:00:00+00:00,79118.65591394878
2025-05-16 00:00:00+00:00,79346.0045380806
2025-05-16 04:00:00+00:00,79115.90902059994
2025-05-16 08:00:00+00:00,79599.21854195831
2025-05-16 12:00:00+00:00,78812.58997000335
2025-05-16 16:00:00+00:00,78717.526362659
2025-05-16 20:00:00+00:00,77056.79855128843
2025-05-17 00:00:00+00:00,76983.05741663232
2025-05-17 04:00:00+00:00,76915.50330940844
2025-05-17 08:00:00+00:00,76591.33072384882
2025-05-17 12:00:00+00:00,76569.90857875494
2025-05-17 16:00:00+00:00,76734.89046245918
2025-05-17 20:00:00+00:00,76719.68352757422
2025-05-18 00:00:00+00:00,76804.13487451558
2025-05-18 04:00:00+00:00,77269.09649282608
2025-05-18 08:00:00+00:00,77206.56259079473
2025-05-18 12:00:00+00:00,79679.30629576367
2025-05-18 16:00:00+00:00,75335.05272999556
2025-05-18 20:00:00+00:00,78341.22195084447
2025-05-19 00:00:00+00:00,74747.38055148374
2025-05-19 04:00:00+00:00,74370.73081534977
2025-05-19 08:00:00+00:00,74188.95430892085
2025-05-19 12:00:00+00:00,75523.26151801516
2025-05-19 16:00:00+00:00,76000.25810964448
2025-05-19 20:00:00+00:00,76205.27320852099
2025-05-20 00:00:00+00:00,76963.66660205394
2025-05-20 04:00:00+00:00,76330.6673467204
2025-05-20 08:00:00+00:00,75785.08227426624
2025-05-20 12:00:00+00:00,74838.29624521737
2025-05-20 16:00:00+00:00,75423.98251046699
2025-05-20 20:00:00+00:00,75131.09876380838
2025-05-21 00:00:00+00:00,75210.88917869715
2025-05-21 04:00:00+00:00,74996.75164586896
2025-05-21 08:00:00+00:00,74976.23379653509
2025-05-21 12:00:00+00:00,76134.05170292628
2025-05-21 16:00:00+00:00,75865.44473011982
2025-05-21 20:00:00+00:00,76734.64260652024
2025-05-22 00:00:00+00:00,78189.4744752199
2025-05-22 04:00:00+00:00,77632.67772941702
2025-05-22 08:00:00+00:00,77313.19462983991
2025-05-22 12:00:00+00:00,77721.29437687523
2025-05-22 16:00:00+00:00,77213.34043641637
2025-05-22 20:00:00+00:00,77991.76558239323
2025-05-23 00:00:00+00:00,79665.26291279499
2025-05-23 04:00:00+00:00,78496.01608320916
2025-05-23 08:00:00+00:00,76500.82838325796
2025-05-23 12:00:00+00:00,77683.32109335835
2025-05-23 16:00:00+00:00,77029.72512268467
2025-05-23 20:00:00+00:00,74823.83872166104
2025-05-24 00:00:00+00:00,75296.83580570121
2025-05-24 04:00:00+00:00,74738.39257896936
2025-05-24 08:00:00+00:00,75774.3627602993
2025-05-24 12:00:00+00:00,75608.20606139167
2025-05-24 16:00:00+00:00,75636.7004468226
2025-05-24 20:00:00+00:00,74821.16456633434
2025-05-25 00:00:00+00:00,73760.6550816896
2025-05-25 04:00:00+00:00,73347.69110837612
2025-05-25 08:00:00+00:00,73069.13588287908
2025-05-25 12:00:00+00:00,72871.91484529867
2025-05-25 16:00:00+00:00,73213.34788402215
2025-05-25 20:00:00+00:00,73926.76220560238
2025-05-26 00:00:00+00:00,74254.33197323483
2025-05-26 04:00:00+00:00,74634.02971915477
2025-05-26 08:00:00+00:00,74158.40540268584
2025-05-26 12:00:00+00:00,73879.83215953354
2025-05-26 16:00:00+00:00,72447.93953105423
2025-05-26 20:00:00+00:00,72541.91520240498
2025-05-27 00:00:00+00:00,72044.48184018763
2025-05-27 04:00:00+00:00,73693.23150010977
2025-05-27 08:00:00+00:00,74966.39180486625
2025-05-27 12:00:00+00:00,75406.13374364562
2025-05-27 16:00:00+00:00,75952.41984111383
2025-05-27 20:00:00+00:00,75197.28458377547
2025-05-28 00:00:00+00:00,74760.9339710021
2025-05-28 04:00:00+00:00,74507.1497415523
2025-05-28 08:00:00+00:00,75089.32737258413
2025-05-28 12:00:00+00:00,74238.95237657698
2025-05-28 16:00:00+00:00,73981.49421062067
2025-05-28 20:00:00+00:00,74439.93135042771
2025-05-29 00:00:00+00:00,76578.6500787978
2025-05-29 04:00:00+00:00,75713.20737998873
2025-05-29 08:00:00+00:00,75284.92135511365
2025-05-29 12:00:00+00:00,73284.86720011444
2025-05-29 16:00:00+00:00,73463.38901242484
2025-05-29 20:00:00+00:00,72944.17883469602
2025-05-30 00:00:00+00:00,72938.6346790342
2025-05-30 04:00:00+00:00,72102.96874573163
2025-05-30 08:00:00+00:00,72782.96986034983
2025-05-30 12:00:00+00:00,72518.35802437854
2025-05-30 16:00:00+00:00,71924.10299386736
2025-05-30 20:00:00+00:00,71435.34280134442
2025-05-31 00:00:00+00:00,71214.64511021278
2025-05-31 04:00:00+00:00,71305.00102572849
2025-05-31 08:00:00+00:00,71102.66216259346
2025-05-31 12:00:00+00:00,71848.99869751751
2025-05-31 16:00:00+00:00,71944.93578260834
2025-05-31 20:00:00+00:00,71876.73818360773
2025-06-01 00:00:00+00:00,71747.16381880836
2025-06-01 04:00:00+00:00,71655.24624911345
2025-06-01 08:00:00+00:00,71525.48405649186
2025-06-01 12:00:00+00:00,71950.96237244764
2025-06-01 16:00:00+00:00,72233.02609635961
2025-06-01 20:00:00+00:00,72572.2485098337
2025-06-02 00:00:00+00:00,72062.09741161227
2025-06-02 04:00:00+00:00,71992.44774203922
2025-06-02 08:00:00+00:00,70963.22676863025
2025-06-02 12:00:00+00:00,70742.00460530583
2025-06-02 16:00:00+00:00,70311.25250128112
2025-06-02 20:00:00+00:00,72392.73699845422
2025-06-03 00:00:00+00:00,72281.12478452017
2025-06-03 04:00:00+00:00,72464.36871784473
2025-06-03 08:00:00+00:00,72236.42437048191
2025-06-03 12:00:00+00:00,72841.6846350994
2025-06-03 16:00:00+00:00,71999.86864747388
2025-06-03 20:00:00+00:00,69591.80129173811
2025-06-04 00:00:00+00:00,69589.60985176329
2025-06-04 04:00:00+00:00,69487.76146781204
2025-06-04 08:00:00+00:00,69399.4387557848
2025-06-04 12:00:00+00:00,70550.5428439723
2025-06-04 16:00:00+00:00,69381.45688627026
2025-06-04 20:00:00+00:00,68957.2963171334
2025-06-05 00:00:00+00:00,69415.04067198123
2025-06-05 04:00:00+00:00,68862.09818440942
2025-06-05 08:00:00+00:00,68981.23870332444
2025-06-05 12:00:00+00:00,68867.82435809387
2025-06-05 16:00:00+00:00,67098.25329731384
2025-06-05 20:00:00+00:00,66806.75808208257
2025-06-06 00:00:00+00:00,67446.27070344472
2025-06-06 04:00:00+00:00,67874.70891046377
2025-06-06 08:00:00+00:00,68404.97441357895
2025-06-06 12:00:00+00:00,69124.69202382765
2025-06-06 16:00:00+00:00,68552.15306030055
2025-06-06 20:00:00+00:00,68659.06221519667
2025-06-07 00:00:00+00:00,69032.86915552073
2025-06-07 04:00:00+00:00,69024.64774593535
2025-06-07 08:00:00+00:00,68540.80052755646
2025-06-07 12:00:00+00:00,68332.62114001816
2025-06-07 16:00:00+00:00,68342.34835130605
2025-06-07 20:00:00+00:00,68242.82891261124
2025-06-08 00:00:00+00:00,67809.06388174403
2025-06-08 04:00:00+00:00,67882.76586460724
2025-06-08 08:00:00+00:00,67857.38862508659
2025-06-08 12:00:00+00:00,67882.49589397405
2025-06-08 16:00:00+00:00,67978.80861836165
2025-06-08 20:00:00+00:00,67002.06535732366
2025-06-09 00:00:00+00:00,66602.11862413138
2025-06-09 04:00:00+00:00,66312.04736709081
2025-06-09 08:00:00+00:00,68395.28639492758
2025-06-09 12:00:00+00:00,68131.58525216344
2025-06-09 16:00:00+00:00,68452.42164252647
2025-06-09 20:00:00+00:00,69402.20145526706
2025-06-10 00:00:00+00:00,69534.97158966813
2025-06-10 04:00:00+00:00,69236.8034964736
2025-06-10 08:00:00+00:00,71726.88204753172
2025-06-10 12:00:00+00:00,70674.63055472296
2025-06-10 16:00:00+00:00,71727.91645548728
2025-06-10 20:00:00+00:00,72832.66415204149
2025-06-11 00:00:00+00:00,72177.36671218467
2025-06-11 04:00:00+00:00,72067.99829862903
2025-06-11 08:00:00+00:00,71138.22814356121
2025-06-11 12:00:00+00:00,72331.79355192733
2025-06-11 16:00:00+00:00,70333.8688466188
2025-06-11 20:00:00+00:00,69194.16627461815
2025-06-12 00:00:00+00:00,68578.1551909853
2025-06-12 04:00:00+00:00,67891.1970359908
2025-06-12 08:00:00+00:00,67352.43998747064
2025-06-12 12:00:00+00:00,67011.37048264439
2025-06-12 16:00:00+00:00,66755.53149715078
2025-06-12 20:00:00+00:00,66228.33659757284
2025-06-13 00:00:00+00:00,65287.081120086244
2025-06-13 04:00:00+00:00,65616.10900201375
2025-06-13 08:00:00+00:00,65664.03270262673
2025-06-13 12:00:00+00:00,65934.59572137648
2025-06-13 16:00:00+00:00,65717.8082627173
2025-06-13 20:00:00+00:00,66343.0633284155
2025-06-14 00:00:00+00:00,65836.95563865779
2025-06-14 04:00:00+00:00,65450.21723224646
2025-06-14 08:00:00+00:00,65220.037206189525
2025-06-14 12:00:00+00:00,64629.81062513803
2025-06-14 16:00:00+00:00,64454.545541955384
2025-06-14 20:00:00+00:00,64902.7952707806
2025-06-15 00:00:00+00:00,64944.022091733
2025-06-15 04:00:00+00:00,64916.81479380068
2025-06-15 08:00:00+00:00,64607.880469143136
2025-06-15 12:00:00+00:00,66511.49891169912
2025-06-15 16:00:00+00:00,67124.40651901324
2025-06-15 20:00:00+00:00,67450.70265528119
2025-06-16 00:00:00+00:00,68601.55794671274
2025-06-16 04:00:00+00:00,69351.15717867964
2025-06-16 08:00:00+00:00,68998.4045989305
2025-06-16 12:00:00+00:00,69042.49867139915
2025-06-16 16:00:00+00:00,69576.03694826971
2025-06-16 20:00:00+00:00,66443.96374009384
2025-06-17 00:00:00+00:00,66866.85218038586
2025-06-17 04:00:00+00:00,66344.42566185088
2025-06-17 08:00:00+00:00,65652.66859143102
2025-06-17 12:00:00+00:00,64779.73312101232
2025-06-17 16:00:00+00:00,65127.41722750386
2025-06-17 20:00:00+00:00,64986.32056848205
2025-06-18 00:00:00+00:00,65354.251695749226
2025-06-18 04:00:00+00:00,65124.49654908566
2025-06-18 08:00:00+00:00,65053.06605532911
2025-06-18 12:00:00+00:00,65041.17712866438
2025-06-18 16:00:00+00:00,64478.88372632617
2025-06-18 20:00:00+00:00,65069.2491479233
2025-06-19 00:00:00+00:00,65002.90333942436
2025-06-19 04:00:00+00:00,64635.904612732666
2025-06-19 08:00:00+00:00,64720.663834864
2025-06-19 12:00:00+00:00,63644.128842513026
2025-06-19 16:00:00+00:00,63947.92918235904
2025-06-19 20:00:00+00:00,64543.226907230324
2025-06-20 00:00:00+00:00,63840.906701493324
2025-06-20 04:00:00+00:00,64577.619933385984
2025-06-20 08:00:00+00:00,64788.98470127008
2025-06-20 12:00:00+00:00,62467.127990979585
2025-06-20 16:00:00+00:00,61935.31207101675
2025-06-20 20:00:00+00:00,61833.34850606701
2025-06-21 00:00:00+00:00,61976.57535623165
2025-06-21 04:00:00+00:00,61927.054738247396
2025-06-21 08:00:00+00:00,62180.8812199671
2025-06-21 12:00:00+00:00,62005.26561323773
2025-06-21 16:00:00+00:00,61211.855632698156
2025-06-21 20:00:00+00:00,61173.182699892204
2025-06-22 00:00:00+00:00,61287.658508607965
2025-06-22 04:00:00+00:00,61340.335241891946
2025-06-22 08:00:00+00:00,61514.16004542162
2025-06-22 12:00:00+00:00,59359.75833601925
2025-06-22 16:00:00+00:00,59199.83914271384
2025-06-22 20:00:00+00:00,60440.2953214854
2025-06-23 00:00:00+00:00,60542.07185738034
2025-06-23 04:00:00+00:00,61026.692192721326
2025-06-23 08:00:00+00:00,60807.08802005627
2025-06-23 12:00:00+00:00,60507.79144243499
2025-06-23 16:00:00+00:00,63391.92209951275
2025-06-23 20:00:00+00:00,65532.34610916795
2025-06-24 00:00:00+00:00,64956.426937078526
2025-06-24 04:00:00+00:00,65305.606277636674
2025-06-24 08:00:00+00:00,65559.5548889517
2025-06-24 12:00:00+00:00,65441.65017655544
2025-06-24 16:00:00+00:00,65246.36606867914
2025-06-24 20:00:00+00:00,65627.24505424997
2025-06-25 00:00:00+00:00,65518.154451063965
2025-06-25 04:00:00+00:00,65522.44302514498
2025-06-25 08:00:00+00:00,65104.575088125326
2025-06-25 12:00:00+00:00,64921.03575291298
2025-06-25 16:00:00+00:00,65340.114747805856
2025-06-25 20:00:00+00:00,65120.300710224146
2025-06-26 00:00:00+00:00,65438.07468199856
2025-06-26 04:00:00+00:00,65393.62686935532
2025-06-26 08:00:00+00:00,64355.42435031006
2025-06-26 12:00:00+00:00,63900.27510530489
2025-06-26 16:00:00+00:00,63974.86390252443
2025-06-26 20:00:00+00:00,63451.954412157844
2025-06-27 00:00:00+00:00,64266.39053954447
2025-06-27 04:00:00+00:00,63839.3830168321
2025-06-27 08:00:00+00:00,63876.68661822421
2025-06-27 12:00:00+00:00,63548.673700972235
2025-06-27 16:00:00+00:00,62712.50281098158
2025-06-27 20:00:00+00:00,62849.62282700221
2025-06-28 00:00:00+00:00,63429.06547534744
2025-06-28 04:00:00+00:00,64831.2282198164
2025-06-28 08:00:00+00:00,65087.775346564675
2025-06-28 12:00:00+00:00,65538.94443153575
2025-06-28 16:00:00+00:00,66644.75101234726
2025-06-28 20:00:00+00:00,66666.86714396349
2025-06-29 00:00:00+00:00,66113.96385355774
2025-06-29 04:00:00+00:00,66489.93809103365
2025-06-29 08:00:00+00:00,67091.4968709951
2025-06-29 12:00:00+00:00,66680.13682293323
2025-06-29 16:00:00+00:00,66870.33555483281
2025-06-29 20:00:00+00:00,67816.90598800745
2025-06-30 00:00:00+00:00,67698.19143773065
2025-06-30 04:00:00+00:00,67193.81592524049
2025-06-30 08:00:00+00:00,66595.98737740709
2025-06-30 12:00:00+00:00,67036.4355961552
2025-06-30 16:00:00+00:00,66916.93119847318
2025-06-30 20:00:00+00:00,65661.46998057699
2025-07-01 00:00:00+00:00,65292.46617666832
2025-07-01 04:00:00+00:00,63651.03546272973
2025-07-01 08:00:00+00:00,63129.34042961747
2025-07-01 12:00:00+00:00,62388.559375905614
2025-07-01 16:00:00+00:00,61983.432720014476
2025-07-01 20:00:00+00:00,62110.76670588956
2025-07-02 00:00:00+00:00,62400.7868668828
2025-07-02 04:00:00+00:00,62976.0759207396
2025-07-02 08:00:00+00:00,63170.726424347486
2025-07-02 12:00:00+00:00,63927.711316438326
2025-07-02 16:00:00+00:00,66536.17455771018
2025-07-02 20:00:00+00:00,65659.4919415386
2025-07-03 00:00:00+00:00,65424.99466833186
2025-07-03 04:00:00+00:00,66419.94769571774
2025-07-03 08:00:00+00:00,66353.7877896605
2025-07-03 12:00:00+00:00,65662.30182171863
2025-07-03 16:00:00+00:00,66058.23948345114
2025-07-03 20:00:00+00:00,65835.4078297838
2025-07-04 00:00:00+00:00,65407.258248807135
2025-07-04 04:00:00+00:00,64315.500783536096
2025-07-04 08:00:00+00:00,64320.47144211503
2025-07-04 12:00:00+00:00,63588.34491528184
2025-07-04 16:00:00+00:00,63476.32578287585
2025-07-04 20:00:00+00:00,63785.65747546766
2025-07-05 00:00:00+00:00,63898.89455816216
2025-07-05 04:00:00+00:00,63815.37269443834
2025-07-05 08:00:00+00:00,63643.92140586589
2025-07-05 12:00:00+00:00,63505.6197636315
2025-07-05 16:00:00+00:00,63552.275228641
2025-07-05 20:00:00+00:00,63731.64578871792
2025-07-06 00:00:00+00:00,63690.11046693272
2025-07-06 04:00:00+00:00,63599.60002284123
2025-07-06 08:00:00+00:00,63550.582069515185
2025-07-06 12:00:00+00:00,64539.98042340307
2025-07-06 16:00:00+00:00,64338.85137869784
2025-07-06 20:00:00+00:00,64589.79288933069
2025-07-07 00:00:00+00:00,64589.79288933069
2025-07-07 04:00:00+00:00,64810.961678363026
2025-07-07 08:00:00+00:00,64981.09151608022
2025-07-07 12:00:00+00:00,64253.78645983923
2025-07-07 16:00:00+00:00,63360.60481182399
2025-07-07 20:00:00+00:00,63225.93366045598
2025-07-08 00:00:00+00:00,62919.70938748099
2025-07-08 04:00:00+00:00,63251.72720810527
2025-07-08 08:00:00+00:00,63428.43681899156
2025-07-08 12:00:00+00:00,63079.90809300378
2025-07-08 16:00:00+00:00,64209.58515942598
2025-07-08 20:00:00+00:00,64323.708860453604
2025-07-09 00:00:00+00:00,63745.71166774902
2025-07-09 04:00:00+00:00,64560.07281883195
2025-07-09 08:00:00+00:00,64598.68795042965
2025-07-09 12:00:00+00:00,65346.39495716239
2025-07-09 16:00:00+00:00,68007.14969362119
2025-07-09 20:00:00+00:00,68098.89137569728
2025-07-10 00:00:00+00:00,68280.65304608396
2025-07-10 04:00:00+00:00,68648.60359939717
2025-07-10 08:00:00+00:00,68343.61784665092
2025-07-10 12:00:00+00:00,68113.15683832574
2025-07-10 16:00:00+00:00,69266.44570496054
2025-07-10 20:00:00+00:00,72588.82275987692
2025-07-11 00:00:00+00:00,73042.61204521307
2025-07-11 04:00:00+00:00,73011.86751368623
2025-07-11 08:00:00+00:00,73393.34566087126
2025-07-11 12:00:00+00:00,72583.90363483263
2025-07-11 16:00:00+00:00,73973.80241609798
2025-07-11 20:00:00+00:00,72759.27044266171
2025-07-12 00:00:00+00:00,72775.30588429047
2025-07-12 04:00:00+00:00,72803.58519854785
2025-07-12 08:00:00+00:00,72843.73651185642
2025-07-12 12:00:00+00:00,72432.82431036008
2025-07-12 16:00:00+00:00,72682.7013937257
2025-07-12 20:00:00+00:00,72600.42332056182
2025-07-13 00:00:00+00:00,72823.3444939581
2025-07-13 04:00:00+00:00,72943.05462271457
2025-07-13 08:00:00+00:00,72975.41523851722
2025-07-13 12:00:00+00:00,72883.38662423276
2025-07-13 16:00:00+00:00,72708.94215800025
2025-07-13 20:00:00+00:00,72285.25560281708
2025-07-14 00:00:00+00:00,73194.16565781929
2025-07-14 04:00:00+00:00,73144.63898632902
2025-07-14 08:00:00+00:00,72312.84664965534
2025-07-14 12:00:00+00:00,71273.88296154675
2025-07-14 16:00:00+00:00,71321.52477422125
2025-07-14 20:00:00+00:00,70414.26983339275
2025-07-15 00:00:00+00:00,68873.5625595937
2025-07-15 04:00:00+00:00,69472.98048159246
2025-07-15 08:00:00+00:00,69557.44497663472
2025-07-15 12:00:00+00:00,70929.87635740418
2025-07-15 16:00:00+00:00,70952.04245416941
2025-07-15 20:00:00+00:00,73215.55092490122
2025-07-16 00:00:00+00:00,72704.56406262901
2025-07-16 04:00:00+00:00,73788.60285811608
2025-07-16 08:00:00+00:00,73509.7766935429
2025-07-16 12:00:00+00:00,75702.82030929471
2025-07-16 16:00:00+00:00,78963.33647979326
2025-07-16 20:00:00+00:00,78662.81087312358
2025-07-17 00:00:00+00:00,77701.26892818122
2025-07-17 04:00:00+00:00,80448.9316177326
2025-07-17 08:00:00+00:00,80108.04038221676
2025-07-17 12:00:00+00:00,79809.38139422204
2025-07-17 16:00:00+00:00,79618.9862893754
2025-07-17 20:00:00+00:00,81124.880905405
2025-07-18 00:00:00+00:00,83913.84253314004
2025-07-18 04:00:00+00:00,84093.5045806056
2025-07-18 08:00:00+00:00,84236.7675639093
2025-07-18 12:00:00+00:00,83150.39549507854
2025-07-18 16:00:00+00:00,82868.30274782417
2025-07-18 20:00:00+00:00,82759.33888267296
2025-07-19 00:00:00+00:00,83834.0445847852
2025-07-19 04:00:00+00:00,83332.15748855345
2025-07-19 08:00:00+00:00,82895.36871861118
2025-07-19 12:00:00+00:00,82591.52753502931
2025-07-19 16:00:00+00:00,82278.44721375102
2025-07-19 20:00:00+00:00,82494.04814960883
2025-07-20 00:00:00+00:00,84009.80316640282
2025-07-20 04:00:00+00:00,84250.48669028161
2025-07-20 08:00:00+00:00,86276.54589606292
2025-07-20 12:00:00+00:00,86950.36789898317
2025-07-20 16:00:00+00:00,86120.83651706499
2025-07-20 20:00:00+00:00,86276.08657636086
2025-07-21 00:00:00+00:00,86291.70344623087
2025-07-21 04:00:00+00:00,87721.93067801042
2025-07-21 08:00:00+00:00,88335.75804583152
2025-07-21 12:00:00+00:00,90823.3742206854
2025-07-21 16:00:00+00:00,89826.48165339702
2025-07-21 20:00:00+00:00,90329.54318040828
2025-07-22 00:00:00+00:00,92346.40453182043
2025-07-22 04:00:00+00:00,91427.97110177233
2025-07-22 08:00:00+00:00,92263.33015121306
2025-07-22 12:00:00+00:00,93149.45687769163
2025-07-22 16:00:00+00:00,91806.42105787255
2025-07-22 20:00:00+00:00,94935.55606074996
2025-07-23 00:00:00+00:00,92946.38616954027
2025-07-23 04:00:00+00:00,92610.65717106144
2025-07-23 08:00:00+00:00,91526.33709765346
2025-07-23 12:00:00+00:00,91373.22606709859
2025-07-23 16:00:00+00:00,91282.83172374777
2025-07-23 20:00:00+00:00,91530.35954033109
2025-07-24 00:00:00+00:00,91377.3923709216
2025-07-24 04:00:00+00:00,91329.0584300384
2025-07-24 08:00:00+00:00,91484.43386755369
2025-07-24 12:00:00+00:00,91823.9816084592
2025-07-24 16:00:00+00:00,91759.9640084506
2025-07-24 20:00:00+00:00,91124.51570580875
2025-07-25 00:00:00+00:00,88397.37316441277
2025-07-25 04:00:00+00:00,89274.21807564041
2025-07-25 08:00:00+00:00,91479.23597687729
2025-07-25 12:00:00+00:00,89336.41088823939
2025-07-25 16:00:00+00:00,89507.01093544769
2025-07-25 20:00:00+00:00,90055.27164570468
2025-07-26 00:00:00+00:00,89538.8601440126
2025-07-26 04:00:00+00:00,89760.33605768817
2025-07-26 08:00:00+00:00,90391.06094228599
2025-07-26 12:00:00+00:00,90285.13767922376
2025-07-26 16:00:00+00:00,89769.96544523927
2025-07-26 20:00:00+00:00,89414.90088852681
2025-07-27 00:00:00+00:00,90201.95087015233
2025-07-27 04:00:00+00:00,90058.06866883482
2025-07-27 08:00:00+00:00,91187.37664429202
2025-07-27 12:00:00+00:00,91265.53192640301
2025-07-27 16:00:00+00:00,91499.51975877816
2025-07-27 20:00:00+00:00,92545.8923125457
2025-07-28 00:00:00+00:00,92730.16669330283
2025-07-28 04:00:00+00:00,92135.85255643235
2025-07-28 08:00:00+00:00,91689.74605622167
2025-07-28 12:00:00+00:00,89263.12586803375
2025-07-28 16:00:00+00:00,88347.50880602591
2025-07-28 20:00:00+00:00,88257.01422568092
2025-07-29 00:00:00+00:00,88718.25514580212
2025-07-29 04:00:00+00:00,88765.66472944025
2025-07-29 08:00:00+00:00,88563.71017152323
2025-07-29 12:00:00+00:00,87685.43100685022
2025-07-29 16:00:00+00:00,87801.30619029065
2025-07-29 20:00:00+00:00,88053.97838426063
2025-07-30 00:00:00+00:00,88240.6528905473
2025-07-30 04:00:00+00:00,87974.02737214282
2025-07-30 08:00:00+00:00,87425.79005880147
2025-07-30 12:00:00+00:00,87712.90788864096
2025-07-30 16:00:00+00:00,86778.41632508938
2025-07-30 20:00:00+00:00,87916.48483747369
2025-07-31 00:00:00+00:00,89146.6233694122
2025-07-31 04:00:00+00:00,89158.16096584756
2025-07-31 08:00:00+00:00,88573.20482657461
2025-07-31 12:00:00+00:00,87417.59916760855
2025-07-31 16:00:00+00:00,86182.70488448492
2025-07-31 20:00:00+00:00,85415.08918942515
2025-08-01 00:00:00+00:00,85342.28686263757
2025-08-01 04:00:00+00:00,84847.90331032462
2025-08-01 08:00:00+00:00,85041.48358449056
2025-08-01 12:00:00+00:00,85141.84551546321
2025-08-01 16:00:00+00:00,83594.46022458594
2025-08-01 20:00:00+00:00,83630.19546030539
2025-08-02 00:00:00+00:00,84015.0958904698
2025-08-02 04:00:00+00:00,84109.992025466
2025-08-02 08:00:00+00:00,83943.77532482773
2025-08-02 12:00:00+00:00,83297.75052781371
2025-08-02 16:00:00+00:00,82856.61236141059
2025-08-02 20:00:00+00:00,83043.79281117373
2025-08-03 00:00:00+00:00,83860.13365580836
2025-08-03 04:00:00+00:00,83887.27813624837
2025-08-03 08:00:00+00:00,84047.56779230459
2025-08-03 12:00:00+00:00,84092.38385994693
2025-08-03 16:00:00+00:00,84350.44668917682
2025-08-03 20:00:00+00:00,84224.54603104113
2025-08-04 00:00:00+00:00,85671.18668336998
2025-08-04 04:00:00+00:00,85555.33018091072
2025-08-04 08:00:00+00:00,85644.69143332732
2025-08-04 12:00:00+00:00,87889.32084375895
2025-08-04 16:00:00+00:00,88391.28539911249
2025-08-04 20:00:00+00:00,89625.96405110009
2025-08-05 00:00:00+00:00,87962.78494614994
2025-08-05 04:00:00+00:00,86950.44538302359
2025-08-05 08:00:00+00:00,89393.34383049513
2025-08-05 12:00:00+00:00,85674.07017706415
2025-08-05 16:00:00+00:00,85140.5034926057
2025-08-05 20:00:00+00:00,85334.6862411943
2025-08-06 00:00:00+00:00,84894.14192842206
2025-08-06 04:00:00+00:00,85383.48050289665
2025-08-06 08:00:00+00:00,84800.6665314099
2025-08-06 12:00:00+00:00,85611.7376641698
2025-08-06 16:00:00+00:00,85366.43628182873
2025-08-06 20:00:00+00:00,84997.30052489392
2025-08-07 00:00:00+00:00,84390.50202034354
2025-08-07 04:00:00+00:00,85958.06482376535
2025-08-07 08:00:00+00:00,87389.09796366331
2025-08-07 12:00:00+00:00,87499.9303536532
2025-08-07 16:00:00+00:00,88197.51072730825
2025-08-07 20:00:00+00:00,89171.47796362104
2025-08-08 00:00:00+00:00,89829.83511914317
2025-08-08 04:00:00+00:00,89300.54971631433
2025-08-08 08:00:00+00:00,89346.15810949217
2025-08-08 12:00:00+00:00,88005.76436588081
2025-08-08 16:00:00+00:00,90247.84863278677
2025-08-08 20:00:00+00:00,89103.58043067296
2025-08-09 00:00:00+00:00,90026.06194300049
2025-08-09 04:00:00+00:00,92684.61321545875
2025-08-09 08:00:00+00:00,93114.85272590589
2025-08-09 12:00:00+00:00,93549.75909054694
2025-08-09 16:00:00+00:00,94638.69173579023
2025-08-09 20:00:00+00:00,94684.24912196878
2025-08-10 00:00:00+00:00,94286.89982203102
2025-08-10 04:00:00+00:00,93006.40392368575
2025-08-10 08:00:00+00:00,93317.4633198558
2025-08-10 12:00:00+00:00,93656.59025224461
2025-08-10 16:00:00+00:00,93568.22545503819
2025-08-10 20:00:00+00:00,94057.4930901175
2025-08-11 00:00:00+00:00,96038.59649017538
2025-08-11 04:00:00+00:00,95766.77018781894
2025-08-11 08:00:00+00:00,95050.63161769412
2025-08-11 12:00:00+00:00,94839.466421331
2025-08-11 16:00:00+00:00,93149.36222754944
2025-08-11 20:00:00+00:00,92744.16133019145
2025-08-12 00:00:00+00:00,92825.63973761818
2025-08-12 04:00:00+00:00,93339.89611373004
2025-08-12 08:00:00+00:00,92807.18278935314
2025-08-12 12:00:00+00:00,96736.6735231247
2025-08-12 16:00:00+00:00,97695.9035651919
2025-08-12 20:00:00+00:00,98137.46743113805
2025-08-13 00:00:00+00:00,101182.19540702328
2025-08-13 04:00:00+00:00,101699.03158444246
2025-08-13 08:00:00+00:00,102855.51649629131
2025-08-13 12:00:00+00:00,101033.7969006356
2025-08-13 16:00:00+00:00,103408.17300283855
2025-08-13 20:00:00+00:00,103116.49317993861
2025-08-14 00:00:00+00:00,106406.84626984484
2025-08-14 04:00:00+00:00,105240.12697824513
2025-08-14 08:00:00+00:00,104196.2202436559
2025-08-14 12:00:00+00:00,99708.44472289731
2025-08-14 16:00:00+00:00,97822.68054657271
2025-08-14 20:00:00+00:00,97980.81358521487
2025-08-15 00:00:00+00:00,98567.16629788285
2025-08-15 04:00:00+00:00,98556.74997914265
2025-08-15 08:00:00+00:00,98429.31030036544
2025-08-15 12:00:00+00:00,96884.98168696185
2025-08-15 16:00:00+00:00,96592.7018665509
2025-08-15 20:00:00+00:00,96917.08099995417
2025-08-16 00:00:00+00:00,97010.19932042492
2025-08-16 04:00:00+00:00,97179.62203551331
2025-08-16 08:00:00+00:00,96958.88685625639
2025-08-16 12:00:00+00:00,97222.111542042
2025-08-16 16:00:00+00:00,97034.58968423733
2025-08-16 20:00:00+00:00,97502.56083592876
2025-08-17 00:00:00+00:00,98536.2114017527
2025-08-17 04:00:00+00:00,98675.05998522158
2025-08-17 08:00:00+00:00,99549.29180706272
2025-08-17 12:00:00+00:00,100521.23189134491
2025-08-17 16:00:00+00:00,98131.7829789034
2025-08-17 20:00:00+00:00,97902.0063426224
2025-08-18 00:00:00+00:00,94444.65160262189
2025-08-18 04:00:00+00:00,94222.00831827527
2025-08-18 08:00:00+00:00,94030.27420582005
2025-08-18 12:00:00+00:00,94969.89203268816
2025-08-18 16:00:00+00:00,95135.57548815124
2025-08-18 20:00:00+00:00,95001.62530848497
2025-08-19 00:00:00+00:00,93943.53445698712
2025-08-19 04:00:00+00:00,93987.54602038096
2025-08-19 08:00:00+00:00,94479.6544238996
2025-08-19 12:00:00+00:00,91770.98933127987
2025-08-19 16:00:00+00:00,91154.96204275294
2025-08-19 20:00:00+00:00,90882.15800051967
2025-08-20 00:00:00+00:00,91456.73236042162
2025-08-20 04:00:00+00:00,91338.6578954382
2025-08-20 08:00:00+00:00,91217.23055430427
2025-08-20 12:00:00+00:00,92603.52603224978
2025-08-20 16:00:00+00:00,94910.64551379411
2025-08-20 20:00:00+00:00,95087.72705294772
2025-08-21 00:00:00+00:00,95335.6412077628
2025-08-21 04:00:00+00:00,94602.01768841207
2025-08-21 08:00:00+00:00,93109.47328697442
2025-08-21 12:00:00+00:00,91905.31882072978
2025-08-21 16:00:00+00:00,91375.25355727377
2025-08-21 20:00:00+00:00,91497.0466730711
2025-08-22 00:00:00+00:00,91854.16540152443
2025-08-22 04:00:00+00:00,92794.43800912148
2025-08-22 08:00:00+00:00,91645.69374749207
2025-08-22 12:00:00+00:00,98967.81282609746
2025-08-22 16:00:00+00:00,103618.53334182446
2025-08-22 20:00:00+00:00,103598.59433168419
2025-08-23 00:00:00+00:00,100652.12318805355
2025-08-23 04:00:00+00:00,101064.62486020266
2025-08-23 08:00:00+00:00,99349.43911423052
2025-08-23 12:00:00+00:00,99644.5656785861
2025-08-23 16:00:00+00:00,100387.30086554762
2025-08-23 20:00:00+00:00,100411.89474591057
2025-08-24 00:00:00+00:00,102827.01379755368
2025-08-24 04:00:00+00:00,101651.42631620399
2025-08-24 08:00:00+00:00,101280.11017867058
2025-08-24 12:00:00+00:00,101702.27575614808
2025-08-24 16:00:00+00:00,101400.56197241473
2025-08-24 20:00:00+00:00,100567.37408420528
2025-08-25 00:00:00+00:00,102011.15664120679
2025-08-25 04:00:00+00:00,97418.60695873608
2025-08-25 08:00:00+00:00,97044.88509129937
2025-08-25 12:00:00+00:00,97897.34466165204
2025-08-25 16:00:00+00:00,96673.40101030727
2025-08-25 20:00:00+00:00,96094.78244504474
2025-08-26 00:00:00+00:00,95872.20695212262
2025-08-26 04:00:00+00:00,96244.99993980839
2025-08-26 08:00:00+00:00,95846.50602381499
2025-08-26 12:00:00+00:00,95723.61877350368
2025-08-26 16:00:00+00:00,97221.93817043332
2025-08-26 20:00:00+00:00,97305.05915222674
2025-08-27 00:00:00+00:00,97366.81825320302
2025-08-27 04:00:00+00:00,97481.21997440954
2025-08-27 08:00:00+00:00,98723.63240109518
2025-08-27 12:00:00+00:00,100481.30889621249
2025-08-27 16:00:00+00:00,99392.99413485218
2025-08-27 20:00:00+00:00,97731.62868056323
2025-08-28 00:00:00+00:00,100235.7157421002
2025-08-28 04:00:00+00:00,102624.22955464317
2025-08-28 08:00:00+00:00,102638.67621076741
2025-08-28 12:00:00+00:00,101637.04138615263
2025-08-28 16:00:00+00:00,101097.6995575139
2025-08-28 20:00:00+00:00,103259.88242411024
2025-08-29 00:00:00+00:00,104430.06157017464
2025-08-29 04:00:00+00:00,100534.27996866808
2025-08-29 08:00:00+00:00,99980.49148390509
2025-08-29 12:00:00+00:00,98342.20424136224
2025-08-29 16:00:00+00:00,97427.97639186002
2025-08-29 20:00:00+00:00,97726.2676150532
2025-08-30 00:00:00+00:00,97553.01237130996
2025-08-30 04:00:00+00:00,97522.96330901247
2025-08-30 08:00:00+00:00,97146.67791356909
2025-08-30 12:00:00+00:00,96798.75227387664
2025-08-30 16:00:00+00:00,96318.33619669163
2025-08-30 20:00:00+00:00,96156.17825255873
2025-08-31 00:00:00+00:00,96488.75077800962
2025-08-31 04:00:00+00:00,95563.97995195845
2025-08-31 08:00:00+00:00,96125.23185855229
2025-08-31 12:00:00+00:00,96303.22643795793
2025-08-31 16:00:00+00:00,95674.98501535134
2025-08-31 20:00:00+00:00,94296.97631737147
2025-09-01 00:00:00+00:00,94561.71373161409
2025-09-01 04:00:00+00:00,95903.39678491719
2025-09-01 08:00:00+00:00,95408.98754324025
2025-09-01 12:00:00+00:00,95356.70756481223
2025-09-01 16:00:00+00:00,95770.2544574673
2025-09-01 20:00:00+00:00,95798.30245008745
2025-09-02 00:00:00+00:00,96768.07515437831
2025-09-02 04:00:00+00:00,96611.57776907738
2025-09-02 08:00:00+00:00,96139.61240229629
2025-09-02 12:00:00+00:00,95284.57070534863
2025-09-02 16:00:00+00:00,95045.65023647668
2025-09-02 20:00:00+00:00,96893.49268424971
2025-09-03 00:00:00+00:00,97069.11647256363
2025-09-03 04:00:00+00:00,96759.46400369435
2025-09-03 08:00:00+00:00,97230.87522495803
2025-09-03 12:00:00+00:00,97688.42141030221
2025-09-03 16:00:00+00:00,97230.87522495803
2025-09-03 20:00:00+00:00,96555.49407760127
2025-09-04 00:00:00+00:00,95417.99266100867
2025-09-04 04:00:00+00:00,94832.42784632559
2025-09-04 08:00:00+00:00,95613.25325130684
2025-09-04 12:00:00+00:00,93406.80858093749
2025-09-04 16:00:00+00:00,93592.81513478221
2025-09-04 20:00:00+00:00,94297.54435584684
2025-09-05 00:00:00+00:00,94793.29266616525
2025-09-05 04:00:00+00:00,96208.32011788711
2025-09-05 08:00:00+00:00,95675.9906668994
2025-09-05 12:00:00+00:00,94280.06551689844
2025-09-05 16:00:00+00:00,94983.23115701412
2025-09-05 20:00:00+00:00,93963.49879050258
2025-09-06 00:00:00+00:00,94291.55781952133
2025-09-06 04:00:00+00:00,93811.02065025442
2025-09-06 08:00:00+00:00,93644.23043244626
2025-09-06 12:00:00+00:00,93390.16723844277
2025-09-06 16:00:00+00:00,93022.59642262387
2025-09-06 20:00:00+00:00,93164.40666047866
2025-09-07 00:00:00+00:00,93528.60308600448
2025-09-07 04:00:00+00:00,93591.9637021729
2025-09-07 08:00:00+00:00,93931.87024818792
2025-09-07 12:00:00+00:00,94502.94064977525
2025-09-07 16:00:00+00:00,93526.5944793195
2025-09-07 20:00:00+00:00,95032.56239318286
2025-09-08 00:00:00+00:00,95631.26523355668
2025-09-08 04:00:00+00:00,95755.61120809586
2025-09-08 08:00:00+00:00,98684.64971946317
2025-09-08 12:00:00+00:00,99034.66061075863
2025-09-08 16:00:00+00:00,99545.86072830859
2025-09-08 20:00:00+00:00,98606.35780956813
2025-09-09 00:00:00+00:00,98845.83894571765
2025-09-09 04:00:00+00:00,100964.32591934809
2025-09-09 08:00:00+00:00,100052.45543939412
2025-09-09 12:00:00+00:00,98127.39553726907
2025-09-09 16:00:00+00:00,99633.36345113245
2025-09-09 20:00:00+00:00,100034.03381353647
2025-09-10 00:00:00+00:00,100950.50969995484
2025-09-10 04:00:00+00:00,102355.15867160112
2025-09-10 08:00:00+00:00,101434.07737871833
2025-09-10 12:00:00+00:00,102778.85606632721
2025-09-10 16:00:00+00:00,101885.40721223089
2025-09-10 20:00:00+00:00,103193.34264812447
2025-09-11 00:00:00+00:00,103239.3967127686
2025-09-11 04:00:00+00:00,102786.50159615124
2025-09-11 08:00:00+00:00,102417.10827092883
2025-09-11 12:00:00+00:00,102017.59415495934
2025-09-11 16:00:00+00:00,101825.46357718552
2025-09-11 20:00:00+00:00,102732.73470076152
2025-09-12 00:00:00+00:00,103663.94584720007
2025-09-12 04:00:00+00:00,104509.71912365299
2025-09-12 08:00:00+00:00,105324.37795472684
2025-09-12 12:00:00+00:00,105381.62425096445
2025-09-12 16:00:00+00:00,106125.82610205354
2025-09-12 20:00:00+00:00,106645.4463294412
2025-09-13 00:00:00+00:00,107275.15558805504
2025-09-13 04:00:00+00:00,106113.76074642668
2025-09-13 08:00:00+00:00,106290.10277725302
2025-09-13 12:00:00+00:00,104812.47817412188
2025-09-13 16:00:00+00:00,104458.6680458611
2025-09-13 20:00:00+00:00,105096.4721726813
2025-09-14 00:00:00+00:00,106902.47864986926
2025-09-14 04:00:00+00:00,106685.98045502567
2025-09-14 08:00:00+00:00,106556.08153811951
2025-09-14 12:00:00+00:00,105568.84976963272
2025-09-14 16:00:00+00:00,105005.95446303938
2025-09-14 20:00:00+00:00,103815.21439139963
2025-09-15 00:00:00+00:00,103827.40683730502
2025-09-15 04:00:00+00:00,104091.8572348053
2025-09-15 08:00:00+00:00,103453.55846122425
2025-09-15 12:00:00+00:00,103258.24253218978
2025-09-15 16:00:00+00:00,103601.96347008848
2025-09-15 20:00:00+00:00,103706.90410401716
2025-09-16 00:00:00+00:00,103682.10442109608
2025-09-16 04:00:00+00:00,104039.23249015222
2025-09-16 08:00:00+00:00,103617.71509433837
2025-09-16 12:00:00+00:00,104060.79621105049
2025-09-16 16:00:00+00:00,103982.36710703756
2025-09-16 20:00:00+00:00,103606.34811909689
2025-09-17 00:00:00+00:00,103147.54836650785
2025-09-17 04:00:00+00:00,103798.59895494324
2025-09-17 08:00:00+00:00,102976.23419112146
2025-09-17 12:00:00+00:00,102624.2121292054
2025-09-17 16:00:00+00:00,103086.86080672816
2025-09-17 20:00:00+00:00,104750.58263844896
2025-09-18 00:00:00+00:00,105407.464420283
2025-09-18 04:00:00+00:00,104565.8111092099
2025-09-18 08:00:00+00:00,105087.03803281861
2025-09-18 12:00:00+00:00,106056.86189887748
2025-09-18 16:00:00+00:00,106108.13012087179
2025-09-18 20:00:00+00:00,105740.70786324596
2025-09-19 00:00:00+00:00,104672.61990503136
2025-09-19 04:00:00+00:00,104480.84136238147
2025-09-19 08:00:00+00:00,103997.48181668873
2025-09-19 12:00:00+00:00,103559.91525636842
2025-09-19 16:00:00+00:00,102911.15105671388
2025-09-19 20:00:00+00:00,103341.02032004154
2025-09-20 00:00:00+00:00,103190.76601220037
2025-09-20 04:00:00+00:00,103623.39178714373
2025-09-20 08:00:00+00:00,103577.14519859404
2025-09-20 12:00:00+00:00,103648.52838167458
2025-09-20 16:00:00+00:00,102871.32856172943
2025-09-20 20:00:00+00:00,103233.43012052869
2025-09-21 00:00:00+00:00,104224.89867438377
2025-09-21 04:00:00+00:00,103401.54870139976
2025-09-21 08:00:00+00:00,102871.32856172943
2025-09-21 12:00:00+00:00,102556.64506420153
2025-09-21 16:00:00+00:00,102678.17751243348
2025-09-21 20:00:00+00:00,101548.90946454287
2025-09-22 00:00:00+00:00,100884.70848216124
2025-09-22 04:00:00+00:00,99061.6199947561
2025-09-22 08:00:00+00:00,99362.78994068834
2025-09-22 12:00:00+00:00,99345.19534777217
2025-09-22 16:00:00+00:00,98738.20938371576
2025-09-22 20:00:00+00:00,99196.09491858335
2025-09-23 00:00:00+00:00,98855.82511362764
2025-09-23 04:00:00+00:00,99542.509085284
2025-09-23 08:00:00+00:00,99427.61501896384
2025-09-23 12:00:00+00:00,99041.98817904931
2025-09-23 16:00:00+00:00,98388.6584730744
2025-09-23 20:00:00+00:00,98645.2052720486
2025-09-24 00:00:00+00:00,98279.24823803948
2025-09-24 04:00:00+00:00,98981.79116179617
2025-09-24 08:00:00+00:00,99423.1622645238
2025-09-24 12:00:00+00:00,99745.19745954986
2025-09-24 16:00:00+00:00,99796.34632730104
2025-09-24 20:00:00+00:00,99661.36003400685
2025-09-25 00:00:00+00:00,98991.79421773246
2025-09-25 04:00:00+00:00,98297.12457838719
2025-09-25 08:00:00+00:00,97946.59166631183
2025-09-25 12:00:00+00:00,98080.47185245922
2025-09-25 16:00:00+00:00,96220.982074532
2025-09-25 20:00:00+00:00,95889.77512148743
2025-09-26 00:00:00+00:00,96410.08517525079
2025-09-26 04:00:00+00:00,95615.8234882239
2025-09-26 08:00:00+00:00,94836.20481525466
2025-09-26 12:00:00+00:00,94667.91951751907
2025-09-26 16:00:00+00:00,96375.57264727341
2025-09-26 20:00:00+00:00,96571.24231219679
2025-09-27 00:00:00+00:00,95834.46890935778
2025-09-27 04:00:00+00:00,94974.27135146038
2025-09-27 08:00:00+00:00,94814.45322594939
2025-09-27 12:00:00+00:00,95665.24971764027
2025-09-27 16:00:00+00:00,95040.07881490607
2025-09-27 20:00:00+00:00,95637.04651902067
2025-09-28 00:00:00+00:00,95333.71521480064
2025-09-28 04:00:00+00:00,95378.91139440703
2025-09-28 08:00:00+00:00,94761.25744219366
2025-09-28 12:00:00+00:00,95185.89937721436
2025-09-28 16:00:00+00:00,95435.62618676855
2025-09-28 20:00:00+00:00,97464.74961271648
2025-09-29 00:00:00+00:00,97210.48972424238
2025-09-29 04:00:00+00:00,96595.64308484136
2025-09-29 08:00:00+00:00,95726.53655696627
2025-09-29 12:00:00+00:00,97113.4086759159
2025-09-29 16:00:00+00:00,97524.97504311545
2025-09-29 20:00:00+00:00,98147.84843445216
2025-09-30 00:00:00+00:00,98046.01509131394
2025-09-30 04:00:00+00:00,97484.14477689225
2025-09-30 08:00:00+00:00,96949.70088612134
2025-09-30 12:00:00+00:00,95890.2201689889
2025-09-30 16:00:00+00:00,96862.96986581085
2025-09-30 20:00:00+00:00,96529.84163187457
2025-10-01 00:00:00+00:00,96660.40055268726
2025-10-01 04:00:00+00:00,96986.31518474942
2025-10-01 08:00:00+00:00,98825.34066418828
2025-10-01 12:00:00+00:00,99859.81075045919
2025-10-01 16:00:00+00:00,99769.13214818863
2025-10-01 20:00:00+00:00,100671.38424078074
2025-10-02 00:00:00+00:00,101469.35594076171
2025-10-02 04:00:00+00:00,101061.30223054417
2025-10-02 08:00:00+00:00,102135.84366745036
2025-10-02 12:00:00+00:00,103001.82431913426
2025-10-02 16:00:00+00:00,105323.19653726071
2025-10-02 20:00:00+00:00,106429.4754849616
2025-10-03 00:00:00+00:00,105305.0608168066
2025-10-03 04:00:00+00:00,104012.89073445105
2025-10-03 08:00:00+00:00,104634.03916000441
2025-10-03 12:00:00+00:00,106452.14513552924
2025-10-03 16:00:00+00:00,105717.64845713765
2025-10-03 20:00:00+00:00,105171.0691806366
2025-10-04 00:00:00+00:00,105221.96045837228
2025-10-04 04:00:00+00:00,105245.42030923393
2025-10-04 08:00:00+00:00,104990.66151629062
2025-10-04 12:00:00+00:00,104780.37631057229
2025-10-04 16:00:00+00:00,104900.01415786245
2025-10-04 20:00:00+00:00,105299.25498848133
2025-10-05 00:00:00+00:00,106480.21084387285
2025-10-05 04:00:00+00:00,107416.77701255982
2025-10-05 08:00:00+00:00,105374.61111555157
2025-10-05 12:00:00+00:00,104233.27173615161
2025-10-05 16:00:00+00:00,102842.83050807312
2025-10-05 20:00:00+00:00,103504.12398087798
2025-10-06 00:00:00+00:00,103825.24898795532
2025-10-06 04:00:00+00:00,103282.79386162967
2025-10-06 08:00:00+00:00,103857.18714252445
2025-10-06 12:00:00+00:00,104559.20495033351
2025-10-06 16:00:00+00:00,105450.49704037527
2025-10-06 20:00:00+00:00,104588.38158524044
2025-10-07 00:00:00+00:00,104735.30517225902
2025-10-07 04:00:00+00:00,104458.42789581062
2025-10-07 08:00:00+00:00,105142.13613813721
2025-10-07 12:00:00+00:00,100747.37923889764
2025-10-07 16:00:00+00:00,100539.05195820489
2025-10-07 20:00:00+00:00,100283.0661907817
2025-10-08 00:00:00+00:00,100247.78961561572
2025-10-08 04:00:00+00:00,100350.77476812992
2025-10-08 08:00:00+00:00,101488.1137404407
2025-10-08 12:00:00+00:00,100898.89366579037
2025-10-08 16:00:00+00:00,101982.6888731619
2025-10-08 20:00:00+00:00,101681.41600339493
2025-10-09 00:00:00+00:00,100424.93880799886
2025-10-09 04:00:00+00:00,99674.6043697588
2025-10-09 08:00:00+00:00,99070.78494016916
2025-10-09 12:00:00+00:00,97281.5258951352
2025-10-09 16:00:00+00:00,96998.52406716788
2025-10-09 20:00:00+00:00,97552.52713847213
2025-10-10 00:00:00+00:00,97116.85299634494
2025-10-10 04:00:00+00:00,97016.33352285053
2025-10-10 08:00:00+00:00,97487.25711154514
2025-10-10 12:00:00+00:00,91958.71045089468
2025-10-10 16:00:00+00:00,90091.89603240132
2025-10-10 20:00:00+00:00,87352.62082568317
2025-10-11 00:00:00+00:00,86727.04300952745
2025-10-11 04:00:00+00:00,85103.37082733304
2025-10-11 08:00:00+00:00,86670.11477134663
2025-10-11 12:00:00+00:00,86379.7542391305
2025-10-11 16:00:00+00:00,85801.69095079793
2025-10-11 20:00:00+00:00,85481.99845423434
2025-10-12 00:00:00+00:00,85455.29413247072
2025-10-12 04:00:00+00:00,86385.39972473466
2025-10-12 08:00:00+00:00,86213.21521017226
2025-10-12 12:00:00+00:00,87216.35524116839
2025-10-12 16:00:00+00:00,89221.7540778694
2025-10-12 20:00:00+00:00,89615.51826135129
2025-10-13 00:00:00+00:00,88619.28483499413
2025-10-13 04:00:00+00:00,89529.08705084541
2025-10-13 08:00:00+00:00,87304.60893550057
2025-10-13 12:00:00+00:00,88473.05231811048
2025-10-13 16:00:00+00:00,93153.342080566
2025-10-13 20:00:00+00:00,93868.52225395133
2025-10-14 00:00:00+00:00,92528.12167741783
2025-10-14 04:00:00+00:00,87472.38259009016
2025-10-14 08:00:00+00:00,87854.71161359803
2025-10-14 12:00:00+00:00,90958.32368677961
2025-10-14 16:00:00+00:00,89303.0639144161
2025-10-14 20:00:00+00:00,89475.7787783263
2025-10-15 00:00:00+00:00,88654.59776606412
2025-10-15 04:00:00+00:00,89079.33420558575
2025-10-15 08:00:00+00:00,88068.49898483582
2025-10-15 12:00:00+00:00,85690.73645054633
2025-10-15 16:00:00+00:00,85943.48181432975
2025-10-15 20:00:00+00:00,85521.66574396046
2025-10-16 00:00:00+00:00,86078.42170226279
2025-10-16 04:00:00+00:00,85404.19270962123
2025-10-16 08:00:00+00:00,86035.03201139475
2025-10-16 12:00:00+00:00,83820.62580861304
2025-10-16 16:00:00+00:00,82710.52693479463
2025-10-16 20:00:00+00:00,82561.32635361324
2025-10-17 00:00:00+00:00,83213.46866816444
2025-10-17 04:00:00+00:00,79473.8607811029
2025-10-17 08:00:00+00:00,79425.5426239249
2025-10-17 12:00:00+00:00,80215.21987402184
2025-10-17 16:00:00+00:00,80041.97920839356
2025-10-17 20:00:00+00:00,80009.5837312139
2025-10-18 00:00:00+00:00,81140.42979219451
2025-10-18 04:00:00+00:00,81785.86502917788
2025-10-18 08:00:00+00:00,81711.22285891448
2025-10-18 12:00:00+00:00,81515.10777458474
2025-10-18 16:00:00+00:00,81846.18032884742
2025-10-18 20:00:00+00:00,82262.16124354216
2025-10-19 00:00:00+00:00,82034.09383126533
2025-10-19 04:00:00+00:00,81534.09988896613
2025-10-19 08:00:00+00:00,82186.98967359183
2025-10-19 12:00:00+00:00,82840.7177020163
2025-10-19 16:00:00+00:00,82015.69745024027
2025-10-19 20:00:00+00:00,81835.81722937129
2025-10-20 00:00:00+00:00,82746.52421318724
2025-10-20 04:00:00+00:00,83324.55190846574
2025-10-20 08:00:00+00:00,82913.37756852536
2025-10-20 12:00:00+00:00,83000.9735418734
2025-10-20 16:00:00+00:00,82686.2489263157
2025-10-20 20:00:00+00:00,82470.33455659026
2025-10-21 00:00:00+00:00,81421.09325865896
2025-10-21 04:00:00+00:00,80630.66955275905
2025-10-21 08:00:00+00:00,80990.45886475027
2025-10-21 12:00:00+00:00,84530.14366118901
2025-10-21 16:00:00+00:00,83505.42228881693
2025-10-21 20:00:00+00:00,79919.1149694426
2025-10-22 00:00:00+00:00,79706.8131304468
2025-10-22 04:00:00+00:00,79517.79473006149
2025-10-22 08:00:00+00:00,78819.5964938989
2025-10-22 12:00:00+00:00,78264.7018409126
2025-10-22 16:00:00+00:00,77716.39262081397
2025-10-22 20:00:00+00:00,77637.431288842
2025-10-23 00:00:00+00:00,78160.48111070824
2025-10-23 04:00:00+00:00,78808.25919437039
2025-10-23 08:00:00+00:00,78908.00134280378
2025-10-23 12:00:00+00:00,80192.49162958418
2025-10-23 16:00:00+00:00,80238.66611701746
2025-10-23 20:00:00+00:00,80322.61973053252
2025-10-24 00:00:00+00:00,80305.82900782951
2025-10-24 04:00:00+00:00,80658.43418459276
2025-10-24 08:00:00+00:00,80650.03882324125
2025-10-24 12:00:00+00:00,79525.06040213945
2025-10-24 16:00:00+00:00,80181.81928904411
2025-10-24 20:00:00+00:00,80352.33070524709
2025-10-25 00:00:00+00:00,80072.9778700786
2025-10-25 04:00:00+00:00,80159.53180128438
2025-10-25 08:00:00+00:00,79642.93345754543
2025-10-25 12:00:00+00:00,79389.05218308598
2025-10-25 16:00:00+00:00,80379.23436010056
2025-10-25 20:00:00+00:00,80274.11871073383
2025-10-26 00:00:00+00:00,80021.77692394689
2025-10-26 04:00:00+00:00,80310.2572860253
2025-10-26 08:00:00+00:00,82208.89105327742
2025-10-26 12:00:00+00:00,82824.69712422304
2025-10-26 16:00:00+00:00,82435.24162381311
2025-10-26 20:00:00+00:00,84151.69974943306
2025-10-27 00:00:00+00:00,85095.11443715845
2025-10-27 04:00:00+00:00,85019.83553028718
2025-10-27 08:00:00+00:00,84226.16920569282
2025-10-27 12:00:00+00:00,84445.1255961087
2025-10-27 16:00:00+00:00,84870.08716715618
2025-10-27 20:00:00+00:00,83376.44842625072
2025-10-28 00:00:00+00:00,83126.07757728023
2025-10-28 04:00:00+00:00,83331.66571836211
2025-10-28 08:00:00+00:00,82123.02706047351
2025-10-28 12:00:00+00:00,81761.1972711919
2025-10-28 16:00:00+00:00,80937.51939625472
2025-10-28 20:00:00+00:00,80429.06214253383
2025-10-29 00:00:00+00:00,80156.90744133289
2025-10-29 04:00:00+00:00,80875.20243007776
2025-10-29 08:00:00+00:00,80613.33651095213
2025-10-29 12:00:00+00:00,79695.46980171405
2025-10-29 16:00:00+00:00,78067.37859019412
2025-10-29 20:00:00+00:00,78520.97614166235
2025-10-30 00:00:00+00:00,79825.06910213354
2025-10-30 04:00:00+00:00,79298.57194417933
2025-10-30 08:00:00+00:00,77698.83057962617
2025-10-30 12:00:00+00:00,76157.3372829355
2025-10-30 16:00:00+00:00,75241.3303918753
2025-10-30 20:00:00+00:00,76549.9889715018
2025-10-31 00:00:00+00:00,77200.08848135443
2025-10-31 04:00:00+00:00,77367.57893274658
2025-10-31 08:00:00+00:00,77996.60684947929
2025-10-31 12:00:00+00:00,77861.86682229942
2025-10-31 16:00:00+00:00,78265.83230162895
2025-10-31 20:00:00+00:00,77497.30196681681
2025-11-01 00:00:00+00:00,77384.94894199805
2025-11-01 04:00:00+00:00,76806.21534948313
2025-11-01 08:00:00+00:00,77031.34140449198
2025-11-01 12:00:00+00:00,77376.1935204606
2025-11-01 16:00:00+00:00,77075.04386158477
2025-11-01 20:00:00+00:00,76756.84172738607
2025-11-02 00:00:00+00:00,76763.45691487282
2025-11-02 04:00:00+00:00,77279.74582298263
2025-11-02 08:00:00+00:00,76974.71996232924
2025-11-02 12:00:00+00:00,76169.5427532012
2025-11-02 16:00:00+00:00,76202.28866792601
2025-11-02 20:00:00+00:00,76530.35842381511
2025-11-03 00:00:00+00:00,73012.26234342504
2025-11-03 04:00:00+00:00,72691.4062108454
2025-11-03 08:00:00+00:00,72779.36728880602
2025-11-03 12:00:00+00:00,71455.1241800699
2025-11-03 16:00:00+00:00,72325.72994827645
2025-11-03 20:00:00+00:00,71941.45282443312
2025-11-04 00:00:00+00:00,72343.44455183839
2025-11-04 04:00:00+00:00,70559.87200690761
2025-11-04 08:00:00+00:00,70591.07566386678
2025-11-04 12:00:00+00:00,69795.62243953855
2025-11-04 16:00:00+00:00,64110.93700578264
2025-11-04 20:00:00+00:00,64735.769808240744
2025-11-05 00:00:00+00:00,65079.295814144934
2025-11-05 04:00:00+00:00,65046.07191981042
2025-11-05 08:00:00+00:00,65349.1302858645
2025-11-05 12:00:00+00:00,66286.73285810385
2025-11-05 16:00:00+00:00,66553.62168916801
2025-11-05 20:00:00+00:00,65855.86697112049
2025-11-06 00:00:00+00:00,65796.13516424998
2025-11-06 04:00:00+00:00,64333.998827266645
2025-11-06 08:00:00+00:00,64338.049066427266
2025-11-06 12:00:00+00:00,62369.58044126364
2025-11-06 16:00:00+00:00,61983.864626995506
2025-11-06 20:00:00+00:00,61861.221876519216
2025-11-07 00:00:00+00:00,62232.208681543205
2025-11-07 04:00:00+00:00,62279.38484284574
2025-11-07 08:00:00+00:00,60367.387609076795
2025-11-07 12:00:00+00:00,60593.60322747437
2025-11-07 16:00:00+00:00,63125.128361225354
2025-11-07 20:00:00+00:00,62122.95973071246
2025-11-08 00:00:00+00:00,62403.2598766017
2025-11-08 04:00:00+00:00,61842.659584823225
2025-11-08 08:00:00+00:00,61127.95744106771
2025-11-08 12:00:00+00:00,60478.89277487248
2025-11-08 16:00:00+00:00,60703.84454660019
2025-11-08 20:00:00+00:00,60811.196691032004
2025-11-09 00:00:00+00:00,60272.08110054311
2025-11-09 04:00:00+00:00,60336.23402940167
2025-11-09 08:00:00+00:00,60515.81767952266
2025-11-09 12:00:00+00:00,61979.21883532737
2025-11-09 16:00:00+00:00,63116.19179876375
2025-11-09 20:00:00+00:00,63177.19236402177
2025-11-10 00:00:00+00:00,63953.09839783842
2025-11-10 04:00:00+00:00,63578.9169309366
2025-11-10 08:00:00+00:00,63516.00440244749
2025-11-10 12:00:00+00:00,62650.885185542145
2025-11-10 16:00:00+00:00,63001.332215630886
2025-11-10 20:00:00+00:00,63048.3913594016
2025-11-11 00:00:00+00:00,63954.721736632026
2025-11-11 04:00:00+00:00,61700.8605658229
2025-11-11 08:00:00+00:00,61899.833190075784
2025-11-11 12:00:00+00:00,60857.93241395374
2025-11-11 16:00:00+00:00,60359.558679513546
2025-11-11 20:00:00+00:00,60219.86114762766
2025-11-12 00:00:00+00:00,60366.57595565462
2025-11-12 04:00:00+00:00,60263.72396098499
2025-11-12 08:00:00+00:00,61389.36414154671
2025-11-12 12:00:00+00:00,59687.59294093217
2025-11-12 16:00:00+00:00,59205.39885810691
2025-11-12 20:00:00+00:00,59238.76610935738
2025-11-13 00:00:00+00:00,59896.91294330635
2025-11-13 04:00:00+00:00,61386.67704714234
2025-11-13 08:00:00+00:00,60748.47931332624
2025-11-13 12:00:00+00:00,58751.83459567926
2025-11-13 16:00:00+00:00,57091.02426284102
2025-11-13 20:00:00+00:00,57695.037716075756
2025-11-14 00:00:00+00:00,57343.552930957136
2025-11-14 04:00:00+00:00,56195.07963956313
2025-11-14 08:00:00+00:00,55599.13205706137
2025-11-14 12:00:00+00:00,56012.53958072187
2025-11-14 16:00:00+00:00,55334.21974548246
2025-11-14 20:00:00+00:00,53655.95899750688
2025-11-15 00:00:00+00:00,54806.86242337552
2025-11-15 04:00:00+00:00,54814.830922887995
2025-11-15 08:00:00+00:00,53839.56004488201
2025-11-15 12:00:00+00:00,54332.195299758016
2025-11-15 16:00:00+00:00,54533.93408929243
2025-11-15 20:00:00+00:00,54222.99438966892
2025-11-16 00:00:00+00:00,54746.90203441039
2025-11-16 04:00:00+00:00,55030.2963951851
2025-11-16 08:00:00+00:00,54160.11503770381
2025-11-16 12:00:00+00:00,53079.866328357566
2025-11-16 16:00:00+00:00,52716.838995926366
2025-11-16 20:00:00+00:00,52852.539633025044
2025-11-17 00:00:00+00:00,53531.082276573936
2025-11-17 04:00:00+00:00,53346.506261393835
2025-11-21 08:00:00+00:00,45668.52013421336
2025-11-21 12:00:00+00:00,46004.47646472659
2025-11-21 16:00:00+00:00,46998.592812859984
2025-11-21 20:00:00+00:00,47204.01906930083
2025-11-22 00:00:00+00:00,46635.428538080625
2025-11-22 04:00:00+00:00,46859.19642456083
2025-11-22 08:00:00+00:00,46470.35386772638
2025-11-22 12:00:00+00:00,46470.80049888188
2025-11-22 16:00:00+00:00,46697.86745471423
2025-11-22 20:00:00+00:00,46720.00497372758
2025-11-23 00:00:00+00:00,47592.227448775986
2025-11-23 04:00:00+00:00,47068.754561838825
2025-11-23 08:00:00+00:00,47281.59371089829
2025-11-23 12:00:00+00:00,47578.178255080595
2025-11-23 16:00:00+00:00,47332.67213144624
2025-11-23 20:00:00+00:00,46689.079369423256
2025-11-24 00:00:00+00:00,46919.06798411548
2025-11-24 04:00:00+00:00,45830.18924405041
2025-11-24 08:00:00+00:00,45378.91158624158
2025-11-24 12:00:00+00:00,45522.794855502594
2025-11-24 16:00:00+00:00,47265.1368210378
2025-11-24 20:00:00+00:00,47175.36660510869
2025-11-25 00:00:00+00:00,46894.97083545707
2025-11-25 04:00:00+00:00,46394.712438300885
2025-11-25 08:00:00+00:00,46381.09996490888
2025-11-25 12:00:00+00:00,45894.45404114471
2025-11-25 16:00:00+00:00,46527.43405387293
2025-11-25 20:00:00+00:00,47289.732563825215
2025-11-26 00:00:00+00:00,47014.07997763711
2025-11-26 04:00:00+00:00,47226.25688383315
2025-11-26 08:00:00+00:00,46145.3725260809
2025-11-26 12:00:00+00:00,46289.651098045666
2025-11-26 16:00:00+00:00,48700.51442758791
2025-11-26 20:00:00+00:00,48372.43956825907
2025-11-27 00:00:00+00:00,48650.103865355435
2025-11-27 04:00:00+00:00,48774.8242130002
2025-11-27 08:00:00+00:00,48770.45062054586
2025-11-27 12:00:00+00:00,48542.3442175241
2025-11-27 16:00:00+00:00,48851.02645255036
2025-11-27 20:00:00+00:00,48717.45468757425
2025-11-28 00:00:00+00:00,48673.21427810515
2025-11-28 04:00:00+00:00,48508.44783367868
2025-11-28 08:00:00+00:00,48807.32805167904
2025-11-28 12:00:00+00:00,49376.909237933854
2025-11-28 16:00:00+00:00,48995.0689790382
2025-11-28 20:00:00+00:00,48692.2633887907
2025-11-29 16:00:00+00:00,48006.65370222501
2025-12-01 04:00:00+00:00,45470.07390619791
2025-12-01 08:00:00+00:00,45309.14766020572
2025-12-01 12:00:00+00:00,44473.46502531419
2025-12-01 16:00:00+00:00,44681.85509253955
2025-12-01 20:00:00+00:00,45359.0458393347
2025-12-02 00:00:00+00:00,45691.94120271824
2025-12-02 04:00:00+00:00,45732.20457918036
2025-12-02 08:00:00+00:00,45922.7864768408
2025-12-02 12:00:00+00:00,47789.71319930559
2025-12-02 16:00:00+00:00,48550.26209146387
2025-12-02 20:00:00+00:00,48006.77609158082
2025-12-03 00:00:00+00:00,48577.95564559804
2025-12-03 04:00:00+00:00,49114.51825694755
2025-12-03 08:00:00+00:00,49059.13114867921
2025-12-03 12:00:00+00:00,48809.8891614717
2025-12-03 16:00:00+00:00,49406.04668961262
2025-12-03 20:00:00+00:00,50356.19941924855
2025-12-04 00:00:00+00:00,50700.029620780704
2025-12-04 04:00:00+00:00,50383.680565351715
2025-12-04 08:00:00+00:00,50327.612709796405
2025-12-04 12:00:00+00:00,50668.757971766754
2025-12-04 16:00:00+00:00,49265.00839380729
2025-12-04 20:00:00+00:00,49485.96312598161
2025-12-05 00:00:00+00:00,49422.77747875951
2025-12-05 04:00:00+00:00,49411.51431676741
2025-12-05 08:00:00+00:00,48748.945380580335
2025-12-05 12:00:00+00:00,48115.16025041598
2025-12-05 16:00:00+00:00,47798.288682675586
2025-12-05 20:00:00+00:00,47619.33284594352
2025-12-06 00:00:00+00:00,47789.72773576617
2025-12-06 04:00:00+00:00,47751.87977699408
2025-12-06 08:00:00+00:00,47757.56071648428
2025-12-06 12:00:00+00:00,47883.46115642432
2025-12-06 16:00:00+00:00,47643.05545040811
2025-12-06 20:00:00+00:00,47695.72049424128
2025-12-07 00:00:00+00:00,47944.712985185724
2025-12-07 04:00:00+00:00,47683.63195590413
2025-12-07 08:00:00+00:00,47659.768867238585
2025-12-07 12:00:00+00:00,47522.242119402945
2025-12-07 16:00:00+00:00,48398.90974270989
2025-12-07 20:00:00+00:00,47145.924914583564
2025-12-08 00:00:00+00:00,47444.59081733602
2025-12-08 04:00:00+00:00,47736.04271660048
2025-12-08 08:00:00+00:00,47856.97018681555
2025-12-08 12:00:00+00:00,46816.050042751915
2025-12-08 16:00:00+00:00,46166.738540867926
2025-12-08 20:00:00+00:00,46180.14809600173
2025-12-09 00:00:00+00:00,46255.53436152258
2025-12-09 04:00:00+00:00,46163.00141600091
2025-12-09 08:00:00+00:00,46094.266879790724
2025-12-09 12:00:00+00:00,47979.36696643261
2025-12-09 16:00:00+00:00,49634.90848375317
2025-12-09 20:00:00+00:00,49046.00871544914
2025-12-10 00:00:00+00:00,48923.17344751223
2025-12-10 04:00:00+00:00,49181.55617717976
2025-12-10 08:00:00+00:00,49051.18228269077
2025-12-10 12:00:00+00:00,49196.92906269774
2025-12-10 16:00:00+00:00,50120.18909101775
2025-12-10 20:00:00+00:00,49136.17660166034
2025-12-11 00:00:00+00:00,47174.359903635486
2025-12-11 04:00:00+00:00,47345.167584199546
2025-12-11 08:00:00+00:00,47354.53161922197
2025-12-11 12:00:00+00:00,47117.877661027145
2025-12-11 16:00:00+00:00,47647.484532838294
2025-12-11 20:00:00+00:00,48528.03166862349
2025-12-12 00:00:00+00:00,48425.15432280159
2025-12-12 04:00:00+00:00,49069.69610819413
2025-12-12 08:00:00+00:00,48935.63553934581
2025-12-12 12:00:00+00:00,47094.06667253459
2025-12-12 16:00:00+00:00,46310.870717683836
2025-12-12 20:00:00+00:00,46266.284560233646
2025-12-13 00:00:00+00:00,46310.51646549042
2025-12-13 04:00:00+00:00,46313.73223913652
2025-12-13 08:00:00+00:00,46316.13105409794
2025-12-13 12:00:00+00:00,46195.1570935731
2025-12-13 16:00:00+00:00,46112.430739621785
2025-12-13 20:00:00+00:00,46204.85112287491
2025-12-14 00:00:00+00:00,46268.93716712106
2025-12-14 04:00:00+00:00,46214.642046301415
2025-12-14 08:00:00+00:00,45762.77609543622
2025-12-14 12:00:00+00:00,45512.89507001963
2025-12-14 16:00:00+00:00,45580.709392044715
2025-12-14 20:00:00+00:00,45135.61491624263
2025-12-15 00:00:00+00:00,45801.26762781953
2025-12-15 04:00:00+00:00,46099.175946280906
2025-12-15 08:00:00+00:00,46509.20505126508
2025-12-15 12:00:00+00:00,44361.52475541371
2025-12-15 16:00:00+00:00,43958.34439778472
2025-12-15 20:00:00+00:00,44070.052932940955
2025-12-16 00:00:00+00:00,43561.90738584627
2025-12-16 04:00:00+00:00,43238.231842863934
2025-12-16 08:00:00+00:00,43816.19444307356
2025-12-16 12:00:00+00:00,44115.86002119492
2025-12-16 16:00:00+00:00,43405.221344365134
2025-12-16 20:00:00+00:00,43887.76588604679
2025-12-17 00:00:00+00:00,43498.249614639615
2025-12-17 04:00:00+00:00,43421.9970519862
2025-12-17 08:00:00+00:00,43140.78448202764
2025-12-17 12:00:00+00:00,43252.951214366956
2025-12-17 16:00:00+00:00,42596.357420062006
2025-12-17 20:00:00+00:00,42679.386237709514
2025-12-18 00:00:00+00:00,42882.598020624624
2025-12-18 04:00:00+00:00,42990.51496924381
2025-12-18 08:00:00+00:00,43212.55735203096
2025-12-18 12:00:00+00:00,43847.55304822985
2025-12-18 16:00:00+00:00,41054.72553422284
2025-12-18 20:00:00+00:00,41743.021932376694
2025-12-19 00:00:00+00:00,42930.12661221152
2025-12-19 04:00:00+00:00,43560.57305580356
2025-12-19 08:00:00+00:00,43755.816652449685
2025-12-19 12:00:00+00:00,43756.25938169378
2025-12-19 16:00:00+00:00,44051.854940334895
2025-12-19 20:00:00+00:00,43997.19423262937
2025-12-20 00:00:00+00:00,43976.287986854775
2025-12-20 04:00:00+00:00,43962.35048967172
2025-12-20 08:00:00+00:00,44066.881718544675
2025-12-20 12:00:00+00:00,44105.209835798094
2025-12-20 16:00:00+00:00,43920.537998122534
2025-12-20 20:00:00+00:00,43938.2992402089
2025-12-21 00:00:00+00:00,43789.117345900675
2025-12-21 04:00:00+00:00,43818.99724294787
2025-12-21 08:00:00+00:00,43996.56472667913
2025-12-21 12:00:00+00:00,43661.27860752395
2025-12-21 16:00:00+00:00,43843.68003724987
2025-12-21 20:00:00+00:00,44002.56900133889
2025-12-22 00:00:00+00:00,44288.393244856954
2025-12-22 04:00:00+00:00,44407.853120994
2025-12-22 08:00:00+00:00,44691.771869555276
2025-12-22 12:00:00+00:00,44743.806539529076
2025-12-22 16:00:00+00:00,43686.25683851223
2025-12-22 20:00:00+00:00,44112.06167308657
2025-12-23 00:00:00+00:00,43852.7677824284
2025-12-23 04:00:00+00:00,43293.06031579289
2025-12-23 08:00:00+00:00,43526.624615749264
2025-12-23 12:00:00+00:00,43007.20550092092
2025-12-23 16:00:00+00:00,43080.75543712715
2025-12-23 20:00:00+00:00,42936.843985402695
2025-12-24 00:00:00+00:00,42879.23411816082
2025-12-24 04:00:00+00:00,42699.726668923315
2025-12-24 08:00:00+00:00,42814.90034928629
2025-12-24 12:00:00+00:00,42696.272609865446
2025-12-24 16:00:00+00:00,42943.82306455811
2025-12-24 20:00:00+00:00,42969.335228091295
2025-12-25 00:00:00+00:00,42999.48679415173
2025-12-25 04:00:00+00:00,42996.85801061489
2025-12-25 08:00:00+00:00,42836.111915128466
2025-12-25 12:00:00+00:00,43235.92425374625
2025-12-25 16:00:00+00:00,43147.486924629105
2025-12-25 20:00:00+00:00,42726.89686460659
2025-12-26 00:00:00+00:00,43464.9115800857
2025-12-26 04:00:00+00:00,43283.59821893622
2025-12-26 08:00:00+00:00,43352.42107292986
2025-12-26 12:00:00+00:00,42485.69555415073
2025-12-26 16:00:00+00:00,42466.750228266385
2025-12-26 20:00:00+00:00,42336.49833169984
2025-12-27 00:00:00+00:00,42768.48691070776
2025-12-27 04:00:00+00:00,42592.1148857667
2025-12-27 08:00:00+00:00,42533.32421078634
2025-12-27 12:00:00+00:00,42643.98901074936
2025-12-27 16:00:00+00:00,42633.61418575283
2025-12-27 20:00:00+00:00,43135.06406058526
2025-12-28 00:00:00+00:00,42927.5675606546
2025-12-28 04:00:00+00:00,42962.15031064304
2025-12-28 08:00:00+00:00,43107.3978605945
2025-12-28 12:00:00+00:00,43034.774085618774
2025-12-28 16:00:00+00:00,42640.530735750515
2025-12-28 20:00:00+00:00,42832.12846434485
2025-12-29 00:00:00+00:00,43902.37227004799
2025-12-29 04:00:00+00:00,43663.364177117255
2025-12-29 08:00:00+00:00,42707.33180539432
2025-12-29 12:00:00+00:00,42299.61919765493
2025-12-29 16:00:00+00:00,42065.721040740515
2025-12-29 20:00:00+00:00,42088.659840717926
2025-12-30 00:00:00+00:00,42289.36855250813
2025-12-30 04:00:00+00:00,42273.323316447815
2025-12-30 08:00:00+00:00,42675.74356728201
2025-12-30 12:00:00+00:00,42831.754835761334
2025-12-30 16:00:00+00:00,42570.876488744936
2025-12-30 20:00:00+00:00,42613.58337087304
2025-12-31 00:00:00+00:00,42524.185263586645
2025-12-31 04:00:00+00:00,42527.09200840874
2025-12-31 08:00:00+00:00,42776.87411878435
2025-12-31 12:00:00+00:00,42392.07465144895
2025-12-31 16:00:00+00:00,41987.022580569595
2025-12-31 20:00:00+00:00,41931.68425366596
2026-01-01 00:00:00+00:00,42049.64904090824
2026-01-01 04:00:00+00:00,42028.906428797454
2026-01-01 08:00:00+00:00,42186.38095339361
2026-01-01 12:00:00+00:00,42188.92086508064
2026-01-01 16:00:00+00:00,42267.23480876422
2026-01-01 20:00:00+00:00,42590.7136852495
2026-01-02 00:00:00+00:00,42802.15694467982
2026-01-02 04:00:00+00:00,42667.907256152626
2026-01-02 08:00:00+00:00,43033.73765738921
2026-01-02 12:00:00+00:00,43288.81206559086
2026-01-02 16:00:00+00:00,43746.15330789063
2026-01-02 20:00:00+00:00,43904.13081920869
2026-01-03 00:00:00+00:00,44083.34489920244
2026-01-03 04:00:00+00:00,43177.31816145627
2026-01-03 08:00:00+00:00,43225.201332240606
2026-01-03 12:00:00+00:00,43415.84542308367
2026-01-03 16:00:00+00:00,43518.21791932735
2026-01-03 20:00:00+00:00,43716.656601843184
2026-01-04 00:00:00+00:00,44070.66861837864
2026-01-04 04:00:00+00:00,43802.2244921933
2026-01-04 08:00:00+00:00,43995.3733146925
2026-01-04 12:00:00+00:00,44165.60617520028
2026-01-04 16:00:00+00:00,43723.65547965125
2026-01-04 20:00:00+00:00,43906.9831755827
2026-01-05 00:00:00+00:00,44491.31879156142
2026-01-05 04:00:00+00:00,44313.39083383331
2026-01-05 08:00:00+00:00,44364.250753131266
2026-01-05 12:00:00+00:00,44683.290900907974
2026-01-05 16:00:00+00:00,44845.891943925824
2026-01-05 20:00:00+00:00,44673.30220148974
2026-01-06 00:00:00+00:00,44828.80028021864
2026-01-06 04:00:00+00:00,44579.35544559104
2026-01-06 08:00:00+00:00,44774.2614079706
2026-01-06 12:00:00+00:00,45384.83961933046
2026-01-06 16:00:00+00:00,44080.3459946788
2026-01-06 20:00:00+00:00,45019.19735627248
2026-01-07 00:00:00+00:00,44478.09325240096
2026-01-07 04:00:00+00:00,44262.27679191066
2026-01-07 08:00:00+00:00,43737.38921403202
2026-01-07 12:00:00+00:00,42922.77593238345
2026-01-07 16:00:00+00:00,42777.1517430063
2026-01-07 20:00:00+00:00,42860.881233536566
2026-01-08 00:00:00+00:00,42576.93367211981
2026-01-08 04:00:00+00:00,42266.35415488791
2026-01-08 08:00:00+00:00,41921.13227768462
2026-01-08 12:00:00+00:00,42129.39957892426
2026-01-08 16:00:00+00:00,42444.22963105743
2026-01-08 20:00:00+00:00,42703.46872718255
2026-01-09 00:00:00+00:00,43456.49657783172
2026-01-09 04:00:00+00:00,43064.55175392826
2026-01-09 08:00:00+00:00,42675.693109740576
2026-01-09 12:00:00+00:00,42842.34681439243
2026-01-09 16:00:00+00:00,41913.40671994408
2026-01-09 20:00:00+00:00,42021.28415796584
2026-01-10 00:00:00+00:00,42020.156122673754
2026-01-10 04:00:00+00:00,42033.86302096566
2026-01-10 08:00:00+00:00,42067.79113068318
2026-01-10 12:00:00+00:00,42036.58336330992
2026-01-10 16:00:00+00:00,42019.862325700575
2026-01-10 20:00:00+00:00,41888.04370962943
2026-01-11 00:00:00+00:00,42024.561994319614
2026-01-11 04:00:00+00:00,42004.749201511695
2026-01-11 08:00:00+00:00,42139.09622123662
2026-01-11 12:00:00+00:00,42315.51149966329
2026-01-11 16:00:00+00:00,42558.49085472714
2026-01-11 20:00:00+00:00,42640.90348135538
2026-01-12 00:00:00+00:00,43507.76222070434
2026-01-12 04:00:00+00:00,43162.85011666761
2026-01-12 08:00:00+00:00,42741.63002501213
2026-01-12 12:00:00+00:00,43519.971498723346
2026-01-12 16:00:00+00:00,43034.65269746812
2026-01-12 20:00:00+00:00,42696.9106330375
2026-01-13 00:00:00+00:00,42746.53343446426
2026-01-13 04:00:00+00:00,43009.923874975
2026-01-13 08:00:00+00:00,43028.57312242606
2026-01-13 12:00:00+00:00,43679.14213300745
2026-01-13 16:00:00+00:00,44106.00065347073
2026-01-13 20:00:00+00:00,45563.0520077981
2026-01-14 00:00:00+00:00,45921.027649583804
2026-01-14 04:00:00+00:00,45699.50196540184
2026-01-14 08:00:00+00:00,45020.54012816877
2026-01-14 12:00:00+00:00,45836.910908651385
2026-01-14 16:00:00+00:00,46132.96347730769
2026-01-14 20:00:00+00:00,45961.71604055601
2026-01-15 00:00:00+00:00,45437.37626338501
2026-01-15 04:00:00+00:00,45699.42990687451
2026-01-15 08:00:00+00:00,45733.03648702615
2026-01-15 12:00:00+00:00,45660.80360968757
2026-01-15 16:00:00+00:00,45176.04394990427
2026-01-15 20:00:00+00:00,45243.76019164954
2026-01-16 00:00:00+00:00,44864.74756367931
2026-01-16 04:00:00+00:00,45058.08256066106
2026-01-16 08:00:00+00:00,44956.37746013615
2026-01-16 12:00:00+00:00,44153.30777233903
2026-01-16 16:00:00+00:00,45219.66127728258
2026-01-16 20:00:00+00:00,45442.34097978549
2026-01-17 00:00:00+00:00,45279.2516202059
2026-01-17 04:00:00+00:00,45050.29925002683
2026-01-17 08:00:00+00:00,45163.20726819733
2026-01-17 12:00:00+00:00,45266.70628485362
2026-01-17 16:00:00+00:00,45247.8882818252
2026-01-17 20:00:00+00:00,45102.435514718396
2026-01-18 00:00:00+00:00,45178.728842397824
2026-01-18 04:00:00+00:00,45058.02189896216
2026-01-18 08:00:00+00:00,45258.29188412066
2026-01-18 12:00:00+00:00,45421.64134820573
2026-01-18 16:00:00+00:00,45592.89262122903
2026-01-18 20:00:00+00:00,44740.995874837085
2026-01-19 00:00:00+00:00,43763.623852029494
2026-01-19 04:00:00+00:00,43767.429265521845
2026-01-19 08:00:00+00:00,43931.297320517886
2026-01-19 12:00:00+00:00,43875.95730590285
2026-01-19 16:00:00+00:00,43902.5107847493
2026-01-19 20:00:00+00:00,43654.64515130408
2026-01-20 00:00:00+00:00,43562.128055356574
2026-01-20 04:00:00+00:00,42329.379393962976
2026-01-20 08:00:00+00:00,42299.63259307634
2026-01-20 12:00:00+00:00,41966.74752946192
2026-01-20 16:00:00+00:00,41580.75400295705
2026-01-20 20:00:00+00:00,40990.80338528346
2026-01-21 00:00:00+00:00,41449.955197165415
2026-01-21 04:00:00+00:00,41326.38592953622
2026-01-21 08:00:00+00:00,41158.16320553355
2026-01-21 12:00:00+00:00,42234.25951263951
2026-01-21 16:00:00+00:00,42580.733925570006
2026-01-21 20:00:00+00:00,41946.07051496835
2026-01-22 00:00:00+00:00,42049.689030984955
2026-01-22 04:00:00+00:00,42033.49863785735
2026-01-22 08:00:00+00:00,42130.64099662292
2026-01-22 12:00:00+00:00,41256.35976773288
2026-01-22 16:00:00+00:00,41568.747673506885
2026-01-22 20:00:00+00:00,41444.99332161378
2026-01-23 00:00:00+00:00,41604.70892991638
2026-01-23 04:00:00+00:00,41433.929154862184
2026-01-23 08:00:00+00:00,41257.15221778398
2026-01-23 12:00:00+00:00,41476.350842299355
2026-01-23 16:00:00+00:00,41626.75401977047
2026-01-23 20:00:00+00:00,41527.19881659058
2026-01-24 00:00:00+00:00,41615.83220117955
2026-01-24 04:00:00+00:00,41540.262057108455
2026-01-24 08:00:00+00:00,41594.20059860158
2026-01-24 12:00:00+00:00,41538.997872542204
2026-01-24 16:00:00+00:00,41492.363508542934
2026-01-24 20:00:00+00:00,41482.39049696478
2026-01-25 00:00:00+00:00,41333.216718147836
2026-01-25 04:00:00+00:00,41290.65583775091
2026-01-25 08:00:00+00:00,41330.83866137951
2026-01-25 12:00:00+00:00,40946.12311653114
2026-01-25 16:00:00+00:00,39985.5804849602
2026-01-25 20:00:00+00:00,40068.02348218283
2026-01-26 00:00:00+00:00,40324.31673500756
2026-01-26 04:00:00+00:00,40687.13969080955
2026-01-26 08:00:00+00:00,40621.1209268158
2026-01-26 12:00:00+00:00,40537.08685459962
2026-01-26 16:00:00+00:00,40694.47671617754
2026-01-26 20:00:00+00:00,40611.12054420613
2026-01-27 00:00:00+00:00,40699.377164835045
2026-01-27 04:00:00+00:00,40475.78727532053
2026-01-27 08:00:00+00:00,40289.320911847055
2026-01-27 12:00:00+00:00,40578.21468893007
2026-01-27 16:00:00+00:00,41114.89387995664
2026-01-27 20:00:00+00:00,41753.45157459079
2026-01-28 00:00:00+00:00,41455.623520428955
2026-01-28 04:00:00+00:00,41454.106100977464
2026-01-28 08:00:00+00:00,41932.09322819874
2026-01-28 12:00:00+00:00,41497.97331784799
2026-01-28 16:00:00+00:00,41613.15924893883
2026-01-28 20:00:00+00:00,41474.5632572422
2026-01-29 00:00:00+00:00,40901.9040566764
2026-01-29 04:00:00+00:00,41060.74571811447
2026-01-29 08:00:00+00:00,40786.354769460486
2026-01-29 12:00:00+00:00,39422.80486600724
2026-01-29 16:00:00+00:00,39006.21841726416
2026-01-29 20:00:00+00:00,39331.70337917463
2026-01-30 00:00:00+00:00,38410.27421300392
2026-01-30 04:00:00+00:00,38470.40533677665
2026-01-30 08:00:00+00:00,38630.76590138954
2026-01-30 12:00:00+00:00,38464.78156546194
2026-01-30 16:00:00+00:00,38958.76420542935
2026-01-30 20:00:00+00:00,38724.945755844776
2026-01-31 00:00:00+00:00,38988.40316382739
2026-01-31 04:00:00+00:00,38652.49496864956
2026-01-31 08:00:00+00:00,38217.79024547824
2026-01-31 12:00:00+00:00,37366.63926376465
2026-01-31 16:00:00+00:00,35843.56772368183
2026-01-31 20:00:00+00:00,36214.520153225356
2026-02-01 00:00:00+00:00,36296.1455925231
2026-02-01 04:00:00+00:00,36052.62226198553
2026-02-01 08:00:00+00:00,36235.959245419675
2026-02-01 12:00:00+00:00,35765.918483926675
2026-02-01 16:00:00+00:00,35473.79915807452
2026-02-01 20:00:00+00:00,35060.76969059619
2026-02-02 00:00:00+00:00,34690.33343626324
2026-02-02 04:00:00+00:00,34885.62372875521
2026-02-02 08:00:00+00:00,35348.61703943323
2026-02-02 12:00:00+00:00,35874.793654234796
2026-02-02 16:00:00+00:00,35548.29473588315
2026-02-02 20:00:00+00:00,35774.12854592919
2026-02-03 00:00:00+00:00,35640.68129453835
2026-02-03 04:00:00+00:00,35277.31857130333
2026-02-03 08:00:00+00:00,34572.11235102572
2026-02-03 12:00:00+00:00,34560.001183114706
2026-02-03 16:00:00+00:00,33165.696770418355
2026-02-03 20:00:00+00:00,33475.82225749949
2026-02-04 00:00:00+00:00,33909.99793941307
2026-02-04 04:00:00+00:00,33868.2527695071
2026-02-04 08:00:00+00:00,33438.34684407942
2026-02-04 12:00:00+00:00,31910.46800665913
2026-02-04 16:00:00+00:00,31766.890078120425
2026-02-04 20:00:00+00:00,31136.38203412776
2026-02-05 00:00:00+00:00,30267.269176915437
2026-02-05 04:00:00+00:00,30024.780284201745
2026-02-05 08:00:00+00:00,29817.77254650755
2026-02-05 12:00:00+00:00,28038.250001778215
2026-02-05 16:00:00+00:00,27067.300084449176
2026-02-05 20:00:00+00:00,26024.470075787995
2026-02-06 00:00:00+00:00,26593.270713465114
2026-02-06 04:00:00+00:00,26895.22242437738
2026-02-06 08:00:00+00:00,27603.450114495943
2026-02-06 12:00:00+00:00,28480.83165597184
2026-02-06 16:00:00+00:00,29359.179448110586
2026-02-06 20:00:00+00:00,29282.21336762774
2026-02-07 00:00:00+00:00,29476.092735245864
2026-02-07 04:00:00+00:00,28499.111409522906
2026-02-07 08:00:00+00:00,28372.136824746038
2026-02-07 12:00:00+00:00,28802.99637289973
2026-02-07 16:00:00+00:00,29346.76950738182
2026-02-07 20:00:00+00:00,29070.072270732886
2026-02-08 00:00:00+00:00,28913.818024422522
2026-02-08 04:00:00+00:00,28992.265343586132
2026-02-08 08:00:00+00:00,29659.067556476843
2026-02-08 12:00:00+00:00,29329.282815808532
2026-02-08 16:00:00+00:00,29399.08644914184
2026-02-08 20:00:00+00:00,28935.7264986364
2026-02-09 00:00:00+00:00,29334.052118581036
2026-02-09 04:00:00+00:00,28998.630349840947
2026-02-09 08:00:00+00:00,28340.614743952978
2026-02-09 12:00:00+00:00,28622.227426837137
2026-02-09 16:00:00+00:00,29563.919354789014
2026-02-09 20:00:00+00:00,29198.833372534635
2026-02-10 00:00:00+00:00,28643.15919133743
2026-02-10 04:00:00+00:00,27845.712644232408
2026-02-10 08:00:00+00:00,27547.21743356251
2026-02-10 12:00:00+00:00,27695.055809771253
2026-02-10 16:00:00+00:00,27559.15955878126
2026-02-10 20:00:00+00:00,27477.93676940302
2026-02-11 00:00:00+00:00,27258.37186004951
2026-02-11 04:00:00+00:00,26763.945136940216
2026-02-11 08:00:00+00:00,26772.199104894167
2026-02-11 12:00:00+00:00,26568.908086988617
2026-02-11 16:00:00+00:00,26976.407577082686
2026-02-11 20:00:00+00:00,26759.08637395182
2026-02-12 00:00:00+00:00,26973.829967430527
2026-02-12 04:00:00+00:00,26829.515032837542
2026-02-12 08:00:00+00:00,27082.34419635393
2026-02-12 12:00:00+00:00,26530.218497687176
2026-02-12 16:00:00+00:00,26216.6437790609
2026-02-12 20:00:00+00:00,26521.77662510583
2026-02-13 00:00:00+00:00,26599.3873891601
2026-02-13 04:00:00+00:00,26357.023950534494
2026-02-13 08:00:00+00:00,26713.459371695524
2026-02-13 12:00:00+00:00,27282.21296180983
2026-02-13 16:00:00+00:00,27573.383307712644
2026-02-13 20:00:00+00:00,27430.58521563727
2026-02-14 00:00:00+00:00,27668.03721619953
2026-02-14 04:00:00+00:00,27710.323188902395
2026-02-14 08:00:00+00:00,28393.404286410263
2026-02-14 12:00:00+00:00,28442.195793375107
2026-02-14 16:00:00+00:00,28689.406095330338
2026-02-14 20:00:00+00:00,28643.86735549648
2026-02-15 00:00:00+00:00,28822.76954770092
2026-02-15 04:00:00+00:00,29515.60894660175
2026-02-15 08:00:00+00:00,29004.92450703635
2026-02-15 12:00:00+00:00,28435.69025911313
2026-02-15 16:00:00+00:00,27759.114695867243
2026-02-15 20:00:00+00:00,27941.175430316507
2026-02-16 00:00:00+00:00,27775.587694303897
2026-02-16 04:00:00+00:00,27843.08780081364
2026-02-16 08:00:00+00:00,27961.03923052547
2026-02-16 12:00:00+00:00,27423.602677947292
2026-02-16 16:00:00+00:00,27591.310404140375
2026-02-16 20:00:00+00:00,27879.315707220947
2026-02-17 00:00:00+00:00,27703.110697346605
2026-02-17 04:00:00+00:00,27702.65001998317
2026-02-17 08:00:00+00:00,27257.434578570563
2026-02-17 12:00:00+00:00,27224.020590991207
2026-02-17 16:00:00+00:00,27533.19698170873
2026-02-17 20:00:00+00:00,27402.145535737043
2026-02-18 00:00:00+00:00,27476.57872581383
2026-02-18 04:00:00+00:00,27765.506081010237
2026-02-18 08:00:00+00:00,27261.396638419934
2026-02-18 12:00:00+00:00,27317.118342636386
2026-02-18 16:00:00+00:00,26705.555440803986
2026-02-18 20:00:00+00:00,26771.690169622878
2026-02-19 00:00:00+00:00,26969.138343233015
2026-02-19 04:00:00+00:00,27068.81333500125
2026-02-19 08:00:00+00:00,26789.95258282277
2026-02-19 12:00:00+00:00,26742.64978394312
2026-02-19 16:00:00+00:00,27011.759037211246
2026-02-19 20:00:00+00:00,26986.48763577291
2026-02-20 00:00:00+00:00,27125.64689128726
2026-02-20 04:00:00+00:00,27262.843082211395
2026-02-20 08:00:00+00:00,27302.041993904008
2026-02-20 12:00:00+00:00,27563.36807185475
2026-02-20 16:00:00+00:00,27684.23138290697
2026-02-20 20:00:00+00:00,27658.0987751119
2026-02-21 00:00:00+00:00,27553.568343931598
2026-02-21 04:00:00+00:00,27517.63600821337
2026-02-21 08:00:00+00:00,27896.558821241953
2026-02-21 12:00:00+00:00,28282.014786219297
2026-02-21 16:00:00+00:00,28164.418051141463
2026-02-21 20:00:00+00:00,27821.42757383111
2026-02-22 00:00:00+00:00,27792.028390061652
2026-02-22 04:00:00+00:00,27844.2936056518
2026-02-22 08:00:00+00:00,27854.093333574954
2026-02-22 12:00:00+00:00,27441.86491705514
2026-02-22 16:00:00+00:00,27295.353531116583
2026-02-22 20:00:00+00:00,27402.888929155433
2026-02-23 00:00:00+00:00,26300.565678376155
2026-02-23 04:00:00+00:00,26703.73167266812
2026-02-23 08:00:00+00:00,26801.149441906495
2026-02-23 12:00:00+00:00,26604.475772618905
2026-02-23 16:00:00+00:00,26052.289887590694
2026-02-23 20:00:00+00:00,25985.853887312544
2026-02-24 00:00:00+00:00,25486.99560977156
2026-02-24 04:00:00+00:00,25437.310142478986
2026-02-24 08:00:00+00:00,25419.639601220635
2026-02-24 12:00:00+00:00,25555.993124108943
2026-02-24 16:00:00+00:00,25587.507698043126
2026-02-24 20:00:00+00:00,25399.92315592214
2026-02-25 00:00:00+00:00,26239.74594167022
2026-02-25 04:00:00+00:00,26380.975155301225
2026-02-25 08:00:00+00:00,26766.14573793125
2026-02-25 12:00:00+00:00,27597.472245441048
2026-02-25 16:00:00+00:00,28704.83767050236
2026-02-25 20:00:00+00:00,28265.101255333084
2026-02-26 00:00:00+00:00,28229.79395192533
2026-02-26 04:00:00+00:00,28174.109210000133
2026-02-26 08:00:00+00:00,28232.971922765442
2026-02-26 12:00:00+00:00,27899.279341308033
2026-02-26 16:00:00+00:00,27855.372422695218
2026-02-26 20:00:00+00:00,27821.618979011615
2026-02-27 00:00:00+00:00,27850.449311040524
2026-02-27 04:00:00+00:00,27698.791833587813
2026-02-27 08:00:00+00:00,26518.634857056528
2026-02-27 12:00:00+00:00,26476.335467553818
2026-02-27 16:00:00+00:00,26195.75628777615
2026-02-27 20:00:00+00:00,26379.582731773196
2026-02-28 00:00:00+00:00,26347.314092689612
2026-02-28 04:00:00+00:00,25568.61692955562
2026-02-28 08:00:00+00:00,25561.836292113676
2026-02-28 12:00:00+00:00,25972.555221789225
2026-02-28 16:00:00+00:00,26562.379957907087
2026-02-28 20:00:00+00:00,26830.84314745977
2026-03-01 00:00:00+00:00,27955.459087490588
2026-03-01 04:00:00+00:00,27513.99023800624
2026-03-01 08:00:00+00:00,27053.465179191644
2026-03-01 12:00:00+00:00,27209.090888722094
2026-03-01 16:00:00+00:00,26434.13837595821
2026-03-01 20:00:00+00:00,26551.65166682814
2026-03-02 00:00:00+00:00,26926.423783656577
2026-03-02 04:00:00+00:00,26542.53846821637
2026-03-02 08:00:00+00:00,26681.515402761648
2026-03-02 12:00:00+00:00,27790.9416088668
2026-03-02 16:00:00+00:00,27427.877781595886
2026-03-02 20:00:00+00:00,27111.823513947144
2026-03-03 00:00:00+00:00,26902.09204026931
2026-03-03 04:00:00+00:00,26832.135030418292
2026-03-03 08:00:00+00:00,26388.436523181797
2026-03-03 12:00:00+00:00,26595.92789528452
2026-03-03 16:00:00+00:00,26939.613150765126
2026-03-03 20:00:00+00:00,26878.5567976566
2026-03-04 00:00:00+00:00,26474.337596629342
2026-03-04 04:00:00+00:00,26986.72421678097
2026-03-04 08:00:00+00:00,27705.917484825117
2026-03-04 12:00:00+00:00,28687.477395717982
2026-03-04 16:00:00+00:00,28764.64405537937
2026-03-04 20:00:00+00:00,28061.79778646919
2026-03-05 00:00:00+00:00,27967.743116553836
2026-03-05 04:00:00+00:00,27767.365776299397
2026-03-05 08:00:00+00:00,28202.15426443543
2026-03-05 12:00:00+00:00,27529.92060680763
2026-03-05 16:00:00+00:00,27226.34373602096
2026-03-05 20:00:00+00:00,27184.01689777056
2026-03-06 00:00:00+00:00,27046.780275492896
2026-03-06 04:00:00+00:00,26993.185642889926
2026-03-06 08:00:00+00:00,26581.06208818604
2026-03-06 12:00:00+00:00,25915.90017061617
2026-03-06 16:00:00+00:00,25751.950903439378
2026-03-06 20:00:00+00:00,25567.696374268096
2026-03-07 00:00:00+00:00,25526.50039792582
2026-03-07 04:00:00+00:00,25422.229074570518
2026-03-07 08:00:00+00:00,25484.398480253953
2026-03-07 12:00:00+00:00,25173.152654377598
2026-03-07 16:00:00+00:00,24810.169610242203
2026-03-07 20:00:00+00:00,24992.769007076993
2026-03-08 00:00:00+00:00,24714.618987715035
2026-03-08 04:00:00+00:00,24778.898800939096
2026-03-08 08:00:00+00:00,24874.627139701006
2026-03-08 12:00:00+00:00,24749.38239530563
2026-03-08 16:00:00+00:00,24785.088095978826
2026-03-08 20:00:00+00:00,24406.220049384363
2026-03-09 00:00:00+00:00,24914.982201877338
2026-03-09 04:00:00+00:00,24995.870092392568
2026-03-09 08:00:00+00:00,25100.44477950727
2026-03-09 12:00:00+00:00,25483.843301061534
2026-03-09 16:00:00+00:00,25625.96408065838
2026-03-09 20:00:00+00:00,25289.472906442876
2026-03-10 00:00:00+00:00,25465.094246070952
2026-03-10 04:00:00+00:00,25748.982808183406
2026-03-10 08:00:00+00:00,25756.26661725078
2026-03-10 12:00:00+00:00,25996.927833070193
2026-03-10 16:00:00+00:00,25286.66718002717
2026-03-10 20:00:00+00:00,25205.47211519298
2026-03-11 00:00:00+00:00,25075.938988598667
2026-03-11 04:00:00+00:00,25110.03925083334
2026-03-11 08:00:00+00:00,24959.15896585744
2026-03-11 12:00:00+00:00,25330.57868421232
2026-03-11 16:00:00+00:00,25606.746507128573
2026-03-11 20:00:00+00:00,25309.61322419998
2026-03-12 00:00:00+00:00,24815.894305207286
2026-03-12 04:00:00+00:00,24996.118104979574
2026-03-12 08:00:00+00:00,25267.18396162837
2026-03-12 12:00:00+00:00,25167.8829939619
2026-03-12 16:00:00+00:00,25231.83464860121
2026-03-12 20:00:00+00:00,25197.052584239966
2026-03-13 00:00:00+00:00,25693.69522551483
2026-03-13 04:00:00+00:00,25366.108571278102
2026-03-13 08:00:00+00:00,25838.076085290377
2026-03-13 12:00:00+00:00,25597.80171452049
2026-03-13 16:00:00+00:00,25434.758391498068
2026-03-13 20:00:00+00:00,25223.0881124865
2026-03-14 00:00:00+00:00,25286.017114354803
2026-03-14 04:00:00+00:00,25081.209557854563
2026-03-14 08:00:00+00:00,24995.719982380524
2026-03-14 12:00:00+00:00,24912.98807835435
2026-03-14 16:00:00+00:00,24951.022101442803
2026-03-14 20:00:00+00:00,25128.177893263954
2026-03-15 00:00:00+00:00,25167.76117495759
2026-03-15 04:00:00+00:00,25208.684206975282
2026-03-15 08:00:00+00:00,25343.21987699422
2026-03-15 12:00:00+00:00,25034.265577601618
2026-03-15 16:00:00+00:00,25081.719712831105
2026-03-15 20:00:00+00:00,25814.682748314623
2026-03-16 00:00:00+00:00,26015.819748709728
2026-03-16 04:00:00+00:00,26136.547502161568
2026-03-16 08:00:00+00:00,26380.48628784839
2026-03-16 12:00:00+00:00,26426.275654956826
2026-03-16 16:00:00+00:00,27089.175528019052
2026-03-16 20:00:00+00:00,27345.433280491387
2026-03-17 00:00:00+00:00,26962.266926794655
2026-03-17 04:00:00+00:00,27051.75376099134
2026-03-17 08:00:00+00:00,27041.526694226013
2026-03-17 12:00:00+00:00,26915.547826343918
2026-03-17 16:00:00+00:00,26964.82369348599
2026-03-17 20:00:00+00:00,26728.761386749142
2026-03-18 00:00:00+00:00,26939.879219082297
2026-03-18 04:00:00+00:00,26576.400425868866
2026-03-18 08:00:00+00:00,25985.128708610704
2026-03-18 12:00:00+00:00,25445.603571884978
2026-03-18 16:00:00+00:00,25301.816197542215
2026-03-18 20:00:00+00:00,25351.312166524513
2026-03-19 00:00:00+00:00,25341.624788567457
2026-03-19 04:00:00+00:00,24994.7249264359
2026-03-19 08:00:00+00:00,25002.17603200822
2026-03-19 12:00:00+00:00,24447.006088873917
2026-03-19 16:00:00+00:00,24751.094148178636
2026-03-19 20:00:00+00:00,24798.520726235336
2026-03-20 00:00:00+00:00,24988.22703846213
2026-03-20 04:00:00+00:00,24997.4652586308
2026-03-20 08:00:00+00:00,24861.745253416695
2026-03-20 12:00:00+00:00,24628.659518572014
2026-03-20 16:00:00+00:00,24624.032247551328
2026-03-20 20:00:00+00:00,24859.232016181722
2026-03-21 00:00:00+00:00,25028.0224383753
2026-03-21 04:00:00+00:00,24936.709587024678
2026-03-21 08:00:00+00:00,24886.902577197063
2026-03-21 12:00:00+00:00,24853.697903978653
2026-03-21 16:00:00+00:00,24729.632888164528
2026-03-21 20:00:00+00:00,23923.012779683082
2026-03-22 00:00:00+00:00,24038.116495229617
2026-03-22 04:00:00+00:00,23773.645660460872
2026-03-22 08:00:00+00:00,23502.582036267922
2026-03-22 12:00:00+00:00,23713.440453385247
2026-03-22 16:00:00+00:00,23490.79971124802
2026-03-22 20:00:00+00:00,23339.866432792558
2026-03-23 00:00:00+00:00,23417.61398922586
2026-03-23 04:00:00+00:00,23500.88480173378
2026-03-23 08:00:00+00:00,24103.94642132224
2026-03-23 12:00:00+00:00,23989.85800501607
2026-03-23 16:00:00+00:00,24337.218207935195
2026-03-23 20:00:00+00:00,24347.87023472497
2026-03-24 00:00:00+00:00,24060.26551140108
2026-03-24 04:00:00+00:00,24425.097428950827
2026-03-24 08:00:00+00:00,24438.412462438042
2026-03-24 12:00:00+00:00,23897.822102857033
2026-03-24 16:00:00+00:00,23660.07456209712
2026-03-24 20:00:00+00:00,24099.997908719324
2026-03-25 00:00:00+00:00,24125.816580739072
2026-03-25 04:00:00+00:00,24123.482981495396
2026-03-25 08:00:00+00:00,24433.533192999203
2026-03-25 12:00:00+00:00,24112.97280483425
2026-03-25 16:00:00+00:00,24107.717716503677
2026-03-25 20:00:00+00:00,24094.579995677246
2026-03-26 00:00:00+00:00,23909.98550150494
2026-03-26 04:00:00+00:00,23643.98428605451
2026-03-26 08:00:00+00:00,23370.025070867236
2026-03-26 12:00:00+00:00,23295.387521165725
2026-03-26 16:00:00+00:00,23140.592696208227
2026-03-26 20:00:00+00:00,23210.332609768277
2026-03-27 00:00:00+00:00,23193.596822974887
2026-03-27 04:00:00+00:00,23084.781259166724
2026-03-27 08:00:00+00:00,22494.307695386513
2026-03-27 12:00:00+00:00,22460.192913896746
2026-03-27 16:00:00+00:00,22464.591742430795
2026-03-27 20:00:00+00:00,22476.321951854923
2026-03-28 00:00:00+00:00,22436.168542672334
2026-03-28 04:00:00+00:00,22637.83791238713
2026-03-28 08:00:00+00:00,22422.333173999814
2026-03-28 12:00:00+00:00,22718.25814576645
2026-03-28 16:00:00+00:00,22647.867458215675
2026-03-28 20:00:00+00:00,22358.45861226647
2026-03-29 00:00:00+00:00,22541.83307856116
2026-03-29 04:00:00+00:00,22486.2378858459
2026-03-29 08:00:00+00:00,22501.34030430965
2026-03-29 12:00:00+00:00,22400.769421132674
2026-03-29 16:00:00+00:00,22341.019832109057
2026-03-29 20:00:00+00:00,22229.145684239073
2026-03-30 00:00:00+00:00,22770.788469964267
2026-03-30 04:00:00+00:00,23035.86680794988
2026-03-30 08:00:00+00:00,23166.72826594278
2026-03-30 12:00:00+00:00,23203.07867094081
2026-03-30 16:00:00+00:00,22634.55833677166
2026-03-30 20:00:00+00:00,22665.65191396997
2026-03-31 00:00:00+00:00,23115.614004145555
2026-03-31 04:00:00+00:00,22995.48989655207
2026-03-31 08:00:00+00:00,22830.291286761036
2026-03-31 12:00:00+00:00,22820.901496942126
2026-03-31 16:00:00+00:00,23271.373518604643
2026-03-31 20:00:00+00:00,23370.051583693024
2026-04-01 00:00:00+00:00,23342.07984870734
2026-04-01 04:00:00+00:00,23653.875894639023
2026-04-01 08:00:00+00:00,23701.827440328765
2026-04-01 12:00:00+00:00,23698.7194697748
2026-04-01 16:00:00+00:00,23769.647797774207
2026-04-01 20:00:00+00:00,23757.659911351773
2026-04-02 00:00:00+00:00,22825.04674726563
2026-04-02 04:00:00+00:00,22822.38277250509
2026-04-02 08:00:00+00:00,22539.31085739364
2026-04-02 12:00:00+00:00,22748.29370815977
2026-04-02 16:00:00+00:00,22829.979359704583
2026-04-02 20:00:00+00:00,22783.93671105237
2026-04-03 00:00:00+00:00,22680.818422110442
2026-04-03 04:00:00+00:00,22830.987923098364
2026-04-03 08:00:00+00:00,22765.56443733339
2026-04-03 12:00:00+00:00,22776.244964732163
2026-04-03 16:00:00+00:00,22742.220946360845
2026-04-03 20:00:00+00:00,22796.0923087821
2026-04-04 00:00:00+00:00,22733.71494176802
2026-04-04 04:00:00+00:00,22773.409629867885
2026-04-04 08:00:00+00:00,22742.220946360845
2026-04-04 12:00:00+00:00,22788.531869244922
2026-04-04 16:00:00+00:00,22688.010488811433
2026-04-04 20:00:00+00:00,22682.398117633
2026-04-05 00:00:00+00:00,22556.185566944223
2026-04-05 04:00:00+00:00,22258.97539591895
2026-04-05 08:00:00+00:00,22284.68100684223
2026-04-05 12:00:00+00:00,22383.63798273923
2026-04-05 16:00:00+00:00,22448.670388041228
2026-04-05 20:00:00+00:00,22967.19796525586
2026-04-06 00:00:00+00:00,22993.476845798737
2026-04-06 04:00:00+00:00,23027.90047096576
2026-04-06 08:00:00+00:00,23207.278420674018
2026-04-06 12:00:00+00:00,23348.79608153826
2026-04-06 16:00:00+00:00,23128.753377145687
2026-04-06 20:00:00+00:00,22728.68553862017
2026-04-07 00:00:00+00:00,22741.737091184634
2026-04-07 04:00:00+00:00,22667.32131244
2026-04-07 08:00:00+00:00,22575.92436069076
2026-04-07 12:00:00+00:00,22505.22860435353
2026-04-07 16:00:00+00:00,22774.92727697476
2026-04-07 20:00:00+00:00,23852.77012467815
2026-04-08 00:00:00+00:00,23573.98599512371
2026-04-08 04:00:00+00:00,23742.001789117858
2026-04-08 08:00:00+00:00,23673.212179007223
2026-04-08 12:00:00+00:00,23338.42905353771
2026-04-08 16:00:00+00:00,23291.972364320576
2026-04-08 20:00:00+00:00,23070.32865884926
2026-04-09 00:00:00+00:00,23001.161531571
2026-04-09 04:00:00+00:00,22996.037464128516
2026-04-09 08:00:00+00:00,23058.54906160372
2026-04-09 12:00:00+00:00,23365.238675298086
2026-04-09 16:00:00+00:00,23361.043724827632
2026-04-09 20:00:00+00:00,23104.26803016835
2026-04-10 00:00:00+00:00,23098.757311836707
2026-04-10 04:00:00+00:00,22972.63148108958
2026-04-10 08:00:00+00:00,23101.372155185945
2026-04-10 12:00:00+00:00,23300.521915144447
2026-04-10 16:00:00+00:00,23632.438181741945
2026-04-10 20:00:00+00:00,23517.080354282327
2026-04-11 00:00:00+00:00,23434.536716861447
2026-04-11 04:00:00+00:00,23386.66559718969
2026-04-11 08:00:00+00:00,23528.18394002676
2026-04-11 12:00:00+00:00,23564.1134674828
2026-04-11 16:00:00+00:00,24259.868340261328
2026-04-11 20:00:00+00:00,23935.455085067842
2026-04-12 00:00:00+00:00,23188.791319159183
2026-04-12 04:00:00+00:00,23233.93891779928
2026-04-12 08:00:00+00:00,23093.572833860224
2026-04-12 12:00:00+00:00,22903.450115689036
2026-04-12 16:00:00+00:00,22945.173594182696
2026-04-12 20:00:00+00:00,22829.952218842333
2026-04-13 00:00:00+00:00,22904.82972823821
2026-04-13 04:00:00+00:00,22949.58677277703
2026-04-13 08:00:00+00:00,22863.00563733148
2026-04-13 12:00:00+00:00,23083.64788572498
2026-04-13 16:00:00+00:00,23523.69356189967
2026-04-13 20:00:00+00:00,23895.19122453709
2026-04-14 00:00:00+00:00,23792.951714056962
2026-04-14 04:00:00+00:00,23917.77544298169
2026-04-14 08:00:00+00:00,23883.778327448606
2026-04-14 12:00:00+00:00,23784.200977218563
2026-04-14 16:00:00+00:00,23268.108670117206
2026-04-14 20:00:00+00:00,23359.840532147304
2026-04-15 00:00:00+00:00,23392.154875923483
2026-04-15 04:00:00+00:00,23201.751638196074
2026-04-15 08:00:00+00:00,23346.83609933466
2026-04-15 12:00:00+00:00,23232.148438520315
2026-04-15 16:00:00+00:00,23623.797068128104
2026-04-15 20:00:00+00:00,23473.60261507291
2026-04-16 00:00:00+00:00,23452.81411130567
2026-04-16 04:00:00+00:00,23397.93649675999
2026-04-16 08:00:00+00:00,23359.493695333556
2026-04-16 12:00:00+00:00,23785.11042541193
2026-04-16 16:00:00+00:00,24740.688632297562
2026-04-16 20:00:00+00:00,24452.36762159931
2026-04-17 00:00:00+00:00,24087.161008048195
2026-04-17 04:00:00+00:00,24196.99758355229
2026-04-17 08:00:00+00:00,24221.71081304071
2026-04-17 12:00:00+00:00,24699.499916483528
2026-04-17 16:00:00+00:00,24523.134200146058
2026-04-17 20:00:00+00:00,24433.038003786496
2026-04-18 00:00:00+00:00,24292.035436389695
2026-04-18 04:00:00+00:00,24278.601810699314
2026-04-18 08:00:00+00:00,23766.00293567155
2026-04-18 12:00:00+00:00,23766.049289122675
2026-04-18 16:00:00+00:00,23607.09704724706
2026-04-18 20:00:00+00:00,23624.155407943235
2026-04-19 00:00:00+00:00,23564.78743890321
2026-04-19 04:00:00+00:00,23485.129768269424
2026-04-19 08:00:00+00:00,23592.353749788228
2026-04-19 12:00:00+00:00,23670.305584352398
2026-04-19 16:00:00+00:00,23389.65656036161
2026-04-19 20:00:00+00:00,23026.31104062445
2026-04-20 00:00:00+00:00,23290.7351266845
2026-04-20 04:00:00+00:00,23349.91789066554
2026-04-20 08:00:00+00:00,23409.104901783103
2026-04-20 12:00:00+00:00,23538.005714290113
2026-04-20 16:00:00+00:00,23716.662087640354
2026-04-20 20:00:00+00:00,23574.605617602043
2026-04-21 00:00:00+00:00,23535.985873513015
2026-04-21 04:00:00+00:00,23653.29686633864
2026-04-21 08:00:00+00:00,23765.327626363556
2026-04-21 12:00:00+00:00,23570.2430528467
2026-04-21 16:00:00+00:00,23143.829649408766
2026-04-21 20:00:00+00:00,23400.241022412945
2026-04-22 00:00:00+00:00,23693.512019921232
2026-04-22 04:00:00+00:00,23913.49992382009
2026-04-22 08:00:00+00:00,23967.296213148078
2026-04-22 12:00:00+00:00,24021.157775909232
2026-04-22 16:00:00+00:00,23841.8947578035
2026-04-22 20:00:00+00:00,23637.2120071901
2026-04-23 00:00:00+00:00,23496.39019920977
2026-04-23 04:00:00+00:00,23600.228573615386
2026-04-23 08:00:00+00:00,23490.262892172395
2026-04-23 12:00:00+00:00,23699.07065449843
2026-04-23 16:00:00+00:00,23497.21425707337
2026-04-23 20:00:00+00:00,23659.166419842702
2026-04-24 00:00:00+00:00,23500.264924006813
2026-04-24 04:00:00+00:00,23476.560864142386
2026-04-24 08:00:00+00:00,23632.91157632717
2026-04-24 12:00:00+00:00,23543.322388563094
2026-04-24 16:00:00+00:00,23458.33521985394
2026-04-24 20:00:00+00:00,23417.575920850373
2026-04-25 00:00:00+00:00,23493.659945657033
2026-04-25 04:00:00+00:00,23466.487079654657
2026-04-25 08:00:00+00:00,23466.487079654657
2026-04-25 12:00:00+00:00,23428.445067251323
2026-04-25 16:00:00+00:00,23281.71159083848
2026-04-25 20:00:00+00:00,23333.906329780355
2026-04-26 00:00:00+00:00,23260.96976630545
2026-04-26 04:00:00+00:00,23439.693923534902
2026-04-26 08:00:00+00:00,23402.501008035957
2026-04-26 12:00:00+00:00,23491.720853243027
2026-04-26 16:00:00+00:00,23685.3133229563
2026-04-26 20:00:00+00:00,23705.723071701264
2026-04-27 00:00:00+00:00,23959.94450092164
2026-04-27 04:00:00+00:00,23171.167740601515
2026-04-27 08:00:00+00:00,23210.6340363893
2026-04-27 12:00:00+00:00,22890.12816196562
2026-04-27 16:00:00+00:00,22921.457590226604
2026-04-27 20:00:00+00:00,23066.48139718043
2026-04-28 00:00:00+00:00,22900.98980687127
2026-04-28 04:00:00+00:00,22917.378941238872
2026-04-28 08:00:00+00:00,22725.265489547197
2026-04-28 12:00:00+00:00,22745.085577267335
2026-04-28 16:00:00+00:00,22966.574198795624
2026-04-28 20:00:00+00:00,22841.46305852694
2026-04-29 00:00:00+00:00,23061.95398356186
2026-04-29 04:00:00+00:00,23183.772725402418
2026-04-29 08:00:00+00:00,23263.688214521408
2026-04-29 12:00:00+00:00,22672.75258149796
2026-04-29 16:00:00+00:00,22547.501897574675
2026-04-29 20:00:00+00:00,22614.147657804035
2026-04-30 00:00:00+00:00,22658.609261002963
2026-04-30 04:00:00+00:00,22728.018711947323
2026-04-30 08:00:00+00:00,22697.46418700454
2026-04-30 12:00:00+00:00,22818.92431252893
2026-04-30 16:00:00+00:00,22801.752114440715
2026-04-30 20:00:00+00:00,22725.59229025245
2026-05-01 00:00:00+00:00,22930.599963772318
2026-05-01 04:00:00+00:00,22935.412534383606
2026-05-01 08:00:00+00:00,23037.942829174193
2026-05-01 12:00:00+00:00,23333.124671023357
2026-05-01 16:00:00+00:00,23311.964232594386
2026-05-01 20:00:00+00:00,23270.342816747547
2026-05-02 00:00:00+00:00,23322.570013506953
2026-05-02 04:00:00+00:00,23266.22738335663
2026-05-02 08:00:00+00:00,23244.46275933667
2026-05-02 12:00:00+00:00,23344.54842627449
2026-05-02 16:00:00+00:00,23331.94789567461
2026-05-02 20:00:00+00:00,23307.604476685385
2026-05-03 00:00:00+00:00,23123.611787031834
2026-05-03 04:00:00+00:00,23197.747177356476
2026-05-03 08:00:00+00:00,23301.71754183616
2026-05-03 12:00:00+00:00,23390.217919716928
2026-05-03 16:00:00+00:00,23462.04285749758
2026-05-03 20:00:00+00:00,23332.054788283367
2026-05-04 00:00:00+00:00,23959.593790123534
2026-05-04 04:00:00+00:00,23735.379438897788
2026-05-04 08:00:00+00:00,23482.133749184475
2026-05-04 12:00:00+00:00,23607.802276686
2026-05-04 16:00:00+00:00,23581.9543343891
2026-05-04 20:00:00+00:00,23520.993354276867
2026-05-05 00:00:00+00:00,23827.68091734158
2026-05-05 04:00:00+00:00,23825.28270911577
2026-05-05 08:00:00+00:00,23843.948226113174
2026-05-06 00:00:00+00:00,24032.163842514346
2026-05-06 04:00:00+00:00,24102.364154430907
2026-05-06 08:00:00+00:00,24698.73964149037
2026-05-06 12:00:00+00:00,24451.394969438057
2026-05-06 16:00:00+00:00,24533.843193455494
2026-05-06 20:00:00+00:00,24503.61217798243
2026-05-07 00:00:00+00:00,24116.105525100476
2026-05-07 04:00:00+00:00,24778.43959137389
2026-05-07 08:00:00+00:00,24616.29141747293
2026-05-07 12:00:00+00:00,24272.757150733607
2026-05-07 16:00:00+00:00,24308.4847144745
2026-05-07 20:00:00+00:00,24300.239892072754
2026-05-08 00:00:00+00:00,24245.274409394464
2026-05-08 04:00:00+00:00,24245.274409394464
2026-05-08 08:00:00+00:00,24360.701923018874
2026-05-08 12:00:00+00:00,24299.71267919941
2026-05-08 16:00:00+00:00,25088.792361856056
2026-05-08 20:00:00+00:00,24928.939365166047
2026-05-09 00:00:00+00:00,25370.56713568252
2026-05-09 04:00:00+00:00,25403.079609585573
2026-05-09 08:00:00+00:00,25365.14839003201
2026-05-09 12:00:00+00:00,25199.87664769149
2026-05-09 16:00:00+00:00,25335.345288954213
2026-05-09 20:00:00+00:00,25212.36849867244
2026-05-10 00:00:00+00:00,25256.48289037224
2026-05-10 04:00:00+00:00,25214.22359549961
2026-05-10 08:00:00+00:00,25200.206780365297
2026-05-10 12:00:00+00:00,25390.67224679977
2026-05-10 16:00:00+00:00,25886.36785501655
2026-05-10 20:00:00+00:00,25886.36785501655
2026-05-11 00:00:00+00:00,25427.513402522738
2026-05-11 04:00:00+00:00,25580.46488668734
2026-05-11 08:00:00+00:00,25558.99801171687
2026-05-11 12:00:00+00:00,25974.918714269745
2026-05-11 16:00:00+00:00,26347.905666881674
2026-05-11 20:00:00+00:00,26127.87019843435
2026-05-12 00:00:00+00:00,25797.816995763358
2026-05-12 04:00:00+00:00,25773.66676142158
2026-05-12 08:00:00+00:00,25486.547308691534
2026-05-12 12:00:00+00:00,25183.32769973363
2026-05-12 16:00:00+00:00,25314.32424566471
2026-05-12 20:00:00+00:00,25210.966731832013
2026-05-13 00:00:00+00:00,25447.89000267844
2026-05-13 04:00:00+00:00,25371.32444010513
2026-05-13 08:00:00+00:00,25344.299952094418
2026-05-13 12:00:00+00:00,24624.98084118638
2026-05-13 16:00:00+00:00,24845.632226194757
2026-05-13 20:00:00+00:00,24868.97458828147
2026-05-14 00:00:00+00:00,24687.190438257105
2026-05-14 04:00:00+00:00,24944.176632174043
2026-05-14 08:00:00+00:00,24815.683535215576
2026-05-14 12:00:00+00:00,25439.29822247798
2026-05-14 16:00:00+00:00,25479.95204615487
2026-05-14 20:00:00+00:00,25369.007758896176
2026-05-15 00:00:00+00:00,25360.965483633296
2026-05-15 04:00:00+00:00,25286.592770905896
2026-05-15 08:00:00+00:00,25224.031691634496
2026-05-15 12:00:00+00:00,24753.83481279996
2026-05-15 16:00:00+00:00,24747.55988252646
2026-05-15 20:00:00+00:00,24736.691810849024
2026-05-16 00:00:00+00:00,24731.663555464296
2026-05-16 04:00:00+00:00,24321.231196473975
2026-05-16 08:00:00+00:00,24200.09553486384
2026-05-16 12:00:00+00:00,24247.359118030174
2026-05-16 16:00:00+00:00,24257.993484802773
2026-05-16 20:00:00+00:00,24218.0092347006
2026-05-17 00:00:00+00:00,24183.216202820226
2026-05-17 04:00:00+00:00,24232.483116583582
2026-05-17 08:00:00+00:00,24303.757598030097
2026-05-17 12:00:00+00:00,24150.521664299227
2026-05-17 16:00:00+00:00,24183.13388893035
2026-05-17 20:00:00+00:00,23504.471235198867
2026-05-18 00:00:00+00:00,23310.183668525955
2026-05-18 04:00:00+00:00,23352.57658323583
2026-05-18 08:00:00+00:00,23418.381889351665
2026-05-18 12:00:00+00:00,23146.87015801653
2026-05-18 16:00:00+00:00,23303.264648362376
2026-05-18 20:00:00+00:00,23329.166560546124
2026-05-19 00:00:00+00:00,23211.947625154055
2026-05-19 04:00:00+00:00,23287.379192326473
2026-05-19 08:00:00+00:00,22959.76326997685
2026-05-19 12:00:00+00:00,22922.208351878366
2026-05-19 16:00:00+00:00,22916.774617529212
2026-05-19 20:00:00+00:00,22890.205787637395
2026-05-20 00:00:00+00:00,22851.924396177714
2026-05-20 04:00:00+00:00,23018.458815496757
2026-05-20 08:00:00+00:00,23049.919303031777
2026-05-20 12:00:00+00:00,23073.848375816655
2026-05-20 16:00:00+00:00,23108.65419536266
2026-05-20 20:00:00+00:00,23111.336258291554
2026-05-21 00:00:00+00:00,23293.71653745644
2026-05-21 04:00:00+00:00,23237.39321594964
2026-05-21 08:00:00+00:00,22953.094545486725
2026-05-21 12:00:00+00:00,23189.11608322952
2026-05-21 16:00:00+00:00,23556.55870448819
2026-05-21 20:00:00+00:00,23430.501746830105
2026-05-22 00:00:00+00:00,23341.99367017656
2026-05-22 04:00:00+00:00,23325.901292603186
2026-05-22 08:00:00+00:00,23419.77349511452
2026-05-22 12:00:00+00:00,23272.260034025276
2026-05-22 16:00:00+00:00,22676.8420638105
2026-05-22 20:00:00+00:00,22538.240938761362
2026-05-23 00:00:00+00:00,22569.83218858232
2026-05-23 04:00:00+00:00,21887.348136086253
2026-05-23 08:00:00+00:00,21912.210573629727
2026-05-23 12:00:00+00:00,22122.964129231023
2026-05-23 16:00:00+00:00,22252.974305593176
2026-05-23 20:00:00+00:00,22664.327880232475
2026-05-24 00:00:00+00:00,22678.88318883298
2026-05-24 04:00:00+00:00,22699.966981438127
2026-05-24 08:00:00+00:00,22823.704845557222
2026-05-24 12:00:00+00:00,22468.15440081337
2026-05-24 16:00:00+00:00,22488.039911163003
2026-05-24 20:00:00+00:00,22477.12167219087
2026-05-25 00:00:00+00:00,22426.802543054688
2026-05-25 04:00:00+00:00,22536.90922589501
2026-05-25 08:00:00+00:00,22529.131818364043
2026-05-25 12:00:00+00:00,22606.628047782426
2026-05-25 16:00:00+00:00,22558.244146466055
2026-05-25 20:00:00+00:00,22433.045941867742
2026-05-26 00:00:00+00:00,22221.881165655726
2026-05-26 04:00:00+00:00,22248.316575045767
2026-05-26 08:00:00+00:00,22352.89990378269
2026-05-26 12:00:00+00:00,21967.603503976898
2026-05-26 16:00:00+00:00,21796.753829250963
2026-05-26 20:00:00+00:00,21769.410623998137
2026-05-27 00:00:00+00:00,21712.85960812391
2026-05-27 04:00:00+00:00,21863.445026905585
2026-05-27 08:00:00+00:00,21793.34491816239
2026-05-27 12:00:00+00:00,21923.159934353494
2026-05-27 16:00:00+00:00,21785.556017190927
2026-05-27 20:00:00+00:00,21403.899869589084
2026-05-28 00:00:00+00:00,20952.143613244047
2026-05-28 04:00:00+00:00,20994.44957787235
2026-05-28 08:00:00+00:00,20999.191795841234
2026-05-28 12:00:00+00:00,20831.995633788825
2026-05-28 16:00:00+00:00,20976.815502850855
2026-05-28 20:00:00+00:00,20934.375082177256
2026-05-29 00:00:00+00:00,20806.89746019347
2026-05-29 04:00:00+00:00,20967.51926389304
2026-05-29 08:00:00+00:00,20847.69029922828
2026-05-29 12:00:00+00:00,21056.753599281692
2026-05-29 16:00:00+00:00,20873.035951129208
2026-05-29 20:00:00+00:00,20827.287134087645
2026-05-30 00:00:00+00:00,20823.34116551229
2026-05-30 04:00:00+00:00,20718.749068406265
2026-05-30 08:00:00+00:00,20700.84515249309
2026-05-30 12:00:00+00:00,20762.2750876244
2026-05-30 16:00:00+00:00,20754.58500262368
2026-05-30 20:00:00+00:00,20660.61767962535
2026-05-31 00:00:00+00:00,20790.4801381459
2026-05-31 04:00:00+00:00,20680.601478598353
2026-05-31 08:00:00+00:00,20702.582537718357
2026-05-31 12:00:00+00:00,20450.326116467597
2026-05-31 16:00:00+00:00,20394.26123693273
2026-05-31 20:00:00+00:00,20431.105087503616
2026-06-01 00:00:00+00:00,20455.144815948293
2026-06-01 04:00:00+00:00,20188.62512646565
2026-06-01 08:00:00+00:00,20098.651328271793
2026-06-01 12:00:00+00:00,19712.74003374484
2026-06-01 16:00:00+00:00,20046.108201271218
2026-06-01 20:00:00+00:00,20068.109088283534
2026-06-02 00:00:00+00:00,20040.207963390643
2026-06-02 04:00:00+00:00,19819.599069076245
2026-06-02 08:00:00+00:00,19786.0977183984
2026-06-02 12:00:00+00:00,19148.872027296246
2026-06-02 16:00:00+00:00,19123.57100723208
2026-06-02 20:00:00+00:00,18599.149864083978
2026-06-03 00:00:00+00:00,18319.801658135584
2026-06-03 04:00:00+00:00,18703.42945440643
2026-06-03 08:00:00+00:00,18658.94828238417
2026-06-03 12:00:00+00:00,18381.299044393818
2026-06-03 16:00:00+00:00,18210.352157856974
2026-06-03 20:00:00+00:00,17843.664387067052
2026-06-04 00:00:00+00:00,17785.701748251366
2026-06-04 04:00:00+00:00,17473.190716781293
2026-06-04 08:00:00+00:00,17149.04987745643
2026-06-04 12:00:00+00:00,17517.732329668102
2026-06-04 16:00:00+00:00,17440.86777135019
2026-06-04 20:00:00+00:00,17357.601758162815
2026-06-05 00:00:00+00:00,17030.70543350492
2026-06-05 04:00:00+00:00,17138.570259569104
2026-06-05 08:00:00+00:00,16824.150231998356
2026-06-05 12:00:00+00:00,16417.78927726699
2026-06-05 16:00:00+00:00,16380.280309373578
2026-06-05 20:00:00+00:00,16587.172080819633
2026-06-06 00:00:00+00:00,16489.265265678012
2026-06-06 04:00:00+00:00,16572.106063654566
2026-06-06 08:00:00+00:00,16519.044804046287
2026-06-06 12:00:00+00:00,16511.58930210597
2026-06-06 16:00:00+00:00,16463.199675727174
2026-06-06 20:00:00+00:00,16539.378087677593
2026-06-07 00:00:00+00:00,16763.182233149186
2026-06-07 04:00:00+00:00,16950.359112734735
2026-06-07 08:00:00+00:00,16957.93290880276
2026-06-07 12:00:00+00:00,16936.292574591807
2026-06-07 16:00:00+00:00,16641.955139911748
2026-06-07 20:00:00+00:00,17413.451901372424
2026-06-08 00:00:00+00:00,17305.294454824096
2026-06-08 04:00:00+00:00,17237.927816688283
2026-06-08 08:00:00+00:00,17343.922114305642
2026-06-08 12:00:00+00:00,17424.576667303107
2026-06-08 16:00:00+00:00,17354.428837684623
2026-06-08 20:00:00+00:00,17165.73671006093
2026-06-09 00:00:00+00:00,16957.65160477585
2026-06-09 04:00:00+00:00,17018.5548363895
2026-06-09 08:00:00+00:00,16795.251646522876
2026-06-09 12:00:00+00:00,16415.045491454373
2026-06-09 16:00:00+00:00,16624.99837714011
2026-06-09 20:00:00+00:00,16446.342816028642
2026-06-10 00:00:00+00:00,16371.685041719238
2026-06-10 04:00:00+00:00,16408.182060519623
2026-06-10 08:00:00+00:00,16182.658962491505
2026-06-10 12:00:00+00:00,16582.882289683843
2026-06-10 16:00:00+00:00,16394.30655207944
2026-06-10 20:00:00+00:00,16283.714717732137
2026-06-11 00:00:00+00:00,16589.75643324203
2026-06-11 04:00:00+00:00,16598.768072124367
2026-06-11 08:00:00+00:00,16705.855035204087
2026-06-11 12:00:00+00:00,16598.9869260161
2026-06-11 16:00:00+00:00,16948.439282353283
2026-06-11 20:00:00+00:00,16948.439282353283
2026-06-12 00:00:00+00:00,16976.29418032219
2026-06-12 04:00:00+00:00,16793.971211798438
2026-06-12 08:00:00+00:00,16948.439282353283
2026-06-12 12:00:00+00:00,17029.47171280828
2026-06-12 16:00:00+00:00,16910.4553305775
2026-06-12 20:00:00+00:00,16877.39493658398
2026-06-13 00:00:00+00:00,16868.14441277239
2026-06-13 04:00:00+00:00,16951.09299015449
2026-06-13 08:00:00+00:00,17058.013806804047
2026-06-13 12:00:00+00:00,17233.869619245324
2026-06-13 16:00:00+00:00,17140.91726124065
2026-06-13 20:00:00+00:00,17319.285299573945
2026-06-14 00:00:00+00:00,17319.285299573945
2026-06-14 04:00:00+00:00,17140.91726124065
2026-06-14 08:00:00+00:00,17110.770550536432
2026-06-14 12:00:00+00:00,16946.66306898102
2026-06-14 16:00:00+00:00,16888.949825038137
2026-06-14 20:00:00+00:00,17402.552692524667
2026-06-15 00:00:00+00:00,17365.6295915188
2026-06-15 04:00:00+00:00,17375.38008539388
2026-06-15 08:00:00+00:00,17699.584006740315
2026-06-15 12:00:00+00:00,18343.116602495644
2026-06-15 16:00:00+00:00,18350.429472901957
2026-06-15 20:00:00+00:00,18033.53842196183
2026-06-16 00:00:00+00:00,17840.476869343565
2026-06-16 04:00:00+00:00,17987.029775508843
2026-06-16 08:00:00+00:00,18035.34304377505
2026-06-16 12:00:00+00:00,17704.397156151535
2026-06-16 16:00:00+00:00,17628.655804305545
2026-06-16 20:00:00+00:00,17627.320994258032
2026-06-17 00:00:00+00:00,17608.354119550284
2026-06-17 04:00:00+00:00,17524.90592654179
2026-06-17 08:00:00+00:00,17317.169013122995
2026-06-17 12:00:00+00:00,17410.336466258363
2026-06-17 16:00:00+00:00,16881.927963747527
2026-06-17 20:00:00+00:00,16915.55525427058
2026-06-18 00:00:00+00:00,16854.926314285858
2026-06-18 04:00:00+00:00,16913.5846317307
2026-06-18 08:00:00+00:00,16772.73946091743
2026-06-18 12:00:00+00:00,16168.78392638818
2026-06-18 16:00:00+00:00,16391.386683285364
2026-06-18 20:00:00+00:00,16446.364566249606
2026-06-19 00:00:00+00:00,16317.377994679651
2026-06-19 04:00:00+00:00,16258.041949557077
2026-06-19 08:00:00+00:00,16260.456951674878
2026-06-19 12:00:00+00:00,16410.526137500292
2026-06-19 16:00:00+00:00,16323.711049980915
2026-06-19 20:00:00+00:00,16429.915492355216
2026-06-20 00:00:00+00:00,16416.67835319183
2026-06-20 04:00:00+00:00,16766.743160086404
2026-06-20 08:00:00+00:00,16808.894190377123
2026-06-20 12:00:00+00:00,16865.095564098083
2026-06-20 16:00:00+00:00,16827.627981617443
2026-06-20 20:00:00+00:00,17146.102432702883
2026-06-21 00:00:00+00:00,17242.113112809522
2026-06-21 04:00:00+00:00,17143.760708797843
2026-06-21 08:00:00+00:00,17143.760708797843
2026-06-21 12:00:00+00:00,17361.541031966564
2026-06-21 16:00:00+00:00,17427.109301307682
2026-06-21 20:00:00+00:00,16968.13141591984
2026-06-22 00:00:00+00:00,17216.354149854084
2026-06-22 04:00:00+00:00,17352.174136346403
2026-06-22 08:00:00+00:00,17368.566203681683
2026-06-22 12:00:00+00:00,17121.490752459747
2026-06-22 16:00:00+00:00,17004.673029419693
2026-06-22 20:00:00+00:00,16878.720980772225
2026-06-23 00:00:00+00:00,16867.413333759865
2026-06-23 04:00:00+00:00,16532.68127731465
2026-06-23 08:00:00+00:00,16434.570265727183
2026-06-23 12:00:00+00:00,16426.462385055926
2026-06-23 16:00:00+00:00,16405.774693080657
2026-06-23 20:00:00+00:00,16490.39484932166
2026-06-24 00:00:00+00:00,16491.668871408114
2026-06-24 04:00:00+00:00,16468.42490912863
2026-06-24 08:00:00+00:00,16540.52283698478
2026-06-24 12:00:00+00:00,15909.567450649469
2026-06-24 16:00:00+00:00,15606.473355231721
2026-06-24 20:00:00+00:00,15881.823480983094
2026-06-25 00:00:00+00:00,15763.159412538129
2026-06-25 04:00:00+00:00,16170.626605624417
2026-06-25 08:00:00+00:00,15874.921842641797
2026-06-25 12:00:00+00:00,15441.842425990082
2026-06-25 16:00:00+00:00,15346.859993788876
2026-06-25 20:00:00+00:00,15690.732156550532
2026-06-26 00:00:00+00:00,15804.26521556869
2026-06-26 04:00:00+00:00,16397.417523908465
2026-06-26 08:00:00+00:00,15896.945263746782
2026-06-26 12:00:00+00:00,16698.627680487254
2026-06-26 16:00:00+00:00,16916.425793705766
2026-06-26 20:00:00+00:00,16659.238660011568
2026-06-27 00:00:00+00:00,16744.9677045763
2026-06-27 04:00:00+00:00,16754.23570939411
2026-06-27 08:00:00+00:00,16638.385649171498
2026-06-27 12:00:00+00:00,16877.036773230077
2026-06-27 16:00:00+00:00,16565.970999069166
2026-06-27 20:00:00+00:00,16504.52649038596
2026-06-28 00:00:00+00:00,16551.59822369187
2026-06-28 04:00:00+00:00,16558.450301871915
2026-06-28 08:00:00+00:00,16591.822181535597
2026-06-28 12:00:00+00:00,16608.89565896139
2026-06-28 16:00:00+00:00,16297.867650366607
2026-06-28 20:00:00+00:00,16445.317965552284
2026-06-29 00:00:00+00:00,16744.826418273187
2026-06-29 04:00:00+00:00,16754.04206297229
2026-06-29 08:00:00+00:00,16707.963839476764
2026-06-29 12:00:00+00:00,17030.51140394543
2026-06-29 16:00:00+00:00,17505.11710594932
2026-06-29 20:00:00+00:00,17316.196389617675
2026-06-30 00:00:00+00:00,17092.717005664384
2026-06-30 04:00:00+00:00,17085.805272140056
2026-06-30 08:00:00+00:00,16910.70802285707
2026-06-30 12:00:00+00:00,16848.502421138113
2026-06-30 16:00:00+00:00,16992.150810948417
2026-06-30 20:00:00+00:00,16918.239496106584
2026-07-01 00:00:00+00:00,17314.867749254034
2026-07-01 04:00:00+00:00,17174.935723193554
2026-07-01 08:00:00+00:00,17168.053820272547
2026-07-01 12:00:00+00:00,17762.1914391195
2026-07-01 16:00:00+00:00,17663.55083058506
2026-07-01 20:00:00+00:00,17769.073342040505
2026-07-02 00:00:00+00:00,18058.113264722804
2026-07-02 04:00:00+00:00,17890.653626978296
2026-07-02 08:00:00+00:00,18897.70542108568
2026-07-02 12:00:00+00:00,18549.02233975465
2026-07-02 16:00:00+00:00,18559.093537664114
2026-07-02 20:00:00+00:00,18563.6783209396
2026-07-03 00:00:00+00:00,18627.6469637833
2026-07-03 04:00:00+00:00,18751.436112221443
2026-07-03 08:00:00+00:00,19021.829163968607
2026-07-03 12:00:00+00:00,18898.4766615567
2026-07-03 16:00:00+00:00,19052.83103183142
2026-07-03 20:00:00+00:00,19192.88524474689
2026-07-04 00:00:00+00:00,19146.05495843299
2026-07-04 04:00:00+00:00,19192.66692173377
2026-07-04 08:00:00+00:00,19193.212729266565
2026-07-04 12:00:00+00:00,19551.80827831357
2026-07-04 16:00:00+00:00,19570.802380454872
2026-07-04 20:00:00+00:00,19437.734503959196
2026-07-05 00:00:00+00:00,19229.7818339639
2026-07-05 04:00:00+00:00,19322.67827604579
2026-07-05 08:00:00+00:00,19178.770407233682
2026-07-05 12:00:00+00:00,19212.180531956245
2026-07-05 16:00:00+00:00,19221.94724989392
2026-07-05 20:00:00+00:00,19238.282739279402
2026-07-06 00:00:00+00:00,19103.41276176446
2026-07-06 04:00:00+00:00,18995.74697164959
2026-07-06 08:00:00+00:00,18859.842579891607
2026-07-06 12:00:00+00:00,19169.914666134395
2026-07-06 16:00:00+00:00,19191.886686315363
2026-07-06 20:00:00+00:00,19290.015224547424
2026-07-07 00:00:00+00:00,18964.661877915325
2026-07-07 04:00:00+00:00,19043.16935665875
2026-07-07 08:00:00+00:00,19001.1108231103
2026-07-07 12:00:00+00:00,19134.13780473315
2026-07-07 16:00:00+00:00,18942.148476589067
2026-07-07 20:00:00+00:00,18776.84249982532
2026-07-08 00:00:00+00:00,18597.025273510695
2026-07-08 04:00:00+00:00,18633.39342712681
2026-07-08 08:00:00+00:00,18457.241046918352
2026-07-08 12:00:00+00:00,18275.607613683856
2026-07-08 16:00:00+00:00,18452.38315672579
2026-07-08 20:00:00+00:00,18454.945305773464
2026-07-09 00:00:00+00:00,18293.30685221244
2026-07-09 04:00:00+00:00,18532.292041978733
2026-07-09 08:00:00+00:00,18437.174238909258
2026-07-09 12:00:00+00:00,18463.966381969934
2026-07-09 16:00:00+00:00,18576.769663881707
2026-07-09 20:00:00+00:00,18571.304902659962
2026-07-10 00:00:00+00:00,18782.456662058354
2026-07-10 04:00:00+00:00,18798.46626511647
2026-07-10 08:00:00+00:00,18924.91824462893
2026-07-10 12:00:00+00:00,18794.399477766976
2026-07-10 16:00:00+00:00,18810.873735171655
2026-07-10 20:00:00+00:00,18854.63020229109
2026-07-11 00:00:00+00:00,18850.957597137178
2026-07-11 04:00:00+00:00,18887.683648676273
2026-07-11 08:00:00+00:00,18892.72036431592
2026-07-11 12:00:00+00:00,19043.297175626198
2026-07-11 16:00:00+00:00,19143.506830540013
2026-07-11 20:00:00+00:00,18759.247399865275
2026-07-12 00:00:00+00:00,19008.669755603627
2026-07-12 04:00:00+00:00,18874.8819964255
2026-07-12 08:00:00+00:00,18927.242852762665
2026-07-12 12:00:00+00:00,19107.305436880048
2026-07-12 16:00:00+00:00,19112.23722094387
2026-07-12 20:00:00+00:00,18961.612091768122
2026-07-13 00:00:00+00:00,18648.86571147243
2026-07-14 00:00:00+00:00,18646.94027809224
2026-07-14 04:00:00+00:00,18595.4875847426
2026-07-14 08:00:00+00:00,18771.711517030457
2026-07-14 12:00:00+00:00,19576.933785831552
2026-07-14 16:00:00+00:00,19592.80229158259
2026-07-14 20:00:00+00:00,19750.75656264392
2026-07-15 00:00:00+00:00,19585.912019348587
2026-07-15 04:00:00+00:00,19522.855588601036
2026-07-15 08:00:00+00:00,19675.06796613403
2026-07-15 12:00:00+00:00,20169.184003763432
2026-07-15 16:00:00+00:00,20087.753513725205
2026-07-15 20:00:00+00:00,20022.087131373864
2026-07-16 00:00:00+00:00,20030.856568762596
2026-07-16 04:00:00+00:00,19946.607330992276
2026-07-16 08:00:00+00:00,19681.749442239732
2026-07-16 12:00:00+00:00,19646.462896556503
2026-07-16 16:00:00+00:00,19483.160751112024
2026-07-16 20:00:00+00:00,19347.122836501705
2026-07-17 00:00:00+00:00,19267.495800325498
2026-07-17 04:00:00+00:00,19043.79703977206
2026-07-17 08:00:00+00:00,19183.257530368042
2026-07-17 12:00:00+00:00,19235.649726264965
2026-07-17 16:00:00+00:00,19446.826693929015
2026-07-17 20:00:00+00:00,19383.24357523686
2026-07-18 00:00:00+00:00,19407.851043300005
2026-07-18 04:00:00+00:00,19401.831907762884
2026-07-18 08:00:00+00:00,19421.631415031763
2026-07-18 12:00:00+00:00,19440.04672259453
2026-07-18 16:00:00+00:00,19572.097952434837
2026-07-18 20:00:00+00:00,19592.303752710897
2026-07-19 00:00:00+00:00,19526.77678045889
2026-07-19 04:00:00+00:00,19532.56534384716
2026-07-19 08:00:00+00:00,19484.848985306253
2026-07-19 12:00:00+00:00,19523.27558730199
2026-07-19 16:00:00+00:00,19438.737062911365
2026-07-19 20:00:00+00:00,19566.825736230494
2026-07-20 00:00:00+00:00,19664.173127953036
2026-07-20 04:00:00+00:00,19525.83736076837
2026-07-20 08:00:00+00:00,19761.520519675574
2026-07-20 12:00:00+00:00,19920.350474591298
2026-07-20 16:00:00+00:00,19887.047419528324
2026-07-20 20:00:00+00:00,19943.40643578874
2026-07-21 00:00:00+00:00,20030.50673364575
2026-07-21 04:00:00+00:00,20081.25190857461
2026-07-21 08:00:00+00:00,20097.968288234606
2026-07-21 12:00:00+00:00,20057.682851538466
2026-07-21 16:00:00+00:00,19960.380861419064
2026-07-21 20:00:00+00:00,19989.886476694366
2026-07-22 00:00:00+00:00,19882.97645906399
2026-07-22 04:00:00+00:00,19773.23491664472
2026-07-22 08:00:00+00:00,19826.496226624848
2026-07-22 12:00:00+00:00,19960.76625761878
2026-07-22 16:00:00+00:00,19776.879381959952
2026-07-22 20:00:00+00:00,19870.569231457634
2026-07-23 00:00:00+00:00,19729.82899701484
2026-07-23 04:00:00+00:00,19590.614907085564
2026-07-23 08:00:00+00:00,19720.101864091965
2026-07-23 12:00:00+00:00,19395.11499160532
2026-07-23 16:00:00+00:00,19332.247643670198
2026-07-23 20:00:00+00:00,19411.168131559913
2026-07-24 00:00:00+00:00,19517.62750681552
2026-07-24 04:00:00+00:00,19531.35032578439
2026-07-24 08:00:00+00:00,19404.131296588785
2026-07-24 12:00:00+00:00,19106.763532716916
2026-07-24 16:00:00+00:00,19144.731203002582
2026-07-24 20:00:00+00:00,19094.943365880903
2026-07-25 00:00:00+00:00,19067.246342561386
2026-07-25 04:00:00+00:00,19039.344156106174
2026-07-25 08:00:00+00:00,19057.09076734423
2026-07-25 12:00:00+00:00,19161.00589557634
2026-07-25 16:00:00+00:00,19231.58201425718
2026-07-25 20:00:00+00:00,19191.902056995463
2026-07-26 00:00:00+00:00,19323.247602474094
2026-07-26 04:00:00+00:00,19292.12116111866
2026-07-26 08:00:00+00:00,19283.243173782605
2026-07-26 12:00:00+00:00,19549.92849356065
2026-07-26 16:00:00+00:00,19545.537844060622
2026-07-26 20:00:00+00:00,19959.27997834196
2026-07-27 00:00:00+00:00,19907.409049364935
2026-07-27 04:00:00+00:00,20057.712213644823
2026-07-27 08:00:00+00:00,20009.823501656192
2026-07-27 12:00:00+00:00,19683.894357375335
2026-07-27 16:00:00+00:00,19893.828668353228
2026-07-27 20:00:00+00:00,19324.26953088499
2026-07-28 00:00:00+00:00,19168.580978676477
2026-07-28 04:00:00+00:00,19215.98206519262
2026-07-28 08:00:00+00:00,19203.21327104909
2026-07-28 12:00:00+00:00,19343.750469791845
2026-07-28 16:00:00+00:00,19337.8587392417
2026-07-28 20:00:00+00:00,19337.8587392417
2026-07-29 00:00:00+00:00,19040.783483642834
2026-07-29 04:00:00+00:00,19362.807829451154
2026-07-29 08:00:00+00:00,19267.73972361271
2026-07-29 12:00:00+00:00,19034.84801460107
2026-07-29 16:00:00+00:00,18903.15994093279
2026-07-29 20:00:00+00:00,19013.478668846827
2026-07-30 00:00:00+00:00,19065.210259875617
2026-07-30 04:00:00+00:00,18974.819557591407
2026-07-30 08:00:00+00:00,19179.548209260804
2026-07-30 12:00:00+00:00,19166.050191748043
2026-07-30 16:00:00+00:00,19173.310290212135
2026-07-30 20:00:00+00:00,19104.08330735098
2026-07-31 00:00:00+00:00,18949.913820205064
2026-07-31 04:00:00+00:00,18804.056077521134
2026-07-31 08:00:00+00:00,18775.98270389834
2026-07-31 12:00:00+00:00,18656.032834782774
2026-07-31 16:00:00+00:00,18650.928585033176
2026-07-31 20:00:00+00:00,18597.333962662393
2026-08-01 00:00:00+00:00,18638.16796065918
2026-08-01 04:00:00+00:00,18625.407336285185
2026-08-01 08:00:00+00:00,18602.43821241199
2026-08-01 12:00:00+00:00,18608.154811785957
2026-08-01 16:00:00+00:00,18444.25734512684
2026-08-01 20:00:00+00:00,18530.668857185643
2026-08-02 00:00:00+00:00,18716.276116564335
2026-08-02 04:00:00+00:00,18732.629788734128
2026-08-02 08:00:00+00:00,18589.719683873776
2026-08-02 12:00:00+00:00,18580.428383154416
2026-08-02 16:00:00+00:00,18755.97946605701
2026-08-02 20:00:00+00:00,18733.08149872189
2026-08-03 00:00:00+00:00,18547.353541448134
2026-08-03 04:00:00+00:00,18450.673234922062
2026-08-03 08:00:00+00:00,18432.863704772524
2026-08-03 12:00:00+00:00,18641.781269814328
2026-08-03 16:00:00+00:00,18663.33200063435
2026-08-03 20:00:00+00:00,18564.97008014777
2026-08-04 00:00:00+00:00,18642.205720789592
2026-08-04 04:00:00+00:00,18609.107996630184
2026-08-04 08:00:00+00:00,18678.115483171616
2026-08-04 12:00:00+00:00,18741.12867775212
2026-08-04 16:00:00+00:00,18773.967022522444
2026-08-04 20:00:00+00:00,18735.797117269907
2026-08-05 00:00:00+00:00,18758.463676482435
2026-08-05 04:00:00+00:00,18752.24428434684
2026-08-05 08:00:00+00:00,18726.371475945907
2026-08-05 12:00:00+00:00,18817.03999807699
2026-08-05 16:00:00+00:00,18953.393571901146
2026-08-05 20:00:00+00:00,18847.082982680527
2026-08-06 00:00:00+00:00,18749.633818743674
2026-08-06 04:00:00+00:00,18851.3284883029
2026-08-06 08:00:00+00:00,18835.92618883568
2026-08-06 12:00:00+00:00,18864.756133992276
2026-08-06 16:00:00+00:00,18858.53597459205
2026-08-06 20:00:00+00:00,18799.69129201215
2026-08-07 00:00:00+00:00,18733.836588520884
2026-08-07 04:00:00+00:00,18782.511804144862
2026-08-07 08:00:00+00:00,18920.44137052762
2026-08-07 12:00:00+00:00,18856.431838590655
2026-08-07 16:00:00+00:00,18867.21151741237
2026-08-07 20:00:00+00:00,18775.449883444948
2026-08-08 00:00:00+00:00,19073.675193839066
2026-08-08 04:00:00+00:00,19071.126259562192
2026-08-08 08:00:00+00:00,19269.94313315827
2026-08-08 12:00:00+00:00,19473.857875308095
2026-08-08 16:00:00+00:00,19412.683452663146
2026-08-08 20:00:00+00:00,19374.449438510055
2026-08-09 00:00:00+00:00,19369.351569956307
2026-08-09 04:00:00+00:00,19463.6621382006
2026-08-09 08:00:00+00:00,19499.347218076822
2026-08-09 12:00:00+00:00,19736.398105825992
2026-08-09 16:00:00+00:00,19685.419420288537
2026-08-09 20:00:00+00:00,19440.721729708748
2026-08-10 00:00:00+00:00,19535.03229795304
2026-08-10 04:00:00+00:00,19621.696063366715
2026-08-10 08:00:00+00:00,19639.538603304823
2026-08-10 12:00:00+00:00,19361.70476712569
2026-08-10 16:00:00+00:00,19276.888700284675
2026-08-10 20:00:00+00:00,19200.92549323365
2026-08-11 00:00:00+00:00,19223.66642354542
2026-08-11 04:00:00+00:00,19125.122392194437
2026-08-11 08:00:00+00:00,19264.094744099664
2026-08-11 12:00:00+00:00,18933.087869561754
2026-08-11 16:00:00+00:00,19100.969376240046
2026-08-11 20:00:00+00:00,19107.972760516364
2026-08-12 00:00:00+00:00,19148.876584622984
2026-08-12 04:00:00+00:00,19084.65452873656
2026-08-12 08:00:00+00:00,19227.28273224226
2026-08-12 12:00:00+00:00,18969.083050433605
2026-08-12 16:00:00+00:00,18835.089316245627
2026-08-12 20:00:00+00:00,18776.363966214307
2026-08-13 00:00:00+00:00,18829.588078373865
2026-08-13 04:00:00+00:00,18909.89355012034
2026-08-13 08:00:00+00:00,18693.22043363667
2026-08-13 12:00:00+00:00,18650.784294803234
2026-08-13 16:00:00+00:00,18643.165149150762
2026-08-13 20:00:00+00:00,18638.74236860035
2026-08-14 00:00:00+00:00,18511.682247576857
2026-08-14 04:00:00+00:00,18391.538919434388
2026-08-14 08:00:00+00:00,18351.232737336402
2026-08-14 12:00:00+00:00,18358.34243440634
2026-08-14 16:00:00+00:00,18351.80525811058
2026-08-14 20:00:00+00:00,18364.586901315724
2026-08-15 00:00:00+00:00,18369.27025149776
2026-08-15 04:00:00+00:00,18347.02433813308
2026-08-15 08:00:00+00:00,18338.1454867463
2026-08-15 12:00:00+00:00,18333.938893848986
2026-08-15 16:00:00+00:00,18304.84640725492
2026-08-15 20:00:00+00:00,18226.022883133686
2026-08-16 00:00:00+00:00,18212.27305172084
2026-08-16 04:00:00+00:00,18157.91970985701
2026-08-16 08:00:00+00:00,18114.61209692771
2026-08-16 12:00:00+00:00,18119.27486675969
2026-08-16 16:00:00+00:00,18084.20461301441
2026-08-16 20:00:00+00:00,17964.739051017303
2026-08-17 00:00:00+00:00,18092.520708109405
2026-08-17 04:00:00+00:00,18073.017032689866
2026-08-17 08:00:00+00:00,18106.57836852306
2026-08-17 12:00:00+00:00,18189.863723168608
2026-08-17 16:00:00+00:00,18195.177484940432
2026-08-17 20:00:00+00:00,18255.64040200398
2026-08-18 00:00:00+00:00,18153.571973061546
2026-08-18 04:00:00+00:00,18159.317338138917
2026-08-18 08:00:00+00:00,18201.700326754937
2026-08-18 12:00:00+00:00,18349.549196001113
2026-08-18 16:00:00+00:00,18327.576000271656
2026-08-18 20:00:00+00:00,18296.70550428778
2026-08-19 00:00:00+00:00,18284.832236601676
2026-08-19 04:00:00+00:00,18275.33362245279
2026-08-19 08:00:00+00:00,18415.43818114883
2026-08-19 12:00:00+00:00,19431.789895079415
2026-08-19 16:00:00+00:00,19555.22098203185
2026-08-19 20:00:00+00:00,20957.936569738325
2026-08-20 00:00:00+00:00,20943.14470221973
2026-08-20 04:00:00+00:00,20948.7265390192
2026-08-20 08:00:00+00:00,21365.22459487289
2026-08-20 12:00:00+00:00,21642.734914419805
2026-08-20 16:00:00+00:00,21618.174832502144
2026-08-20 20:00:00+00:00,21646.54916956611
2026-08-21 00:00:00+00:00,22047.749771721927
2026-08-21 04:00:00+00:00,22583.310421709135
2026-08-21 08:00:00+00:00,22708.090250572648
2026-08-21 12:00:00+00:00,22850.82362896849
2026-08-21 16:00:00+00:00,22795.207635260707
2026-08-21 20:00:00+00:00,23186.44376398485
2026-08-22 00:00:00+00:00,23141.298540036554
2026-08-22 04:00:00+00:00,22550.298583861015
2026-08-22 08:00:00+00:00,22273.373468920527
2026-08-22 12:00:00+00:00,22218.46590302715
2026-08-22 16:00:00+00:00,22557.46044028189
2026-08-22 20:00:00+00:00,22397.51231354902
2026-08-23 00:00:00+00:00,22368.864887865522
2026-08-23 04:00:00+00:00,22070.493011130824
2026-08-23 08:00:00+00:00,22448.417331083903
2026-08-23 12:00:00+00:00,22592.32952425245
2026-08-23 16:00:00+00:00,22523.62382414724
2026-08-23 20:00:00+00:00,22608.913658760608
2026-08-24 00:00:00+00:00,22189.57197191154
2026-08-24 04:00:00+00:00,22377.22827660666
2026-08-24 08:00:00+00:00,22737.68667623228
2026-08-24 12:00:00+00:00,22681.25679525902
2026-08-24 16:00:00+00:00,22552.130481289507
2026-08-24 20:00:00+00:00,22617.730774170617
2026-08-25 00:00:00+00:00,23181.693841174078
2026-08-25 04:00:00+00:00,22866.85536562226
2026-08-25 08:00:00+00:00,22494.98093435453
2026-08-25 12:00:00+00:00,22444.78929332453
2026-08-25 16:00:00+00:00,22344.406011264535
2026-08-25 20:00:00+00:00,22038.69328862726
2026-08-26 00:00:00+00:00,22148.321830239813
2026-08-26 04:00:00+00:00,22080.878994593764
2026-08-26 08:00:00+00:00,22092.629009413497
2026-08-26 12:00:00+00:00,21973.873134441554
2026-08-26 16:00:00+00:00,22161.69398201802
2026-08-26 20:00:00+00:00,22484.505457866973
2026-08-27 00:00:00+00:00,22233.09375064626
2026-08-27 04:00:00+00:00,22391.461652312915
2026-08-27 08:00:00+00:00,22864.365803123063
2026-08-27 12:00:00+00:00,23579.220914812817
2026-08-27 16:00:00+00:00,24060.92328238222
2026-08-27 20:00:00+00:00,24005.934427636854
2026-08-28 00:00:00+00:00,23502.236518169302
2026-08-28 04:00:00+00:00,23392.25880867857
2026-08-28 08:00:00+00:00,23280.081544998025
2026-08-28 12:00:00+00:00,23148.108293609148
2026-08-28 16:00:00+00:00,22745.58987687307
2026-08-28 20:00:00+00:00,22777.96250457174
2026-08-29 00:00:00+00:00,22707.37581054865
2026-08-29 04:00:00+00:00,22718.378756248414
2026-08-29 08:00:00+00:00,22713.343509911232
2026-08-29 12:00:00+00:00,23014.73064899805
2026-08-29 16:00:00+00:00,23084.850746186276
2026-08-29 20:00:00+00:00,23141.82332515171
2026-08-30 00:00:00+00:00,23023.495661146575
2026-08-30 04:00:00+00:00,22975.28809432967
2026-08-30 08:00:00+00:00,23034.45192633224
2026-08-30 12:00:00+00:00,23290.828531676692
2026-08-30 16:00:00+00:00,23471.224382295553
2026-08-30 20:00:00+00:00,22656.14390157578
2026-08-31 00:00:00+00:00,22653.18270803046
2026-08-31 04:00:00+00:00,22779.684291663532
2026-08-31 08:00:00+00:00,22811.150908974
2026-08-31 12:00:00+00:00,22891.18215145277
2026-08-31 16:00:00+00:00,22981.473109204515
2026-08-31 20:00:00+00:00,22891.063778878066
2026-09-01 00:00:00+00:00,22901.810269852835
2026-09-01 04:00:00+00:00,22906.534756541918
2026-09-01 08:00:00+00:00,22781.104266796385
2026-09-01 12:00:00+00:00,22686.521896020764
2026-09-01 16:00:00+00:00,22410.556291181805
2026-09-01 20:00:00+00:00,22413.829518732935
2026-09-02 00:00:00+00:00,22446.795214877726
2026-09-02 04:00:00+00:00,22424.7208001303
2026-09-02 08:00:00+00:00,22234.247808679476
2026-09-02 12:00:00+00:00,22371.67161728746
2026-09-02 16:00:00+00:00,22388.16690866016
2026-09-02 20:00:00+00:00,22387.402211295743
2026-09-03 00:00:00+00:00,22370.165806775825
2026-09-03 04:00:00+00:00,22347.909149919018
2026-09-03 08:00:00+00:00,22436.935777346243
2026-09-03 12:00:00+00:00,23407.32601630299
2026-09-03 16:00:00+00:00,23431.808338845476
2026-09-03 20:00:00+00:00,23133.569136964274
2026-09-04 00:00:00+00:00,22986.82139284325
2026-09-04 04:00:00+00:00,22944.809870851717
2026-09-04 08:00:00+00:00,23115.49487114878
2026-09-04 12:00:00+00:00,22464.63805842181
2026-09-04 16:00:00+00:00,22548.77576655257
2026-09-04 20:00:00+00:00,22509.395855044204
2026-09-05 00:00:00+00:00,22469.086029641334
2026-09-05 04:00:00+00:00,22471.568852911245
2026-09-05 08:00:00+00:00,22442.004684624542
2026-09-05 12:00:00+00:00,22544.186816097004
2026-09-05 16:00:00+00:00,22644.918491040225
2026-09-05 20:00:00+00:00,22594.55265356862
2026-09-06 00:00:00+00:00,23201.13252224845
2026-09-06 04:00:00+00:00,23043.465552772104
2026-09-06 08:00:00+00:00,23315.003111314698
2026-09-06 12:00:00+00:00,23159.525960858857
2026-09-06 16:00:00+00:00,23098.211028284724
2026-09-06 20:00:00+00:00,23332.521663478736
2026-09-07 00:00:00+00:00,22982.15062019797
2026-09-07 04:00:00+00:00,22875.74739242748
2026-09-07 08:00:00+00:00,22873.909503228097
2026-09-07 12:00:00+00:00,22701.88307416579
2026-09-07 16:00:00+00:00,22936.673419387043
2026-09-07 20:00:00+00:00,22883.19084368498
2026-09-08 00:00:00+00:00,22845.33032617768
2026-09-08 04:00:00+00:00,22786.425977337436
2026-09-08 08:00:00+00:00,22741.673375332448
2026-09-08 12:00:00+00:00,22960.933556818905
2026-09-08 16:00:00+00:00,22811.145587069146
2026-09-08 20:00:00+00:00,22836.3246691007
2026-09-09 00:00:00+00:00,22871.612141728867
2026-09-09 04:00:00+00:00,23070.3798586422
2026-09-09 08:00:00+00:00,22965.407665516384
2026-09-09 12:00:00+00:00,22707.666399630016
2026-09-09 16:00:00+00:00,22450.346359357765
2026-09-09 20:00:00+00:00,22438.713673121543
2026-09-10 00:00:00+00:00,22440.431069900802
2026-09-10 04:00:00+00:00,22378.053964976974
2026-09-10 08:00:00+00:00,22300.914412901056
2026-09-10 12:00:00+00:00,22081.2597373879
2026-09-10 16:00:00+00:00,22021.823324781453
2026-09-10 20:00:00+00:00,21777.026239432427
2026-09-11 00:00:00+00:00,21857.40832843606
2026-09-11 04:00:00+00:00,22038.268028694238
2026-09-11 08:00:00+00:00,21955.653103884946
2026-09-11 12:00:00+00:00,22859.05847085357
2026-09-11 16:00:00+00:00,22681.05680042663
2026-09-11 20:00:00+00:00,22475.100025712876
2026-09-12 00:00:00+00:00,22266.29918997753
2026-09-12 04:00:00+00:00,22333.777912340407
2026-09-12 08:00:00+00:00,22439.775741105215
2026-09-12 12:00:00+00:00,22430.131531309416
2026-09-12 16:00:00+00:00,22225.460447103116
2026-09-12 20:00:00+00:00,22237.818004842884
2026-09-13 00:00:00+00:00,22160.843731195753
2026-09-13 04:00:00+00:00,22135.525291185815
2026-09-13 08:00:00+00:00,22007.167393278465
2026-09-13 12:00:00+00:00,21972.268944638174
