entry_index,exit_index,entry_price,exit_price,qty,gross_pnl,commission_paid,slippage_paid,net_pnl
7,8,60174.77734375,60204.19921875,1.660663377196578,48.859830300955565,99.95447888087449,39.98179155234979,-91.07644013226871
8,9,2422.89,2406.86,41.20659057344889,-660.5416468923753,99.5087654110574,39.803506164422956,-799.8539184678557
9,16,60014.4453125,57875.87109375,1.6502650537952417,-3529.214298150586,97.27513467304911,38.910053869219645,-3665.3994866928547
16,21,131.47,131.96,725.4651731975572,355.4779348668096,95.55464528771626,38.221858115086505,221.70143146400687
21,31,59092.84765625,62119.37109375,1.61776689499565,4896.209424115937,98.04655738136051,39.21862295254421,4758.944243782032
31,37,138.01,144.65,727.1506990969166,4828.280642003537,102.76820830336722,41.107283321346884,4684.405150378823
37,38,2520.56,2561.0,41.67137316425394,1685.1903307624318,105.87779150827313,42.35111660330925,1536.9614226508495
38,40,151.05,147.88,705.5351383325468,-2236.5463885141844,105.45280945087411,42.181123780349644,-2384.180321745408
40,46,2560.27,2560.0,40.69436820420497,-10.987479415134601,104.18307634247229,41.67323053698892,-156.84378629459582
46,47,63208.37890625,63245.06640625,1.6458551510083006,60.38231085261703,104.06202716516228,41.62481086606492,-85.30452717861016
47,54,2572.06,2580.99,40.41375051668951,360.89479211403074,104.12703855001344,41.65081542000537,215.11693814401195
54,55,63614.1796875,64370.69140625,1.6373952808519001,1238.7087181904099,104.7809119746725,41.912364789869,1092.0154414258682
55,61,2676.71,2627.39,39.321708059859844,-1939.346641512294,104.2831358601513,41.71325434406052,-2085.3430317165057
61,72,146.64,147.97,703.5524063571321,935.7247004549945,103.63678721843735,41.454714887374934,790.6331983491822
72,74,63139.6015625,63855.55859375,1.646494473164414,1178.8192949763265,104.5484146579476,41.819365863179044,1032.4515144552
74,83,151.82,157.59,691.5474529996173,3990.228803807799,106.98584871630581,42.79433948652232,3840.4486156049707
83,89,2701.38,2678.33,40.28625979924313,-928.5982883725616,108.36419735229313,43.34567894091725,-1080.308164665772
89,94,65741.890625,65759.5859375,1.638969354154442,29.002074899686022,107.76344505599806,43.10537802239922,-121.86674817871126
94,101,157.27,155.07,684.3464266383944,-1505.5621386044793,106.87438144811804,42.74975257924722,-1655.1862726318445
101,105,2595.31,2628.86,40.832553361527275,1369.9321652792476,106.65810014734498,42.66324005893799,1220.6108250729644
105,106,156.47,149.6,685.0699243297867,-4706.430380145637,104.8396758698089,41.93587034792356,-4853.20592636337
106,123,62624.546875,61433.9296875,1.6342326628811938,-1945.7454968002426,101.37020725285927,40.548082901143715,-2087.6637869542456
123,130,140.11,142.89,715.5583224374872,1989.2521363761948,101.25150262490443,40.50060104996177,1847.5000327013288
130,133,62166.19921875,61886.52734375,1.6424212116419874,-459.33901979968647,101.8734147341367,40.749365893654684,-601.9618004274779
133,134,142.69,142.96,711.343076053784,192.06263053452895,101.5975748373817,40.639029934952674,49.826025762194575
134,135,2417.39,2426.64,42.0086683133695,388.58018189866783,101.74562478500562,40.698249914002254,246.13630719965994
135,143,144.02,147.1,706.8275158058834,2177.02874868211,102.88581320070439,41.15432528028175,2032.9886102011237
143,144,63346.47265625,62227.6640625,1.6390630920119713,-1833.7978730414404,102.9119664034842,41.16478656139368,-1977.8746260063183
144,145,2422.7,2438.13,42.040852873965484,648.6903598452997,102.17671943767883,40.87068777507153,505.64295263254934
145,149,62608.40625,62208.7265625,1.6348869047902592,-653.4310872044131,102.03094796431141,40.812379185724566,-796.274414354449
149,156,2440.13,2370.47,41.621530859318014,-2899.3558396601056,100.11226817591762,40.04490727036705,-3039.5130151063904
156,157,60580.85546875,60803.86328125,1.6263315941825085,362.68465121827893,98.70590157704146,39.482360630816586,224.4963890104209
157,163,2395.31,2411.18,41.22593676931033,654.2556165289504,99.0760264111612,39.63041056446448,515.5491795533248
163,167,140.83,145.44,704.8504377651549,3249.3605180973536,100.88876740951545,40.35550696380618,3108.1162437240323
167,168,63084.94140625,62512.046875,1.6227332062575197,-929.6549795427113,101.90520174496048,40.76208069798419,-1072.322261985656
168,169,145.52,145.15,696.1136412400991,-257.56204725883987,101.16967604962981,40.46787041985193,-399.1995937283216
169,171,62539.87109375,62916.83984375,1.6133633625902866,608.1875700914571,101.20363050882129,40.48145220352852,466.5024873791073
171,172,146.26,146.08,693.0515034038006,-124.74927061266914,101.30333825253354,40.521335301013416,-266.5739441662161
172,173,2473.1,2472.6,40.87959460389985,-20.439797301949923,101.08910551625374,40.4356422065015,-161.96454502470516
173,174,146.79,146.39,687.6318152854719,-275.0527261141927,100.79994780269732,40.31997912107893,-416.1726530379689
174,178,2476.4,2440.51,40.5918238692423,-1456.8405586671008,99.79317235045808,39.917268940183234,-1596.550999957742
178,179,145.34,146.02,680.6533537482532,462.8442805488168,99.15758057404551,39.66303222961821,324.02366774515303
179,180,62719.62890625,62843.5859375,1.582438499308773,196.15437851002068,99.3480326328644,39.73921305314576,57.067132824010514
180,184,147.74,156.7,672.1739722308365,6022.678791188281,102.31832205297795,40.92732882119118,5879.433140314111
184,186,2635.47,2629.79,39.91026385176333,-226.69029867800919,105.06895792406769,42.02758316962708,-373.78683977170397
186,187,157.59,155.47,665.072515396887,-1409.9537326414033,104.10380083507471,41.64152033402989,-1555.6990538105078
187,190,2612.33,2573.42,39.52569808376556,-1537.9449124393122,102.48519441894362,40.99407776757745,-1681.4241846258333
190,199,66047.890625,67584.046875,1.5378828589826017,2362.428365593992,102.75513304694218,41.102053218776874,2218.571179328273
199,205,2640.8,2609.98,39.30283934034662,-1211.3135084694893,103.18528137575262,41.27411255030105,-1355.7729023955428
205,209,67527.6171875,68606.953125,1.5169514025695756,1637.300164234373,103.2547636868767,41.30190547475068,1492.7434950727456
209,212,154.84,154.56,671.194865088597,-187.93456222480793,103.83384562920597,41.53353825168239,-333.3019461056963
212,214,68331.7734375,68218.609375,1.5160552536679688,-171.56297147953538,103.50896262663147,41.40358505065259,-316.4755191568194
214,220,156.51,160.02,659.8842883592953,2316.1938521411394,104.43658689718387,41.77463475887355,2169.9826304850817
220,221,2706.58,2699.87,38.95948195741665,-261.41812393426716,105.31624561433762,42.12649824573505,-408.8608677943398
221,235,160.38,165.51,654.9344046072839,3359.8134956353633,106.71828655873387,42.68731462349355,3210.407894453136
235,237,67029.3515625,66347.140625,1.6149125639520865,-1101.7110142342817,107.69568648472553,43.078274593890214,-1252.4849753128974
237,245,166.41,177.41,642.9597568819432,7072.557325701376,110.53121180557486,44.212484722229945,6917.813629173571
245,246,68247.0546875,68160.875,1.6690523600072373,-143.8384108065612,113.83598848431157,45.53439539372464,-303.2087946845974
246,247,177.19,174.69,641.1474179847518,-1602.8685449618795,112.80347672023723,45.12139068809489,-1760.7934123702116
247,254,67967.2109375,66935.5703125,1.6455780328605802,-1697.6451503065596,110.99652669839809,44.39861067935924,-1853.040287684317
254,255,2465.62,2472.98,44.610931614244635,328.3364566808462,110.15777343505428,44.063109374021714,174.1155738717702
255,257,67049.171875,67085.6953125,1.6430866467721137,60.01117245046587,110.1976045711661,44.079041828466444,-94.26547394916668
257,266,171.52,175.69,641.7525620957655,2676.108183939334,111.41145354263537,44.56458141705415,2520.1321489796446
266,271,68332.6171875,70872.6484375,1.647701688817186,4185.213780273428,114.68437563127874,45.8737502525115,4024.6556543896377
271,275,2607.75,2624.74,44.71809380012478,759.7604136641102,116.99348931410745,46.79739572564298,595.9695286243597
275,278,72520.765625,72238.3671875,1.6162151728393384,-456.4166394736216,116.98095342931371,46.79238137172549,-620.1899742746608
278,284,2668.6,2646.79,43.689352321096216,-952.864774123106,116.11297321701579,46.445189286806325,-1115.422936626928
284,286,72404.9765625,70564.671875,1.594845663925508,-2935.001951161162,114.00726194175058,45.60290477670023,-3094.612117879613
286,287,170.65,168.69,658.5544419140629,-1290.7667061515685,111.73693215955905,44.694772863823616,-1447.1984111749512
287,289,69967.2734375,69284.2265625,1.5855431258274337,-1083.0002772741605,110.39462929307945,44.15785171723178,-1237.5527582844718
289,290,167.14,165.96,656.3326693453763,-774.4725498275299,109.31220607947242,43.72488243178897,-927.5096383387912
290,293,69204.7109375,69233.0234375,1.5717511141238185,44.50020341863061,108.79483162034175,43.5179326481367,-107.81256084984784
293,295,2514.5,2506.71,43.215289072890826,-336.647101877818,108.49652082284507,43.39860832913803,-488.5422310298011
295,296,69569.6875,69776.078125,1.554939338819046,320.9249019759497,108.33710633408563,43.33484253363425,169.2529531082298
296,297,167.63,166.03,646.3388322019606,-1034.1421315231332,107.82870737625308,43.13148295050124,-1185.1023218498876
297,300,69591.828125,69346.71875,1.5398575953345262,-377.4335327814486,106.97278834510541,42.789115338042166,-527.1954364645962
300,301,166.16,161.95,641.7590181372894,-2701.8054663579937,105.28377572051302,42.11351028820521,-2849.202752366712
301,303,68377.8203125,68328.859375,1.5178528399090552,-74.31549802898476,103.75031099910473,41.50012439964189,-219.56593342773138
303,304,163.62,159.99,632.9791981624059,-2297.7144893295304,102.41919915866808,40.96767966346724,-2441.1013681516656
304,305,2442.63,2452.89,41.4015477623856,424.77988004206645,101.34105255085697,40.536421020342786,282.9024064708667
305,307,68649.34375,69025.6796875,1.4772372405110938,555.9374618176555,101.68933585505634,40.67573434202254,413.5723916205766
307,310,2473.77,2442.6,41.161728947154614,-1283.0110912828122,101.18314467196126,40.47325786878451,-1424.6674938235578
310,312,163.04,157.95,615.8058101902972,-3134.4515738686146,98.83375350649175,39.5335014025967,-3272.818828777703
312,314,67785.1953125,68863.7890625,1.4329153938036618,1545.5335880354185,97.90321662928679,39.16128665171472,1408.4690847544168
314,315,162.04,162.38,608.1086995885661,206.75695786011454,98.6413121602613,39.45652486410452,68.65912083574872
315,316,68788.28125,69587.5546875,1.4334788278258055,1145.7415502998022,99.17941554955175,39.6717662198207,1006.8903685304297
316,324,165.95,186.59,600.2574920922293,12389.314636783622,105.80738813109727,42.3229552524389,12241.184293400085
324,331,2721.88,2902.42,41.09121352560902,7418.607689913451,115.55465611604141,46.221862446416566,7256.831171350993
331,335,198.16,199.54,601.0148729005634,829.4005246027748,119.51180747627703,47.80472299051081,662.083994135987
335,346,2949.96,3209.52,40.59672947209792,10537.287101777734,125.02737162439885,50.01094864975954,10362.248781503575
346,349,212.23,210.0,613.0788689384945,-1367.1658777328364,129.43014541595028,51.772058166380106,-1548.3680813151666
349,351,81701.078125,82201.765625,1.573619912044322,787.8918197116915,128.96038928284463,51.584155713137854,607.347274715709
351,352,217.62,219.0,593.5730438470921,819.1308005089844,129.5829312022587,51.83317248090347,637.7146968258222
352,367,84103.9375,90017.96875,1.5434548996092348,9128.040509254628,134.3746546654312,53.74986186617247,8939.915992723025
367,369,219.44,216.03,632.2652973014335,-2156.024663797886,137.66628450792763,55.06651380317105,-2348.757462108985
369,370,91539.0546875,87948.4140625,1.4900435974950101,-5350.211074186732,133.72207682076163,53.48883072830465,-5537.421981735798
370,373,210.84,209.01,620.6774514326866,-1135.8397361218242,130.2957139920067,52.11828559680269,-1318.2537357106337
373,375,88238.546875,89745.5625,1.4681373033034721,2212.5058557236966,130.65255518434137,52.26102207373655,2029.5922784656186
375,376,213.57,208.32,616.0718959318011,-3234.377453641956,129.95728608733378,51.98291443493352,-3416.3176541642233
376,379,88442.03125,91251.3125,1.4490909480273135,4070.9040298378563,130.19599892444273,52.07839956977709,3888.6296313436364
379,381,221.34,218.9,596.5774663604461,-1455.6490179194873,131.3186318952614,52.527452758104566,-1639.4951025728533
381,385,3195.34,3080.67,40.81196622125641,-4679.9081665914755,128.06815406213374,51.2272616248535,-4859.203582278463
385,395,221.37,236.29,567.1604265542503,8462.033564189407,129.7833204084091,51.913328163363644,8280.336915617634
395,398,3127.17,3118.09,42.794874714396094,-388.57746240671344,133.63255962941466,53.45302385176586,-575.663045887894
398,399,243.32,246.07,547.6392733724507,1506.0080017742393,134.00459199787184,53.601836799148735,1318.4015729772188
399,400,3126.51,3104.35,43.041303988928775,-953.795296394675,134.0921696862284,53.63686787449136,-1141.5243339553947
400,401,92488.53125,93338.3203125,1.4426474256347157,1225.9460033481635,134.04131451022252,53.61652580408901,1038.288163033852
401,402,243.54,237.64,552.1306700265808,-3257.57095315683,132.83711790169508,53.13484716067803,-3443.542918219203
402,412,92381.0625,96698.8359375,1.4183076672661272,6123.931171924272,134.08673483990344,53.63469393596138,5936.209743148408
412,415,3277.03,3365.8,41.7929730753083,3709.9622198951174,138.81180766692515,55.524723066770065,3515.625689161422
415,419,262.48,254.04,535.1645574124054,-4516.788864560715,138.21159859732785,55.28463943893114,-4710.285102596974
419,422,99192.0859375,98678.1015625,1.368687849811938,-703.4841690556827,135.41126073562998,54.164504294252005,-893.0599340855647
422,423,258.27,256.13,522.2076415794822,-1117.5243529800848,134.31180541424283,53.72472216569713,-1305.5608805600248
423,430,3354.65,3294.39,39.815158053302696,-2399.261424292029,132.36628925136588,52.94651570054636,-2584.5742292439413
430,435,95966.265625,98275.71875,1.3648874718383415,3152.1436371104073,132.5592254892282,53.02369019569127,2966.560721425488
435,442,3471.84,3296.33,38.58116711950764,-6771.380641144794,130.561948931619,52.224779572647606,-6954.167369649061
442,446,92865.5234375,93582.7890625,1.367550967179059,980.8972991930423,127.48878504413923,50.995514017655694,802.4130001312474
446,456,3424.12,3578.8,37.323513223392055,5773.2010253942935,130.68678861117834,52.27471544447134,5590.2395213386435
456,459,95675.8984375,97281.3203125,1.3941496172789065,2238.1982926024343,134.50561633575737,53.80224653430295,2049.8904297323743
459,461,245.22,241.14,552.29986828004,-2253.38346258257,134.3082819683401,53.723312787336056,-2441.415057338246
461,462,97419.59375,97486.3046875,1.3651798505613941,91.0724276870605,133.04080265122025,53.216321060488106,-95.18469602464785
462,463,243.33,242.89,546.172474927183,-240.3158889679748,132.77999037954746,53.111996151818985,-426.2078754993412
463,474,3657.12,3707.61,36.22365101100024,1828.9321395454108,133.3887046551219,53.35548186204876,1642.1879530282401
474,481,97280.265625,96095.375,1.378648351227912,-1633.5475065416601,133.29850405764876,53.3194016230595,-1820.1654122223686
481,482,227.95,226.92,580.3745804923386,-597.7858179071094,131.99749271427504,52.79899708571001,-782.5823077070944
482,483,95581.234375,95004.8671875,1.3759432131202776,-793.0485199058475,131.1178264799869,52.447130591994764,-976.6134769778291
483,484,3613.81,3571.8,36.12210393302083,-1517.4895862261965,129.77967562107693,51.911870248430766,-1699.181132095704
484,485,95707.1953125,95470.4765625,1.3461937470446697,-318.6693010582304,128.68109322634132,51.472437290536526,-498.82283157510824
485,490,228.16,233.73,562.5085640648019,3133.172701840943,129.90854032794567,51.96341613117828,2951.300745381819
490,493,3820.99,3832.67,34.360516582616306,401.33083368496847,131.49185567385354,52.59674226954142,217.2422357415735
493,498,103041.3515625,97060.8203125,1.2762670377998213,-7632.754902906762,127.69190307810848,51.076761231243395,-7811.523567216114
498,501,235.84,234.12,524.5175593787048,-902.1702021313718,123.25113610280806,49.30045444112322,-1074.721792675303
501,508,3867.01,4004.72,31.711387141540367,4366.975123261511,124.81173875183879,49.92469550073551,4192.2386890089365
508,513,240.85,235.95,526.541653995826,-2580.0541045795503,125.52753031260491,50.21101212504197,-2755.7926470171974
513,529,99763.9609375,97408.84375,1.243572240491332,-2928.7583574790197,122.59931324459711,49.03972529783884,-3100.3973960214553
529,535,219.39,230.37,551.3718209004984,6054.062593487482,123.99249508410408,49.59699803364163,5880.473100369737
535,542,3935.0,3885.64,32.23426262667753,-1591.083203252807,126.04628183434966,50.41851273373987,-1767.5479978208964
542,544,100171.4765625,99893.921875,1.24861403813113,-346.55867916159883,124.90223251668016,49.960893006672066,-521.4218046849511
544,545,3886.2,3917.99,32.050448971108366,1018.8837727915338,125.0638966779171,50.02555867116684,843.7943174424498
545,560,101523.453125,104958.6015625,1.235159512469662,4242.956269323421,127.5191370007733,51.00765480030932,4064.4294775223384
560,561,3974.0,3909.68,32.57655894141343,-2095.3242711117173,128.4115830976211,51.364633239048445,-2275.100487448387
561,563,103720.0859375,106600.90625,1.2262401737566087,3532.5776005615676,128.95202500233117,51.58081000093247,3352.044765558304
563,564,4056.89,3986.24,32.17623257658595,-2273.2508315358004,129.39881076185787,51.75952430474316,-2454.4091666024015
564,565,106052.015625,106864.03125,1.207735120740387,980.6997889024558,128.57309379007202,51.429237516028806,800.697457596355
565,566,4035.01,3994.23,31.94115535204724,-1302.560315256493,128.2316010994359,51.29264043977436,-1482.0845567957033
566,567,106808.8125,106800.5234375,1.1928026391431397,-9.887215626022432,127.39688982593175,50.9587559303727,-188.2428613823269
567,575,221.6,211.68,574.0691437282984,-5694.765905784713,124.36633929729857,49.74653571891943,-5868.878780800931
575,578,102733.0234375,101596.8046875,1.1812068286360033,-1342.109346324264,120.67789413763545,48.27115765505418,-1511.0583981169534
578,579,211.82,210.47,565.7584147562017,-763.773859920869,119.4570604836982,47.782824193479286,-931.0137445980465
579,587,102375.171875,97084.1015625,1.161498269013814,-6145.56900919913,115.83580041820463,46.33432016728186,-6307.739129784616
587,592,3479.36,3390.4,32.36378475402956,-2879.082291718471,111.16571697592106,44.46628679036843,-3034.7142954847604
592,599,97477.1328125,94712.4296875,1.1240858597174648,-3107.7636891291863,108.01878479576797,43.207513918307185,-3258.9899878432616
599,602,178.5,182.24,595.6075985977185,2227.5724187554724,107.42974255907049,42.971897023628195,2077.170779172774
602,603,95310.0625,95811.0,1.1372532058346079,569.6927777977738,108.67652051532073,43.47060820612829,417.5456490763248
603,604,3339.51,3277.19,32.58230330138196,-2030.5291417421292,107.79366312712702,43.11746525085081,-2181.440270120107
604,611,180.87,195.25,589.5339932985518,8477.498823633172,110.86776277972565,44.347105111890265,8322.283955741555
611,613,97569.4375,97970.984375,1.178088946141031,473.05793479497436,115.18200476734569,46.07280190693828,311.8031281206904
613,614,199.86,198.14,576.6889863832477,-991.9050565792016,114.7611082902663,45.904443316106516,-1152.5706081855747
614,617,98017.0546875,98932.59375,1.1641371678553734,1065.8130512797136,114.63820297107135,45.85528118842855,905.3195671202137
617,618,199.25,197.45,577.214467915438,-1038.986042247795,114.49048971102712,45.79619588441085,-1199.272727843233
618,625,99376.0,96295.2109375,1.1452619234823773,-3528.31040756222,112.04739370420361,44.81895748168145,-3685.1767587481054
625,634,3379.4,3368.39,32.58831448437423,-358.7973424729674,109.94955129725778,43.97982051890312,-512.7267142891283
634,642,190.19,189.94,576.3530254579358,-144.08825636448395,109.54453778366258,43.81781511346503,-297.4506092616116
642,647,3356.48,3401.93,32.5696382437437,1480.290058178145,110.05948440144991,44.02379376057997,1326.206780016115
647,650,196.2,190.07,563.9379126249628,-3456.9394043910193,108.91614875482219,43.566459501928875,-3609.4220126477703
650,652,92728.0,95315.21875,1.154319313178319,2986.4765705420687,108.5309595576702,43.412383823068076,2834.5332271613306
652,653,198.44,193.81,553.6699844499657,-2563.4920280033384,108.58852570024953,43.43541028009981,-2715.515963983688
653,660,93996.1796875,94390.2734375,1.1400107497775294,449.2711114201382,107.38129083748032,42.952516334992126,298.93730424766574
660,674,194.28,216.7,553.0954471704847,12400.39992556226,113.6555834390629,45.46223337562516,12241.282108747571
674,684,3594.05,3636.0,33.30173555782074,1397.0078066505741,120.38660658491094,48.15464263396437,1228.466557431699
684,702,98336.0390625,95038.078125,1.229617453242179,-4055.230328860939,118.88809474952423,47.55523789980969,-4221.673661510274
702,707,3327.29,3195.63,35.07268358238519,-4617.669520456829,114.388154596606,45.755261838642404,-4777.812936892077
707,718,91937.265625,94382.6796875,1.2173792399485175,2976.9963127656665,113.4110167058903,45.36440668235612,2818.22088937742
718,723,3271.33,3253.03,35.074042687293726,-641.8549811774657,114.41784057363586,45.76713622945434,-802.0399579805559
723,727,186.68,185.02,610.3347393480284,-1013.155667317725,113.43071130783109,45.372284523132436,-1171.9586631486886
727,734,94176.109375,94863.46875,1.1973965692989472,823.0417575004685,113.17767115429766,45.27106846171907,664.5930178844518
734,736,185.61,186.85,611.1215904517113,757.7907721601102,113.80917378982221,45.52366951592889,598.4579288543591
736,739,3199.45,3240.8,35.63997490352579,1473.7129622608043,114.76517418621599,45.9060696744864,1313.041718400102
739,740,189.73,189.99,607.9188369642293,158.05889761071137,115.41947038602858,46.167788154411426,-3.5283609297286347
740,742,97253.6875,99003.4375,1.1859387341422758,2075.096300065447,116.37446319445121,46.54978527778048,1912.1720515932152
742,753,196.52,218.77,596.6199344183008,13274.793540807192,123.88514628228808,49.554058512915226,13101.35433601199
753,756,102229.25,104114.4140625,1.2749769690674073,2403.5407626010506,131.54170969633478,52.61668387853391,2219.382369026182
756,757,3473.64,3384.08,38.16105560827799,-3417.704140277375,130.84891713300007,52.339566853200026,-3600.892624263575
757,768,220.47,252.4,584.9294481811994,18676.7972804257,138.29779408072187,55.31911763228875,18483.180368712692
768,772,3215.2,3335.91,45.85395827114541,5535.031302909964,150.19716228484168,60.07886491393668,5324.755275711186
772,774,104951.78125,102130.6484375,1.455436728833127,-4105.980312228799,150.6976870315955,60.2790748126382,-4316.957074073033
774,775,3283.99,3262.6,45.20011932733031,-966.8305524115897,147.95332459355367,59.18132983742147,-1173.9652068425648
775,776,102823.25,101882.546875,1.4322013344620126,-1347.2762709575854,146.58995772824233,58.635983091296936,-1552.5022117771248
776,778,3254.7,3295.1,44.76977283414703,1808.698822499544,146.6165290545481,58.64661162181924,1603.4356818231765
778,781,103813.890625,105607.78125,1.4190248801811356,2545.5754291986873,148.58728141987748,59.434912567951,2337.553235210859
781,788,254.11,249.52,588.9198055874393,-2703.1419076463485,148.29884084400106,59.319536337600425,-2910.76028482795
788,789,3233.48,3213.08,45.38196853542339,-925.7921581226412,146.27879154085952,58.511516616343805,-1130.5824662798448
789,792,101927.0859375,103925.5625,1.428588825712689,2855.0012856362064,147.03939665058758,58.81575866023503,2649.1461303253836
792,795,3338.22,3399.21,44.41264776826489,2708.727387386486,149.61355272667046,59.84542109066818,2499.2684135691475
795,798,266.83,253.36,564.9916020778838,-7610.436879989079,146.9514907424472,58.78059629697888,-7816.168967028505
798,804,104839.46875,104720.7578125,1.3634751245002512,-161.85941028735405,142.86507800130278,57.14603120052111,-361.870519489178
804,809,256.4,256.29,556.1013662992527,-61.17115029289378,142.55380474398194,57.02152189759278,-260.7464769344685
809,818,105071.9375,102779.3125,1.3545369926870474,-3105.445372859142,140.77110355062183,56.308441420248734,-3302.5249178300123
818,821,238.74,232.2,582.3222395474518,-3808.3874466403463,137.11941774623847,54.84776709849539,-4000.35463148508
821,829,102416.5859375,105210.359375,1.3184002756146647,3683.311670004929,136.86771096251545,54.74708438500618,3491.6968746574075
829,830,240.25,238.9,576.5465536902926,-778.3378474818918,138.12614060035185,55.25045624014074,-971.7144443223843
830,831,105232.0703125,105322.1796875,1.3070566263271193,117.77805568794527,137.60316383191844,55.04126553276737,-74.86637367674054
831,833,241.77,241.14,568.5960243214643,-358.21549532253607,137.29035305253916,54.91614122101566,-550.4219895960908
833,834,3271.6,3247.38,41.85090592874403,-1013.6289415941719,136.41260936568187,54.56504374627275,-1204.6065947061265
834,835,238.3,235.95,569.5159877320385,-1338.3625711703035,135.04647859095962,54.01859143638386,-1527.4276411976468
835,844,3230.65,3251.0,41.536316433776484,845.2640394273477,134.6119327064937,53.84477308259747,656.8073336382565
844,853,102070.71875,94101.78125,1.3211002158921819,-10527.765051681305,129.58176605105453,51.832706420421815,-10709.179524152782
853,854,197.92,199.09,627.243129722019,733.8744617747723,124.51089746546938,49.80435898618776,559.5592053231152
854,857,95419.5703125,102005.03125,1.3068925757478227,8606.490007096047,129.00637302600163,51.60254921040065,8425.881084859646
857,859,215.19,215.48,618.6305828168016,179.40286901686756,133.21281655085596,53.28512662034238,-7.0950741543307885
859,860,2810.99,2703.54,47.355566901792955,-5088.355663597645,130.57184717347212,52.228738869388856,-5271.156249640505
860,861,98488.5703125,99037.421875,1.2981055119217124,712.4672385080943,128.20478960319943,51.28191584127977,532.9805330636151
861,862,2757.99,2777.18,46.548814060824604,893.2717418272267,128.82779956252728,51.531119825010904,712.9128224396885
862,863,215.65,208.29,598.6254478282427,-4405.883296015874,126.89063617615261,50.756254470461045,-4583.530186662489
863,864,2770.6,2731.19,44.94089867330903,-1771.1208167151024,123.62769345591244,49.45107738236498,-1944.1995875533798
864,866,97807.84375,97909.1875,1.2531757123460407,127.00152609806906,122.63391502748553,49.05356601099422,-44.68595494041068
866,873,2759.3,2803.92,44.40465319747173,1981.3356256711838,123.51642738061935,49.40657095224774,1808.412627338317
873,879,98975.9375,97779.1953125,1.256193276186803,-1503.3394892665865,123.58123744715196,49.43249497886079,-1676.3532216925994
879,885,198.47,194.39,618.0164588930788,-2521.5071522837693,121.39697302036748,48.55878920814699,-2691.462914512284
885,886,96128.2109375,95820.09375,1.2480014474225785,-384.530695975774,119.77588104015506,47.910352416062025,-552.216929431991
886,895,193.42,201.97,617.3938359019985,5278.717296962094,122.0556743886456,48.82226975545824,5107.83935281799
895,897,96793.296875,97720.875,1.2864587334733875,1193.2909798851194,125.11722759646867,50.04689103858747,1018.1268612500634
897,899,204.5,201.36,613.8777348533324,-1927.5760874394555,124.57420873378675,49.82968349351471,-2101.9799796667567
899,905,2672.28,2589.69,46.19182389366974,-3814.9827353781907,121.5299957868867,48.61199831475468,-3985.124729479832
905,906,95061.90625,95756.109375,1.2566037729867365,872.338266094183,119.89131919410852,47.95652767764341,704.4904192224311
906,907,197.95,194.33,607.0176695223504,-2197.403963670894,119.0604457001138,47.62417828004553,-2364.0885876510533
907,911,95281.578125,97200.71875,1.2363010260407195,2372.6355238039278,118.98303056061843,47.59321222424738,2206.059281019062
911,917,2677.95,2640.94,44.810854914562164,-1658.449740387935,119.17200404825778,47.66880161930311,-1825.290546055496
917,918,192.68,194.24,613.3341041208831,956.801202428579,118.65561578322605,47.46224631329042,790.6833403320626
918,920,96619.46875,96959.125,1.231297863363272,418.2180149029814,119.17645443862092,47.67058177544837,251.37097868891212
920,926,196.59,195.9,606.4323748576169,-418.4383386517543,119.00932140393303,47.60372856157321,-585.0513886172605
926,927,97380.78125,97625.125,1.218247552662133,297.6711754457881,118.78273402186193,47.513093608744775,131.37534781518139
927,928,2708.37,2691.05,43.851165787370135,-759.502191437238,118.38543078782104,47.354172315128416,-925.2417945401875
928,932,97641.4921875,97258.953125,1.2068699961991176,-461.674916905389,117.60974984675161,47.04389993870065,-626.3285666908413
932,945,2695.59,2679.26,43.48387435100435,-710.0916681518979,116.85965102774789,46.743860411099156,-873.6951795907449
945,950,95620.4140625,95648.7109375,1.2167026673300505,34.428883289605025,116.35882728269243,46.54353091307697,-128.47347490616437
950,953,168.96,168.7,687.8150404513844,-178.83191051737325,116.12381327940724,46.4495253117629,-341.4052491085434
953,955,2712.03,2741.77,42.725214249864564,1270.6478717909629,116.50738673795568,46.60295469518228,1107.537530357825
955,957,172.43,173.99,678.4134176098158,1058.3249314713144,117.50798806419621,47.00319522567848,893.8137481814397
957,958,97204.3125,96908.984375,1.212621241621154,-358.1211576231473,117.69295353586908,47.077181414347635,-522.891292573364
958,961,171.62,173.27,683.7751345412806,1128.2289719931168,117.91360307597114,47.16544123038846,963.1499276867572
961,962,98172.65625,98219.5,1.2051417299236546,56.4533579111112,118.34019146328085,47.33607658531234,-109.22291013748199
962,964,175.86,173.16,672.1415801020306,-1814.782266275494,117.29542714360537,46.91817085744215,-1978.9958642765416
964,967,98107.578125,96291.625,1.1846710413384993,-2151.307079615652,115.14955320073409,46.05982128029364,-2312.5164540966803
967,968,170.35,171.74,668.7074136520264,929.5033049763266,114.37905956811085,45.751623827244345,769.3726215809714
968,969,96297.8046875,96591.28125,1.190921669764544,349.50759784925856,114.85789615202205,45.943158460808824,188.70654323642768
969,979,2733.0,2718.08,42.031363664162136,-627.1079458693022,114.55816292122047,45.82326516848819,-787.4893739590109
979,989,95478.3125,87816.71875,1.19487635872448,-9154.657242026233,109.5074497561449,43.80297990245795,-9307.967671684835
989,992,145.42,140.19,720.5564690216586,-3768.510332983267,102.89906655863795,41.15962662345518,-3912.56902616536
992,995,2483.81,2296.3,40.61240174629493,-7615.231451447752,97.06587385574093,38.82634954229638,-7751.1236748457895
995,997,83783.140625,85134.2265625,1.1115337429832421,1501.7776092013978,93.87867670239828,37.55147068095931,1370.3474618180403
997,1003,138.57,127.62,681.9454195525217,-7467.302344100105,90.76352561534287,36.30541024613715,-7594.371279961585
1003,1005,80326.78125,80365.3671875,1.0819320343262033,41.74736185575873,86.92899152961631,34.771596611846526,-79.9532262857041
1005,1011,133.52,140.35,650.3012324034711,4441.557417315697,89.04899925916932,35.61959970366773,4316.888818352861
1011,1017,84591.2578125,86072.5078125,1.077441002975834,1595.959485657954,91.94006940331633,36.77602776132653,1467.2433884933112
1017,1018,2238.88,2229.51,41.36367589913487,-387.5776431748892,92.41451787546762,36.965807150187054,-516.9579682005439
1018,1024,157.47,157.78,584.8206664526581,181.29440660032535,92.18235754960023,36.87294301984009,52.239106030885026
1024,1031,90016.3359375,88222.8671875,1.0236354540637291,-1835.8581982553587,91.22598381140831,36.49039352456333,-1963.5745755913304
1031,1032,2172.63,2171.5,41.50808553489046,-46.90413665443075,90.15825980734186,36.06330392293674,-173.12570038470935
1032,1033,144.8,141.82,621.6070944647953,-1852.3891415051012,89.08251270774981,35.633005083099924,-1977.104659295951
1033,1035,2160.9,2217.72,40.739037264271516,2314.7920973558957,89.19038167304228,35.67615266921691,2189.9255630136363
1035,1036,147.13,141.66,613.2085863644177,-3354.250967413364,88.54425382809009,35.417701531236034,-3478.21292277269
1036,1037,88260.9140625,89903.8515625,0.9828314192793305,1614.7305949122351,87.552964732394,35.021185892957604,1492.1564442868835
1037,1038,2218.3,2241.59,39.77672636719965,926.3999570920784,88.69991207890503,35.479964831562015,802.2200801816113
1038,1039,90613.234375,91613.8203125,0.9826199410432132,983.1956949149181,89.52996886675481,35.81198754670193,857.8537385014614
1039,1040,2289.79,2285.99,39.259331502118606,-149.18545970805783,89.82103195038212,35.928412780152854,-274.9349044385928
1040,1041,91376.328125,91345.125,0.9807888315780015,-30.603676510332328,89.60558025735166,35.84223210294066,-156.05148887062467
1041,1042,2297.59,2257.5,38.93860078010727,-1561.0485052745062,88.68441551372942,35.47376620549177,-1685.2066869937273
1042,1044,149.04,143.3,588.9755226709622,-3380.7195001313116,86.09055214881454,34.43622085952582,-3501.2462731396517
1044,1046,89959.1640625,88362.4765625,0.9368930409931926,-1495.9254073908182,83.53415208002573,33.413660832010294,-1612.8732203028542
1046,1047,144.34,143.57,572.7474697583308,-441.01555171392056,82.44986200906051,32.97994480362421,-556.4453585266053
1047,1048,89023.0546875,88447.5625,0.9223937996053091,-530.8304254712959,81.8488984529387,32.73955938117548,-645.4188833054101
1048,1049,2209.67,2178.33,36.86946297843263,-1155.488969744084,80.89160177468119,32.35664070987248,-1268.7372122286376
1049,1051,146.35,139.67,548.0115923616454,-3660.717436975795,78.3711378236389,31.348455129455562,-3770.4370299288894
1051,1052,2137.8,2137.89,35.75343669749138,3.2178093027631682,76.43530587654845,30.574122350619383,-103.79161892440467
1052,1053,86180.0390625,85926.3671875,0.8857036825073509,-224.6781138360444,76.21763889936557,30.48705555974623,-331.38280829515617
1053,1060,2141.95,2097.01,35.481139594150314,-1594.522413361101,75.20156574700971,30.080626298803885,-1699.8046054069146
1060,1065,83072.875,83552.71875,0.8943979774286794,429.1712794817929,74.5147970189264,29.805918807570563,324.85056365529596
1065,1066,2128.11,2017.83,35.06624878719223,-3867.105916251566,72.69128174838588,29.076512699354353,-3968.8737106993062
1066,1072,80183.703125,81206.703125,0.8812107013051114,901.4785474351289,71.10947653773967,28.443790615095864,801.9252802822934
1072,1075,125.01,122.52,571.6350819076611,-1423.3713539500811,70.74841591230168,28.299366364920672,-1522.4191362273034
1075,1077,82061.4375,82995.28125,0.8522729985199349,795.8898129616005,70.33669230746203,28.134676922984813,697.4184437311536
1077,1078,126.77,124.56,557.1955351683977,-1231.4021327221553,70.01997692693669,28.007990770774676,-1329.4301004198667
1078,1081,81703.8359375,83557.53125,0.8482732425929206,1572.4401335136722,70.09339790973996,28.037359163895985,1474.3093764400364
1081,1082,124.97,124.25,566.3795784969667,-407.7932965178154,70.57655927650703,28.23062371060281,-506.60047950492526
1082,1083,83137.734375,82920.5703125,0.8452745356345427,-183.5632520861983,70.18242819149299,28.072971276597197,-281.81865155428846
1083,1084,126.88,124.34,551.6439809350832,-1401.1757115751068,69.29200044525578,27.716800178102318,-1498.184512198465
1084,1089,1875.41,1902.41,36.52292127289847,986.1188743682587,68.98851122159066,27.595404488636262,889.5349586580318
1089,1090,83215.4921875,84797.484375,0.8337914333045685,1319.0515334922547,70.04389027090689,28.017556108362754,1220.9900871129853
1090,1097,132.13,134.5,534.3563195041202,1266.4244772247673,71.23771273469178,28.49508509387671,1166.6916793961989
1097,1098,1937.32,1937.18,37.04621645498887,-5.186470303693725,71.7677828274272,28.707113130970882,-105.6613662620918
1098,1099,135.86,135.5,527.4899794460141,-189.89639260057228,71.56984041123519,28.62793616449408,-290.0941691763016
1099,1100,1927.52,1925.89,37.02939391665503,-60.35791208414332,71.34471840618883,28.537887362475537,-160.2405178528077
1100,1101,134.64,129.92,528.9272796663523,-2496.5367600251825,69.96650055426508,27.986600221706034,-2594.4898608011536
1101,1107,82408.6484375,83656.25,0.8327050042328067,1038.8840643824187,69.14153597815952,27.656614391263812,942.0859140129954
1107,1121,1910.58,2031.07,36.409635221315355,4386.9969478162875,71.75701933504884,28.702807734019537,4286.53712074722
1121,1125,133.03,130.65,555.1158348104738,-1321.1756868489251,73.18647166141287,29.274588664565147,-1423.6367471749031
1125,1130,85477.9765625,83893.7421875,0.8472874712158862,-1342.30193740703,71.7532676375879,28.70130705503516,-1442.756512099653
1130,1133,1976.79,1973.92,35.90804856221149,-103.05609937354306,70.93114326760728,28.372457307042914,-202.35969994819325
1133,1140,128.25,128.5,551.894371696288,137.973592924072,70.84943996651097,28.339775986604387,38.784376970956636
1140,1141,1980.68,2008.32,35.754998493924845,988.2681583720781,71.31334449613311,28.525337798453243,888.4294760774917
1141,1145,130.85,130.54,548.009311634828,-169.88288660679794,71.62207698411385,28.648830793645537,-270.15379438455733
1145,1146,85004.8515625,86046.8828125,0.8403879578082877,875.7105141599172,71.87490886548596,28.749963546194387,775.0856417482369
1146,1153,132.85,138.57,543.5573735019294,3109.1481764310356,73.76617115794684,29.506468463178734,3005.87553680991
1153,1154,2043.25,2055.56,36.81163341026022,453.1512072803013,75.44194556915434,30.176778227661742,347.5324834834852
1154,1155,139.46,142.14,541.8231704175465,1452.086096719013,76.28870239479055,30.51548095791622,1345.2819133663063
1155,1156,87442.1171875,87882.3046875,0.8795189628846155,387.1532534747717,77.10057684792241,30.84023073916896,279.21244588768036
1156,1162,145.28,139.33,531.2914190189908,-3161.1839431629896,75.6054253834975,30.242170153399,-3267.031538699886
1162,1169,86744.6015625,87031.5,0.8521714297744494,244.4866516844305,74.04351446457278,29.617405785829114,140.82573143402863
1169,1171,139.07,136.79,532.5519404696121,-1214.2184242707162,73.45488914897359,29.381955659589437,-1317.0552690792792
1171,1178,86783.8359375,83696.5390625,0.8382420942789681,-2587.9021981609135,71.45191328673192,28.58076531469277,-2687.934876762338
1178,1181,1880.14,1827.5,37.263081338249805,-1961.5286016454734,69.07904544647425,27.631618178589704,-2058.2392652705375
1181,1184,82657.21875,83066.1484375,0.8227110864612825,336.43098748939775,68.1712257354251,27.26849029417004,240.99127145980262
1184,1185,125.48,125.12,543.8622325251298,-195.79040370904642,68.14593773539877,27.258375094159508,-291.1947165386047
1185,1187,83125.3515625,82529.40625,0.8174743401035546,-487.1700010737441,67.7092569138938,27.08370276555752,-581.9629607531954
1187,1192,125.84,126.77,535.372584573964,497.89650365378253,67.62023429461453,27.04809371784581,403.2281756413222
1192,1202,1842.22,1865.07,36.78943457141362,840.6385799567979,68.194551446128,27.277820578451205,745.1662079322188
1202,1205,84418.3515625,86924.0078125,0.8116585534353112,2033.7373272811465,69.53574577625287,27.81429831050115,1936.3872831943925
1205,1206,131.42,117.42,536.0973205971277,-7505.36248835978,66.70122862869462,26.680491451477852,-7598.744208439953
1206,1212,82510.796875,83141.15625,0.7618455213786269,480.23646670278043,63.100599297951746,25.2402397191807,391.895627685648
1212,1213,1817.23,1792.91,34.80687780701461,-846.5032682665931,62.828850923107865,25.131540369243144,-934.4636595589441
1213,1216,82791.515625,83038.1640625,0.7527135129032373,185.65561184271957,62.41112037059837,24.96444814823935,98.28004332388184
1216,1222,118.6,117.55,526.277435582581,-552.5913073617086,62.14020820641325,24.8560832825653,-639.5875988506872
1222,1225,82588.0703125,83311.1015625,0.7480180058164368,540.8403937679656,62.047783856267905,24.81911354250716,453.97349636919046
1225,1226,1809.81,1797.7,34.38538829854906,-416.4070522954257,62.022816070449366,24.809126428179745,-503.2389947940548
1226,1237,82976.3359375,79871.03125,0.7439245409580396,-2310.112364183286,60.57307644059313,24.229230576237253,-2394.914671200116
1237,1243,111.3,103.14,533.1077557867673,-4350.159287220019,57.159813575457186,22.863925430182874,-4430.183026225659
1243,1244,75322.1015625,77674.0625,0.7289734090349015,1714.5169825262979,55.765067642951855,22.306027057180742,1636.4458878261653
1244,1245,107.37,103.42,526.6192635623636,-2080.1460910713377,55.50303728315531,22.201214913262127,-2157.850343267755
1245,1246,76178.4453125,77192.15625,0.7139390834369291,723.7278575887401,54.74863335285085,21.899453341140344,647.0797708947489
1246,1248,106.54,119.05,516.5514976155332,6462.059235170315,58.264426173544074,23.30577046941763,6380.489038527354
1248,1251,1669.51,1594.8,36.78290179538425,-2748.0505931331586,60.035397079845374,24.01415883193815,-2832.100149044942
1251,1253,113.94,111.34,514.1241294603564,-1336.7227365969236,57.91094194241454,23.164376776965817,-1417.798055316304
1253,1255,79589.046875,80779.1328125,0.718220650507072,854.7442961905685,57.58986916789563,23.035947667158254,774.1184793555148
1255,1271,115.42,128.22,501.9587072887977,6425.071453296609,61.14860972192133,24.459443888768536,6339.463399685919
1271,1273,83926.84375,84533.3125,0.7657991174574981,464.43323351555205,64.50331949150112,25.801327796600447,374.1285862274505
1273,1274,1629.6,1635.58,39.669225425966616,237.22196804728108,64.76358073817883,25.905432295271535,146.5529550138307
1274,1275,132.31,133.5,489.69405331313754,582.7359234426326,65.08278815558255,26.033115262233018,491.62002002481705
1275,1279,1675.32,1637.9,38.96729957297552,-1458.156350020738,64.55361814558698,25.82144725823479,-1548.5314154245598
1279,1289,85357.7109375,84350.5546875,0.7466841298682637,-752.0275881726335,63.35923432482765,25.34369372993106,-840.7305162273922
1289,1295,132.45,132.91,474.8592352010431,218.43524819248358,63.00432332647439,25.201729330589757,130.22919553541945
1295,1296,84870.2265625,84921.125,0.7426072293424528,37.797547649735,63.04414257506924,25.217657030027695,-50.46425195536193
1296,1300,134.84,132.91,467.03363133754965,-901.374908481474,62.52412739531446,25.009650958125786,-988.9086868349143
1300,1301,1583.17,1593.31,39.1534692512963,397.0161782081395,62.18510600367884,24.874042401471534,309.9570298029891
1301,1302,134.21,134.05,464.17061415862895,-74.26729826537905,62.25920447709691,24.90368179083876,-161.43018453331473
1302,1303,1588.6,1597.75,39.11306865402241,357.8845781843086,62.31396315287216,24.925585261148868,270.6450297702876
1303,1311,138.82,136.38,449.542404369347,-1096.8834666612058,61.857034841222145,24.742813936488858,-1183.4833154389169
1311,1317,84131.7265625,86978.625,0.7277019457392462,2071.69353229077,62.25866788407886,24.903467153631546,1984.5313972530594
1317,1318,1626.34,1623.3,38.86393024518159,-118.14634794535063,63.14689114097595,25.25875645639038,-206.55199554271698
1318,1324,88080.3671875,90941.265625,0.7152508421150606,2046.260016627536,64.0226868129769,25.60907472519076,1956.6282550893684
1324,1325,145.31,144.24,447.00857737286583,-478.2991777889634,64.71566678915664,25.88626671566266,-568.9011112937827
1325,1333,1698.22,1768.16,37.914000081831986,2651.705165723331,65.71216580183038,26.284866320732153,2559.708133600768
1333,1337,92695.515625,93621.09375,0.7221949234424531,668.4478231243843,67.27845472181778,26.91138188872711,574.2579865138395
1337,1343,151.54,151.39,445.54630524857095,-66.83194578728818,67.4846711244748,26.993868449789918,-161.3104853615529
1343,1344,1802.16,1784.6,37.37564336704831,-656.3162975253748,67.0287313015971,26.811492520638843,-750.1565213476107
1344,1345,94708.265625,94788.390625,0.7032887492100304,56.351011030453684,66.63543317677279,26.654173270709116,-36.938595417028225
1345,1354,1797.48,1793.85,37.03537447691773,-134.4384093512154,66.50312571009448,26.601250284037793,-227.54278534534768
1354,1360,149.02,146.33,445.1950160915079,-1197.5745932861553,65.74417400131344,26.297669600525374,-1289.616436887994
1360,1363,93849.6328125,94691.2734375,0.6931752955397779,583.4044889726583,65.34594920559066,26.138379682236263,491.9201600848314
1363,1369,1802.07,1808.92,36.37251772569843,249.1517464210392,65.67039889115989,26.268159556463957,157.21318797341536
1369,1370,148.17,146.39,443.4293462487129,-789.3042363227095,65.30827411551041,26.12330964620417,-880.7358200844241
1370,1374,94635.9140625,94169.390625,0.6849704696104282,-319.5547780686462,64.66302910836842,25.865211643347372,-410.083018820362
1374,1380,147.54,150.85,436.5799805876064,1445.0797357449783,65.13555020376793,26.054220081507175,1353.8899654597033
1380,1381,1838.1,1847.74,35.779311920636175,344.9125669149363,65.93840952477882,26.375363809911526,252.59879358024594
1381,1387,97125.703125,96372.890625,0.6797209514608898,-511.7024287716511,65.7625241250471,26.30500965001884,-603.769962546717
1387,1399,1834.8,1794.5,35.652402289197546,-1436.7918122546596,64.69663181409233,25.878652725636933,-1527.367096794389
1399,1402,144.91,143.76,440.88557747917105,-507.0184141010492,63.63521982545615,25.45408793018246,-596.1077218566878
1402,1403,1801.0,1816.44,35.14327501064233,542.6121661643194,63.564344377248986,25.425737750899597,453.62208403617086
1403,1405,146.48,144.63,435.1880329387188,-805.0978609366273,63.34379413439521,25.337517653758084,-893.7791727247807
1405,1406,1806.35,1806.03,34.795686937699905,-11.134619820061754,62.84762179000418,25.139048716001675,-99.12129032606762
1406,1413,94391.21875,97020.8046875,0.664830245620236,1748.2282647076433,63.62825127830975,25.4513005113239,1659.1487129180096
1413,1415,1836.35,1795.83,35.076170265575236,-1421.286419161108,63.70148205760853,25.480592823043413,-1510.4684940417599
1415,1416,96215.96875,97037.6875,0.6537658371961392,537.211646533515,63.17131918474808,25.268527673899232,448.7717996748677
1416,1417,147.32,150.88,430.02424138365996,1530.8862993258304,64.1166143903037,25.64664575612148,1441.1230391794052
1417,1429,1901.09,2339.89,34.08112514365395,14954.797713035352,72.26868505586677,28.907474022346705,14853.621553957139
1429,1431,171.59,169.0,464.0976600699446,-1202.012939581158,79.03351102161122,31.613404408644488,-1312.6598550114138
1431,1439,2384.76,2508.02,32.84304326453625,4048.2335127867304,80.34689261192884,32.13875704477154,3935.74786313003
1439,1442,104447.203125,104486.921875,0.7875344495714925,31.27988391891772,82.27141056428822,32.90856422571529,-83.90009087108578
1442,1444,2554.78,2486.91,32.163994246251725,-2182.9702894931156,81.08044407569244,32.432177630276975,-2296.482911199085
1444,1447,174.39,166.98,458.036886993453,-3394.053332621485,78.18002605647752,31.27201042259101,-3503.5053691005533
1447,1450,101711.2109375,103698.0703125,0.750910321369207,1491.9532117966717,77.12197469782767,30.84878987913107,1383.9824472197129
1450,1457,2566.21,2605.03,30.301110364745295,1176.2891043594173,78.34715698129274,31.338862792517094,1066.6030845856073
1457,1466,103350.4609375,103741.125,0.7626948994594014,297.9574878708388,78.97384815774478,31.58953926309791,187.3941004499961
1466,1470,2601.5,2537.13,30.37175953494058,-1955.0301612641217,78.03461734951586,31.213846939806345,-2064.278625553444
1470,1478,103495.78125,103920.3046875,0.7435017819998667,315.63393228195906,77.10711475498437,30.84284590199375,207.68397162498096
1478,1483,170.68,165.35,452.0555219321666,-2409.4559318984534,75.95210851743298,30.38084340697319,-2515.7888838228596
1483,1487,103610.1796875,105536.28125,0.7204196310153589,1387.6013769543563,75.33660810838096,30.134643243352386,1282.130125602623
1487,1492,2518.81,2482.78,30.142821682549616,-1086.045865222255,75.38101774961166,30.152407099844666,-1191.5792900717113
1492,1493,166.63,168.16,448.49843914174346,686.202611886868,75.07639622013214,30.030558488052858,581.095657178683
1493,1497,107051.265625,106580.9453125,0.7035319353698212,-330.8853596968641,75.14854140909662,30.05941656363865,-436.09331766959934
1497,1498,169.33,172.17,442.20277460025727,1255.8558798647196,75.50612376299392,30.20244950519757,1150.147306596528
1498,1499,109032.09375,108682.5625,0.6972950438248504,-243.72640828690476,75.90567538557801,30.3622701542312,-349.99435382671396
1499,1501,171.14,176.83,442.1981363828747,2516.1073960185686,76.93584275857445,30.77433710342978,2408.3972161565644
1501,1502,111746.1171875,111052.40625,0.6987670224544871,-484.7423262409858,77.84213041483906,31.13685216593563,-593.7213088217604
1502,1505,178.49,177.86,434.1486670588494,-273.5136602470732,77.3544387532105,30.941775501284198,-381.8098745015679
1505,1507,2634.68,2722.0,29.26717961528104,2555.6101240063454,78.38745785079182,31.354983140316726,2445.867683015237
1507,1513,185.01,175.11,429.9973491274125,-4256.973756361374,77.42532268388189,30.970129073552762,-4365.369208118809
1513,1518,108335.84375,107789.9375,0.6940592455103745,-378.89127999439785,75.00204833485762,30.00081933394305,-483.89414766319857
1518,1519,175.87,173.64,424.79068810003236,-947.2832344630799,74.23429669892116,29.693718679568462,-1051.2112498415695
1519,1522,108136.09375,106999.5,0.6811551984644609,-774.1967413547159,73.27036402877545,29.308145611510177,-876.7752509950016
1522,1524,2511.69,2551.22,28.977023622267932,1145.461743788244,73.35403133370826,29.341612533483307,1042.7660999210523
1524,1525,109020.796875,109666.1796875,0.677149124315307,437.020406332525,74.04184733922948,29.616738935691792,333.3618200576037
1525,1526,177.02,178.15,418.91574831137615,473.3747955918531,74.39315316387575,29.757261265550298,369.22438116242705
1526,1527,2580.79,2568.08,28.87698412926616,-367.02646828297395,74.34191863682733,29.73676745473093,-471.1051543745322
1527,1529,177.91,174.05,416.24785711608286,-1606.7167284680736,73.25129789528826,29.300519158115307,-1709.268545521477
1529,1530,109145.71875,109459.1796875,0.6628439868607029,207.7756975375936,72.45047121379577,28.980188485518312,106.34503783827952
1530,1541,2563.7,2617.8,28.261050050088308,1528.9228077097878,73.21731541726629,29.286926166906515,1426.418566125615
1541,1542,106982.2421875,107796.3359375,0.6905657731076138,562.1852798508264,74.15936742492232,29.663746969968933,458.36216545593516
1542,1549,2681.61,2631.19,27.72077830906708,-1397.6816423431642,73.6374755002058,29.454990200082314,-1500.7741080434523
1549,1567,106034.640625,104891.8515625,0.6869131784766178,-784.9968672501892,72.44409358671956,28.977637434687825,-886.4185982715966
1567,1568,155.46,155.54,462.82512209604124,37.02600976767593,71.96930648593441,28.787722594373765,-63.73101931263224
1568,1569,105420.3671875,104076.3671875,0.681909093661068,-916.4858218804754,71.42886413130489,28.571545652521955,-1016.4862316643023
1569,1570,153.44,153.16,461.88302824044024,-129.3272479073238,70.80666822925949,28.322667291703798,-228.45658342828708
1570,1576,2544.39,2623.58,27.76423232190343,2198.6495575715344,71.74235985631364,28.696943942525458,2098.210253772695
1576,1578,162.21,155.19,448.42967518356926,-3147.976319788661,71.16578945163243,28.46631578065298,-3247.6084250209465
1578,1579,105437.203125,105580.796875,0.6591074010166975,94.64370336474141,69.54176277387074,27.816705109548295,-2.714764518677626
1579,1586,2627.89,2604.09,26.4439257566624,-629.3654330085578,69.17704534017128,27.67081813606851,-726.2132964847976
1586,1598,104553.2734375,104990.765625,0.657712766831827,287.7441971079334,68.90989485245666,27.56395794098266,191.27034431449408
1598,1600,152.37,151.0,452.5638859528324,-620.0125237553824,68.64715304075538,27.458861216302154,-716.1185380124399
1600,1602,105615.515625,105633.796875,0.646131785591466,11.812096705343988,68.24744774529731,27.29897909811892,-83.73433013807224
1602,1606,2524.64,2514.44,26.997063319854142,-275.3700458625073,68.0201809169053,27.208072366762124,-370.5982991461747
1606,1607,106038.8671875,106347.7265625,0.6392705681980778,197.44470814955318,67.88624923210841,27.154499692843366,102.40395922460141
1607,1613,154.47,155.76,439.5019046069116,566.9574569429125,68.1733379331011,27.269335173240435,471.5147838365709
1613,1614,108641.0546875,110301.3984375,0.6292376703782463,1044.7508332770815,68.8834195756367,27.55336783025468,948.31404587119
1614,1621,2680.13,2791.07,25.860198889377035,2868.9304647874897,70.74316008177982,28.29726403271193,2769.8900406729977
1621,1625,166.67,162.64,432.4512349152657,-1742.778476708521,71.20525808497307,28.48210323398923,-1842.4658380274834
1625,1626,2813.32,2771.6,24.965332883998165,-1041.5536879204099,69.71469346524952,27.885877386099807,-1139.154258771759
1626,1627,108687.65625,107879.8828125,0.6357402053245947,-513.5340510120037,68.84034587511798,27.53613835004719,-609.9105352371689
1627,1628,2765.08,2740.99,24.76876944034688,-596.6796558179599,68.18928917620536,27.27571567048215,-692.1446606646474
1628,1629,107630.8828125,106926.4140625,0.6298932679378233,-443.7401230975735,67.57409844424974,27.029639377699894,-538.3438609195231
1629,1630,2729.8,2719.79,24.63843549783049,-246.63073933328857,67.13468585231102,26.853874340924413,-340.619299526524
1630,1639,107027.0234375,105291.8984375,0.6252404116260567,-1084.8702692226616,66.37518505456279,26.550074021825118,-1177.7955282990495
1639,1640,2548.76,2537.5,25.79318905704294,-290.43130878230915,65.59543288663761,26.238173154655048,-382.2649148236018
1640,1642,146.17,144.53,447.14134928143096,-733.3118128215407,64.991995118056,25.9967980472224,-824.3006059868192
1642,1647,104867.0703125,105008.6953125,0.6153974439542144,87.15566300001561,64.57850485677938,25.831401942711757,-3.2542437994755247
1647,1655,146.35,157.8,440.94072468641684,5048.77129765948,67.05606070668685,26.82242428267474,4954.8928126701185
1655,1656,2660.54,2544.17,26.116165091206106,-3039.1381316636516,67.96353280592567,27.185413122370267,-3134.2870775919478
1656,1662,106798.671875,104591.59375,0.6212718388300977,-1371.1954851604344,65.66540951781329,26.266163807125313,-1463.127058485373
1662,1663,2509.95,2527.96,25.85266785171749,465.6065480094377,65.12170694842303,26.048682779369216,374.4361582816455
1663,1668,105199.2109375,104908.7578125,0.6203761162192372,-180.19018163124062,65.17298281991893,26.069193127967573,-271.43235757912714
1668,1669,2525.0,2525.44,25.73934076154333,11.325309935080469,64.99749807786445,25.99899923114578,-79.67118737392977
1669,1671,105117.875,104817.125,0.6175183808304968,-185.7186530347719,64.81936063982518,25.927744255930072,-276.46575793052716
1671,1673,2531.82,2504.87,25.529440323194034,-688.0184167100862,64.29193839071408,25.71677535628563,-778.027130457086
1673,1675,145.48,145.45,438.9501285856252,-13.168503857569254,63.85188045470797,25.540752181883185,-102.5611364941604
1675,1676,2517.2,2549.64,25.3281325729852,821.6446206676413,64.16679762305216,25.666719049220866,731.8111039953683
1676,1678,147.48,142.86,437.26115071384277,-2020.1465162979432,63.477201249128555,25.390880499651423,-2109.014598046723
1678,1694,104228.015625,101962.71875,0.5984929753550143,-1355.764266781166,61.701853053364594,24.68074122134584,-1442.1468610558766
1694,1702,134.38,144.31,453.47966306254204,4503.0530542110455,63.190123649449916,25.27604945977997,4414.586881101816
1702,1707,2438.11,2428.96,26.803588006391788,-245.2528302584873,65.22746953913465,26.09098781565386,-336.57128761327584
1707,1711,107199.3984375,107929.109375,0.6064750460297785,442.5514744087453,65.23503583895175,26.094014335580702,351.2224242342129
1711,1717,2488.79,2446.98,26.263660992797,-1098.083666108841,64.81569500920882,25.926278003683528,-1188.8256391217335
1717,1719,107524.375,107014.8046875,0.5968576222737572,-304.1409251000454,64.0246723364218,25.609868934568723,-393.775466371036
1719,1720,2447.25,2438.26,26.06323129333425,-234.30844932706924,63.66608855794871,25.466435423179487,-323.44097330819744
1720,1734,143.47,153.32,442.32263232459854,4356.8779283972935,65.6384670238088,26.25538680952352,4264.984074563961
1734,1738,2500.09,2474.77,27.087836331372973,-685.8640159103682,67.37909672574708,26.95163869029883,-780.1947513264141
1738,1743,157.83,148.85,424.14230334330466,-3808.7978840228834,65.03798079466235,26.015192317864937,-3899.851057135411
1743,1744,2449.05,2423.54,25.742739701389542,-656.6972897824528,62.716908020796836,25.086763208318736,-744.5009610115684
1744,1750,106027.3203125,108782.4765625,0.5875964450216703,1618.9200179792363,63.11073649978856,25.24429459991542,1530.5649868795322
1750,1757,2498.82,2586.02,25.54436527306484,2227.4686518112494,64.9445051575455,25.977802063018206,2136.5463445906857
1757,1758,109852.8359375,109639.265625,0.600492668914761,-128.24740695408457,65.90169893648772,26.360679574595085,-220.50978546516737
1758,1760,2591.26,2534.9,25.372007094376936,-1429.9663198390874,65.03048394345564,26.012193577382256,-1521.0089973599254
1760,1766,108760.7109375,108064.390625,0.590521352002268,-411.1920123641417,64.01992606135828,25.607970424543314,-500.8199088500433
1766,1767,2521.32,2518.11,25.274480227577783,-81.1310815305256,63.684486946631154,25.47379477865246,-170.28936325580923
1767,1769,108179.2109375,108171.015625,0.5874962637694778,-4.8147154741732985,63.5524748855744,25.42098995422976,-93.78818031397745
1769,1771,2505.73,2514.78,25.326415722683475,229.20406229029004,63.575761699944806,25.430304679977922,140.19799591036733
1771,1772,108085.359375,108084.765625,0.5884354732457202,-0.3493835622396464,63.601084902980745,25.4404339611923,-89.3909024264127
1772,1773,147.89,147.99,429.45385909930525,42.94538590994029,63.53340391515121,25.413361566060487,-46.00137957127141
1773,1774,2516.14,2558.71,25.223541623703678,1073.7661669210697,64.0028451045263,25.601138041810522,984.162183774733
1774,1781,151.53,148.96,425.3245942929717,-1093.0842073329343,63.90289366954754,25.561157467819015,-1182.5482584703007
1781,1782,2543.97,2542.3,24.86967799128187,-41.53236224543122,63.246948538358616,25.298779415343446,-130.07809019913327
1782,1785,108280.3828125,108775.4609375,0.5830947950154732,288.67747781351983,63.28206635915842,25.31282654366337,200.08258491069805
1785,1806,2575.16,2958.21,24.5956252214716,9421.3542410847,68.04834736586716,27.21933894634686,9326.086554772486
1806,1815,117524.09375,118069.6328125,0.6182326601101296,337.2700658033612,72.82586813899644,29.130347255598576,235.3138504087662
1815,1816,162.06,162.04,449.78638992984924,-8.995727798601587,72.88788448813207,29.15515379525283,-111.0387660819865
1816,1818,2992.43,2972.03,24.32184587733538,-496.1656558976329,72.5333384307659,29.013335372306358,-597.7123297007051
1818,1819,119118.796875,120771.765625,0.6059843528365945,1001.6731982278645,72.68496363408457,29.073985453633824,899.9142491401461
1819,1820,167.11,167.26,437.3371538793962,65.60057308189948,73.11621207132686,29.246484828530747,-36.76212381795812
1820,1821,122720.3359375,121470.875,0.5952287762124084,-743.7151047533335,72.67481782407711,29.069927129630845,-845.4598497070415
1821,1822,3051.71,3012.48,23.659458773820578,-928.1605676969817,71.7377266508075,28.695090660323004,-1028.5933850081124
1822,1824,163.96,162.21,434.0932731236838,-759.6632279664466,70.79410144737598,28.317640578950396,-858.774969992773
1824,1851,3013.61,3552.75,23.332733437087096,12579.609905271134,76.6055637659756,30.642225506390247,12472.362115998769
1851,1852,118393.421875,118088.09375,0.699189153181489,-213.4821131612418,82.6726553264594,33.06906213058376,-329.223830618285
1852,1853,177.41,177.04,464.74495714952,-171.95563414532452,82.36442503082368,32.945770012329476,-287.2658291884777
1853,1861,3577.61,3757.38,22.965985102939253,4128.595141955389,84.22763553510421,33.691054214041685,4010.6764522062435
1861,1873,186.71,201.4,461.5243367075837,6779.792506234404,89.56110515979016,35.82444206391607,6654.406959010698
1873,1874,118675.7109375,118401.2578125,0.7821394985202542,-214.66062955481664,92.71363072441349,37.0854522897654,-344.45971256899554
1874,1875,199.47,197.41,463.61228395123834,-955.041304939552,91.99922162728373,36.799688650913495,-1083.8402152177493
1875,1882,118593.6015625,119171.2109375,0.7706457938526375,445.1322353336008,91.61622633964302,36.64649053585721,316.86951845810063
1882,1889,3730.77,3641.15,24.582139367189313,-2203.0513300875036,90.60878242188512,36.24351296875405,-2329.903625478143
1889,1890,116765.3515625,117625.3828125,0.7654842216211,658.3403519760716,89.71120442912243,35.88448177164898,532.7446657753002
1890,1895,186.75,186.44,481.4693775555874,-149.2555070422332,89.83977850498484,35.935911401993934,-275.031196949212
1895,1903,3750.5,3879.81,23.900697893273854,3090.599244579241,91.18486707101322,36.47394682840529,2962.9404306798224
1903,1904,193.34,192.36,478.95125308744787,-469.372228025694,92.36574915791432,36.94629966316573,-598.6842768467741
1904,1905,3893.01,3879.8,23.632656936643908,-312.1873981330669,91.84607608185757,36.73843043274303,-440.7719046476675
1905,1907,192.0,185.25,476.8838864624091,-3218.9662336212614,89.95222308397193,35.98088923358877,-3344.899345938822
1907,1908,3797.37,3799.0,23.23164364982388,37.86757914921546,88.23808043610632,35.29523217444253,-85.66573346133339
1908,1915,118016.28125,118154.046875,0.7467913740684569,102.88218039314975,88.18498192733352,35.27399277093342,-20.57679430511719
1915,1916,3817.46,3811.44,23.081572154393832,-138.95106436945045,88.04350290432755,35.21740116173102,-262.211968435509
1916,1918,118123.1796875,117980.765625,0.743723205898065,-105.9166431274674,87.79799156649696,35.11919662659878,-228.83383132056312
1918,1924,3797.25,3788.39,23.075192870728003,-204.44620883465305,87.52005302395459,35.008021209581834,-326.9742830681895
1924,1943,118286.984375,114285.9609375,0.7379977689721752,-2952.746370480383,85.81915738195636,34.327662952782546,-3072.893190815122
1943,1951,3496.75,3651.94,24.08659094786605,3737.9980491993338,86.09378592155028,34.437514368620114,3617.4667489091635
1951,1955,167.92,162.76,523.1045926063265,-2699.219697848643,86.49011334153002,34.59604533661201,-2820.305856526785
1955,1958,113721.859375,114218.4765625,0.7476257478932374,371.2837962213236,85.2070320651546,34.08281282606185,251.99395133010717
1958,1959,3639.81,3619.63,23.42792833856679,-472.775593872274,85.03682004906264,34.01472801962506,-591.8271419409617
1959,1960,114217.1640625,115458.9921875,0.7414104122470296,920.7043020962059,85.14214684431285,34.056858737725136,801.5052965141679
1960,1965,169.05,172.83,505.6654204586467,1911.415289333685,86.43844697320107,34.57537878928043,1790.4014635712035
1965,1971,3827.01,3917.97,22.804196588920327,2074.2697217281834,88.30902324862808,35.323609299451235,1950.637089180104
1971,1972,177.65,175.23,502.2300083654672,-1215.3966202444385,88.61346267600302,35.445385070401215,-1339.4554679908429
1972,1982,3954.56,4185.12,22.223115209046753,5123.761442597818,90.44452320238685,36.17780928095473,4997.139110114476
1982,1990,117808.515625,120274.6640625,0.7883664907242199,1944.2287892768932,93.84840043534913,37.53936017413965,1812.8410286674045
1990,1991,4329.74,4259.38,21.869178973409205,-1538.7154325690644,93.91850125204424,37.5674005008177,-1670.2013343219264
1991,1993,119069.25,118830.3046875,0.7812161910578482,-186.66794690237725,92.9254919836635,37.17019679346541,-316.76363567950614
1993,1997,4286.09,4516.97,21.628636799711288,4993.619664317344,95.19909373303322,38.07963749321329,4860.340933091098
1997,2008,190.65,194.86,511.71898754373785,2154.3369375591406,98.6363934439932,39.45455737759728,2016.24598673755
2008,2009,4618.87,4537.64,21.558099833299035,-1751.1644494588713,98.69847835230047,39.479391340920195,-1889.3423191520922
2009,2011,118009.6796875,119082.140625,0.8277798917093269,887.7615987062331,98.12992067172422,39.25196826868969,750.3797097658193
2011,2013,4634.47,4634.17,21.239946462868232,-6.371983938864333,98.43270869179952,39.373083476719806,-144.17777610738366
2013,2020,119063.6796875,117761.578125,0.8255398961252363,-1074.9367886507578,97.75434936718177,39.10173974687271,-1211.7928777648121
2020,2026,188.78,195.48,514.2540128477256,3445.5018860797554,98.80362348843352,39.52144939537341,3307.1768131959484
2026,2027,4561.99,4459.55,22.004812801913953,-2254.1730234280567,99.2586494424894,39.70345977699576,-2393.135132647542
2027,2028,191.17,191.0,512.6027872800795,-87.1424738376071,97.95070360741398,39.180281442965594,-224.27345888798666
2028,2029,4472.34,4320.22,21.861074575512795,-3325.506664427004,96.10740493483539,38.44296197393416,-3460.0570313357734
2029,2037,115398.6875,115579.1796875,0.8172755134792421,147.51184521805413,94.38627750400212,37.75451100160085,15.371056712451164
2037,2038,4308.94,4192.14,21.891203378532172,-2556.8925546125415,93.04943560858614,37.21977424343446,-2687.161764464562
2038,2041,113772.09375,113528.4609375,0.8054927776950995,-196.24447087829438,91.54447758343562,36.617791033374246,-324.40673949510426
2041,2050,180.49,181.65,505.9472547246341,586.8988154805738,91.61186941298949,36.6447477651958,458.6421983023885
2050,2051,4242.66,4224.1,21.631886924380048,-401.48782131648267,91.57599746793201,36.6303989871728,-529.6942177715875
2051,2053,112126.984375,112889.4609375,0.813786424347529,620.4930754456702,91.55766422512534,36.62306569005014,492.3123455304948
2053,2060,4278.93,4713.89,21.43979584974642,9325.453602805705,96.40211245675832,38.56084498270333,9190.490645366242
2060,2066,205.18,206.67,491.8776072592857,732.8976348163262,101.2898962748684,40.51595850994736,591.0917800315104
2066,2067,4758.7,4747.73,21.332323063584195,-234.01558400752404,101.39711797067434,40.55884718826974,-375.9715491664681
2067,2069,204.48,205.01,494.61276021859777,262.14476291585737,101.2694895909568,40.50779583638272,120.36747748851786
2069,2070,4813.01,4780.15,21.03853939399502,-691.3264044866886,100.91303728644863,40.365214914579454,-832.6046566877168
2070,2072,205.99,199.81,487.53181342576363,-3012.9466069712225,98.92020494408746,39.568081977634975,-3151.4348938929447
2072,2080,111479.4296875,109686.6875,0.8726044624346556,-1564.3548328073662,96.49527039857924,38.5981081594317,-1699.448211365377
2080,2083,4519.03,4603.56,21.15037704667116,1787.841371755127,96.47310907109593,38.589243628438375,1652.7790190555927
2083,2097,201.91,207.61,481.5552041417257,2744.8646636078447,98.60324360005976,39.4412974400239,2606.8201225677612
2097,2098,110098.5625,108394.265625,0.9067857529310263,-1545.43212501487,99.06309183067873,39.62523673227149,-1684.1204535778204
2098,2099,204.46,202.95,480.05901153909844,-724.8891074240479,97.79042094557205,39.11616837822882,-861.7956967478488
2099,2101,4340.79,4352.46,22.413356241038947,261.5638673329261,97.42245457120592,38.96898182848237,125.17243093323783
2101,2102,108406.9140625,108511.9453125,0.898621258169002,94.38331402206299,97.46394916607366,38.98557966642946,-42.06621481044013
2102,2105,4402.39,4354.63,22.118603921961597,-1056.3845233128907,96.84652845834808,38.73861138333923,-1191.969663154578
2105,2107,108849.4765625,109206.90625,0.8836384692831314,315.838621938848,96.34150416292701,38.53660166517081,180.96051611075018
2107,2113,4488.12,4404.15,21.47099872202965,-1802.9197626888351,95.46295890297128,38.185183561188516,-1936.5679051529949
2113,2121,107681.828125,109716.6640625,0.8769279568584758,1784.404521214076,95.32140778904883,38.12856311561954,1650.9545503094078
2121,2122,201.97,200.29,475.7092895923546,-799.1916065151589,95.67940941571027,38.27176376628411,-933.1427796971533
2122,2123,110808.984375,110780.9453125,0.8586534360815125,-24.075837360129285,95.1344772636163,38.053790905446526,-157.2641055291921
2123,2129,205.53,210.38,462.16786398401956,2241.514140322492,96.1101181547968,38.44404726191871,2106.9599749057766
2129,2134,4475.32,4305.32,21.695621144241553,-3688.255594521064,95.25071942198656,38.10028776879463,-3821.606601711845
2134,2141,109523.4296875,111609.984375,0.8516526019776824,1777.019728778105,94.16442373526819,37.66576949410727,1645.1895355487295
2141,2144,205.43,203.03,462.05497044897015,-1108.931929077531,94.36548661479318,37.74619464591727,-1241.0436103382415
2144,2150,110831.0546875,110761.1953125,0.8452484491460909,-59.04852837706519,93.65025282764643,37.46010113105857,-190.1588823357702
2150,2173,203.0,224.17,460.5406464413999,9749.64548516443,98.3645739701864,39.34582958807455,9611.93508160617
2173,2174,114414.1328125,114093.453125,0.9010684268363697,-288.9543415340036,102.95048549043983,41.18019419617593,-433.08502122061935
2174,2176,4440.4,4412.52,23.12002985934553,-644.5864324785348,102.33988737119861,40.93595494847945,-787.8622747982129
2176,2178,226.82,228.73,449.1441205821778,857.865270311958,102.30380206560554,40.921520826242215,714.6399474201103
2178,2179,4458.83,4505.55,23.008055808325302,1074.936367364964,103.12647766351759,41.250591065407036,930.5592986360396
2179,2185,235.08,243.62,440.3561249047865,3760.641306686873,105.39923849596065,42.15969539838426,3613.082372792528
2185,2190,4756.8,4666.54,22.52133216173073,-2032.7754409178206,106.11308510646182,42.44523404258473,-2181.333760066867
2190,2196,242.38,239.75,432.9963896871856,-1138.7805048772962,104.38027467994141,41.75210987197656,-1284.9128894292141
2196,2206,115377.84375,115877.859375,0.8984883707605823,449.2582242610843,103.89027996493706,41.55611198597483,303.8118323101724
2206,2208,237.79,236.96,437.23138132637104,-362.902046500881,103.78779914234732,41.515119656938936,-508.20496530016726
2208,2212,116850.6015625,115865.7578125,0.8854160724160978,-871.9964850685412,103.02540245239283,41.21016098095713,-1016.2320485018912
2212,2214,4489.53,4590.54,22.818842843516755,2304.9313156236326,103.5983451690656,41.43933806762624,2159.893632386941
2214,2221,244.84,245.0,427.23518328584225,68.3576293257333,104.6384410903685,41.855376436147395,-78.1361882007826
2221,2230,117017.921875,116037.046875,0.893249333689525,-876.1659401827128,104.08809777448528,41.635239109794114,-1021.8892770669922
2230,2236,240.11,237.91,431.07328428482,-948.3612254266113,103.03082567691483,41.21233027076593,-1092.6043813742922
2236,2238,4482.8,4444.98,22.845803113303997,-864.0282737451713,101.98115205944657,40.79246082377863,-1006.8018866283965
2238,2247,115270.71875,113038.796875,0.8797296458084555,-1963.4878405658937,100.42532465774065,40.170129863096264,-2104.0832950867307
2247,2250,4192.09,4164.25,23.688531761236952,-659.4887242328402,98.9747127488474,39.58988509953896,-798.0533220812266
2250,2263,112017.4375,109634.6875,0.879389532861216,-2095.3654094250624,97.45927933072294,38.98371173228917,-2231.8084004880743
2263,2265,3965.33,3906.0,24.27962232853422,-1440.5099927519336,95.55645981163063,38.222583924652255,-1574.2890364882167
2265,2266,109149.6328125,109073.8046875,0.8676486082703185,-65.79216712399774,94.67063091941992,37.868252367767965,-198.33105041118563
2266,2268,3945.98,4032.24,23.949775388418544,2065.907625004978,95.53828849969429,38.215315399877724,1932.154021105406
2268,2274,205.16,203.47,470.0533103264557,-794.390094451709,96.03894209934981,38.41557683973992,-928.8446133907988
2274,2276,109687.5703125,109581.1328125,0.870727120652746,-92.67801790447666,95.46160326064651,38.184641304258605,-226.32426246938178
2276,2277,4014.32,3992.39,23.735471094305332,-520.5188810981228,95.02151688274273,38.00860675309709,-653.5490047339626
2277,2279,109418.65625,110366.7578125,0.8648313525861467,819.9479566859142,95.0386584611891,38.01546338447564,686.8938348402494
2279,2284,206.18,210.07,462.2907063165416,1798.3108475713407,96.21425325213022,38.48570130085209,1663.6108930183584
2284,2286,4164.81,4215.07,23.284986592026268,1170.303426115224,97.56269672139454,39.02507868855782,1033.7156507052716
2286,2288,114389.28125,113764.7890625,0.8568157478850587,-535.0747406811888,97.74300019391248,39.09720007756499,-671.9149409526663
2288,2290,4182.12,4119.88,23.27505969095843,-1448.6397151652475,96.61477277716844,38.64590911086738,-1583.9003970532833
2290,2295,113143.59375,116816.34375,0.8463254261128456,3108.3417087559537,97.31047104678541,38.92418841871417,2972.107049290454
2295,2309,217.75,233.18,453.39301135282267,6995.854165174057,102.22425530466417,40.88970212186567,6852.740207747527
2309,2318,122736.21875,124742.640625,0.8601721312778596,1725.8681804612693,106.43720895740373,42.57488358296149,1576.856087920904
2318,2321,236.58,227.07,452.91245214283316,-4307.197419878352,104.99642921801231,41.99857168720492,-4454.192420783569
2321,2323,122549.6484375,123883.109375,0.8380191422026894,1117.465791004544,103.25768415633718,41.30307366253487,972.9050331856719
2323,2324,232.23,231.37,446.41594857205075,-383.91771577195703,103.47921687900137,41.391686751600545,-528.788619402559
2324,2326,123412.109375,125033.015625,0.8357588046500659,1354.686669949821,103.82010034556811,41.52804013822724,1209.3385294660256
2326,2332,4673.39,4511.99,22.328812616804925,-3603.8703563523272,102.54931441707382,41.019725766829524,-3747.4393965362306
2332,2339,121853.296875,123500.1640625,0.8256356959675449,1359.7123365176758,101.28628773958934,40.51451509583573,1217.9115336822506
2339,2344,229.34,219.11,443.98487469825744,-4541.965268163169,99.55250852921678,39.82100341168672,-4681.338780104072
2344,2349,121196.8515625,121604.1875,0.8015507480241104,326.5004254002273,97.30867724078905,38.92347089631563,190.26827726312263
2349,2350,4343.02,4103.1,22.4119534818454,-5377.07587936435,94.64702427104206,37.85880970841682,-5509.581713343809
2350,2359,119040.3046875,110781.1015625,0.7714180062613357,-6371.298007994894,88.64418550277574,35.4576742011103,-6495.39986769878
2359,2361,3781.62,3820.36,22.566777793237353,874.2369717100204,85.77609672431726,34.3104386897269,754.1504362959763
2361,2362,111882.265625,113273.0703125,0.7694928294291773,1070.2142341677377,86.62770825581191,34.651083302324764,948.935442609601
2362,2363,4034.59,4135.68,21.57365997317718,2180.881286688484,88.13131343452515,35.25252537381006,2057.497447880149
2363,2366,195.86,196.8,454.90110792564104,427.6070414501015,89.31073451904112,35.72429380761645,302.5720131234439
2366,2368,4178.29,4135.01,21.39614324500858,-926.0250796439659,88.93627881936493,35.57451152774597,-1050.5358699910769
2368,2375,196.42,198.54,449.7988511857364,953.5735645137632,88.82627713215922,35.530510852863685,829.2167765287403
2375,2378,112735.984375,112617.3046875,0.7910351568322792,-93.87980521436839,89.13118717811231,35.65247487124492,-218.66346726372564
2378,2380,204.65,197.14,434.69150535456976,-3264.5332052128274,87.32734996820629,34.930939987282514,-3386.7914951683165
2380,2386,110846.453125,108400.109375,0.7720156284551757,-1888.6156075736412,84.63088636753723,33.8523545470149,-2007.0988484881932
2386,2387,3907.17,3867.14,21.388754343742225,-856.1918363800055,83.14140339104932,33.25656135641972,-972.5898011274746
2387,2388,108226.6484375,108110.6875,0.7631908687668215,-88.5003286336401,82.55333968042018,33.02133587216807,-204.07500418622834
2388,2390,3894.5,3756.49,21.15641483967824,-2919.796812023999,80.93375918711492,32.37350367484596,-3033.1040748859596
2390,2393,105586.390625,106490.46875,0.7516373534140022,679.5388891544934,79.70244465048927,31.880977860195703,567.9554666438084
2393,2394,3827.77,3831.58,20.88167088979554,79.55916609011987,79.97001296487774,31.988005185951096,-32.39885206070896
2394,2397,181.97,186.11,439.0715897846023,1817.7563817082598,80.80673538395821,32.322694153583285,1704.6269521707181
2397,2399,3881.99,3893.63,21.020479635725806,244.67838295985527,81.72363093257115,32.68945237302846,130.26529965425567
2399,2402,186.35,185.89,438.5911774554391,-201.75194162950547,81.63058994800633,32.65223597920253,-316.03476755671437
2402,2403,106808.8203125,107815.2109375,0.7622558884429953,767.1271799800763,81.79921581084298,32.71968632433719,652.6082778448962
2403,2405,189.0,188.88,434.22118514527887,-52.10654221743544,82.04175072134899,32.81670028853959,-166.96499322732404
2405,2409,3985.75,4035.03,20.548442775630694,1012.6272599830847,82.40726942296158,32.96290776918464,897.2570827909385
2409,2416,111027.7578125,113440.3828125,0.7457377043944027,1799.1854290645458,83.69717794968373,33.478871179873494,1682.0093799349886
2416,2418,196.22,185.62,430.52908996090395,-4563.60835358558,82.19661385533578,32.878645542134315,-4678.68361298305
2418,2419,108380.0078125,108272.5546875,0.7363259038030744,-79.12051938208973,79.76344694703228,31.905378778812914,-190.78934510793493
2419,2420,185.23,185.01,429.80268488223066,-94.55659067409026,79.56507302539853,31.826029210159415,-205.94769290964823
2420,2421,108383.4765625,107596.7578125,0.7326444049299058,-576.3850904409493,79.11835514514674,31.647342058058697,-687.1507876441548
2421,2422,185.05,183.99,425.3978793396707,-450.9217521000519,78.49441669575603,31.397766678302418,-560.8139354741104
2422,2426,108403.4609375,109303.4765625,0.7210051713804876,648.9159199482416,78.4839138914543,31.39356555658172,539.0384405002055
2426,2434,187.48,189.45,419.7680675752941,826.9430931233288,79.11158885557779,31.644635542231118,716.18686872552
2434,2437,3888.92,3921.21,20.420528886585384,659.3788777478413,79.74349263649356,31.89739705459742,547.7379880567504
2437,2439,193.48,192.7,413.27867499115473,-322.35736649310115,79.79997935404205,31.919991741616826,-434.0773375887601
2439,2440,111598.2890625,111412.9921875,0.7126218959929411,-132.046610384067,79.46136103609501,31.78454441443801,-243.29251583460004
2440,2441,191.88,194.53,413.1971128365833,1094.972349016948,79.83174818559208,31.932699274236832,983.2079015571192
2441,2443,111628.8515625,111286.78125,0.7190505055371269,-245.96583113236798,80.14379923297834,32.05751969319134,-358.1671500585377
2443,2446,3931.82,4075.29,20.323632704475763,2915.8315841111335,81.36678133216748,32.54671253286699,2801.918090246099
2446,2447,199.53,198.87,414.5182361533319,-273.58203586119765,82.5720326417437,33.02881305669749,-389.1828815596389
2447,2454,4067.94,4120.16,20.23626528797513,1056.7377733380572,82.84828190223458,33.13931276089383,940.7501786749287
2454,2456,114117.03125,114200.59375,0.7296019202196039,60.967360458350655,83.29048880998971,33.31619552399589,-55.63932387563494
2456,2458,202.36,198.86,411.17021509274275,-1439.0957528245997,82.48485684975513,32.99394273990205,-1554.5745524142567
2458,2463,114636.796875,113164.171875,0.7122574935843975,-1048.8881914897233,81.12647351898633,32.450589407594535,-1162.4652544163043
2463,2469,198.74,191.85,404.9978138109261,-2790.434937157287,79.09404804820483,31.63761921928193,-2901.166604424774
2469,2476,109776.0234375,110169.2421875,0.7068039620926859,277.9285704691333,77.72909259363912,31.091637037455648,169.10784083803856
2476,2478,3860.99,3848.0,20.13968382631369,-261.6144929038104,77.62831061010698,31.051324244042796,-370.29412775796015
2478,2480,187.21,185.79,413.3811375106734,-587.0012152651628,77.09558214574058,30.838232858296237,-694.9350302691996
2480,2483,3860.84,3880.0,19.86475322399923,380.60867177182234,76.8849381732311,30.75397526929244,272.9697583292988
2483,2484,110366.375,110033.5546875,0.6973809971606415,-232.1025614065663,76.85136136980202,30.740544547920805,-339.6944673242892
2484,2487,3873.78,3891.31,19.78118421876675,346.7641593549761,76.80133788265175,30.720535153060702,239.24228631926363
2487,2490,111133.6640625,110528.0390625,0.6916628852766962,-418.88833489569913,76.65758656939198,30.663034627756794,-526.2089560928479
2490,2491,3906.58,3736.23,19.54169372426886,-3328.9275259291985,74.67672610638965,29.87069044255586,-3433.474942478144
2491,2500,107975.9609375,103218.9296875,0.6752439713901942,-3212.15667327726,71.30403834147134,28.52161533658854,-3311.98232695532
2500,2501,3507.59,3230.94,19.842812619789484,-5489.5141112647625,66.85569406141502,26.742277624566007,-5583.112082950744
2501,2504,100458.046875,102026.765625,0.6372933425473137,999.7340157041439,64.52111148659554,25.80844459463822,909.4044596229102
2504,2505,156.47,157.48,414.9678072508541,419.11748532335884,65.13957154320282,26.05582861728113,327.9220851628749
2505,2507,102076.40625,104084.8203125,0.6393025371699332,1283.9842058440229,65.89969760373585,26.359879041494338,1191.7246291987926
2507,2508,3455.11,3424.29,19.23197713135292,-592.7295351883001,66.15223173871465,26.460892695485857,-685.3426596225006
2508,2511,162.37,158.85,405.02391606186507,-1425.6841845377692,65.05089115869615,26.020356463478457,-1516.755432159944
2511,2512,3399.39,3300.0,18.89987286098898,-1878.4583636536925,63.3088096230905,25.323523849236196,-1967.0906971260192
2512,2516,101975.71875,101967.6640625,0.6107564121295209,-4.919452038324501,62.279864382059955,24.911945752823982,-92.11126217320844
2516,2517,3358.41,3259.97,18.517773970029417,-1822.8896696096967,61.27883244388164,24.51153297755266,-1908.680035031131
2517,2518,100349.6015625,100764.2109375,0.6007291653025181,249.0679437703487,60.40746635696607,24.162986542786427,164.4974908705962
2518,2519,3297.52,3443.6,18.331144256366986,2677.813552970088,61.78622158474031,24.714488633896124,2591.3128427514516
2519,2522,164.17,161.05,383.97280258799964,-1197.9951440745497,62.43781742883462,24.975126971533847,-1285.4080884749183
2522,2525,3447.89,3389.34,17.9101729082568,-1048.6406237784308,61.22798575676032,24.49119430270413,-1134.3598038378952
2525,2526,101955.2890625,102287.390625,0.5945619920126627,197.4549665505178,60.7174672445021,24.28698689780084,112.45051240821486
2526,2527,3401.51,3375.8,17.854162302429973,-459.03051279547526,60.50159635694085,24.20063854277634,-543.7327476951924
2527,2529,101634.7421875,102208.90625,0.5921967027897529,340.0180646728696,60.357768244660534,24.143107297864212,255.5171891303449
2529,2533,3428.38,3627.48,17.630221172839036,3510.1770355122503,62.19818618229402,24.87927447291761,3423.0995748570385
2533,2534,168.13,167.38,379.8477532019154,-284.88581490143656,63.721359838387315,25.488543935354926,-374.09571867517883
2534,2535,3609.09,3610.57,17.591683419085488,26.03569146024684,63.502986556717374,25.40119462268695,-62.86848971915749
2535,2537,168.32,167.19,376.8247635362814,-425.8119827959963,63.214238207028885,25.285695282811552,-514.3119162858367
2537,2538,105769.5625,105986.1796875,0.5948137683621968,128.84688558889556,62.977615491440346,25.19104619657614,40.678223900879075
2538,2540,167.31,163.98,376.2706462118728,-1252.9812518855413,62.32735119176567,24.93094047670627,-1340.2395435540134
2540,2542,104765.2265625,103497.59375,0.5881201406920971,-745.5203880334187,61.24177959156022,24.496711836624087,-831.258879461603
2542,2543,3481.11,3456.81,17.4610576454921,-424.3037007854612,60.571710529906284,24.228684211962513,-509.10409552733
2543,2549,103105.953125,101269.5234375,0.5845939306266613,-1073.5656493351164,59.738331583684484,23.895332633473796,-1157.1993135522746
2549,2554,3408.0,3386.84,17.347043593805235,-367.06344244491623,58.93519284646579,23.574077138586315,-449.5727124299683
2554,2561,101378.4765625,95693.171875,0.5787171826344285,-3290.18351116831,57.02437458043629,22.809749832174518,-3370.017635580921
2561,2563,3207.87,3179.17,17.239416205342142,-494.77124509331634,55.054420440084236,22.021768176033696,-571.8474337094342
2563,2565,142.54,140.21,383.96491260078454,-894.6382463598219,54.283039518935915,21.713215807574365,-970.6345016863321
2565,2567,3152.52,3197.89,17.053152116180854,773.7015115111235,54.147253865058026,21.658901546023213,697.8953561000422
2567,2568,95962.9296875,95548.828125,0.567487992058212,-234.99766421129317,54.340311448277106,21.736124579310847,-311.0741002388811
2568,2572,3167.87,3105.45,17.092542869402585,-1066.9165259081105,53.613495516740315,21.445398206696126,-1141.975419631547
2572,2576,94453.9375,82455.7109375,0.5611812338017145,-6733.179585776254,49.6391873907919,19.85567495631676,-6802.674448123363
2576,2577,2720.17,2688.42,16.987122597738953,-539.3411424782117,45.93819070545246,18.375276282180984,-603.6546094658452
2577,2583,124.32,126.68,366.8326007872306,865.7249378578692,46.03749139879744,18.414996559518976,801.2724498995528
2583,2586,84078.4921875,84679.1484375,0.551928795034946,331.51948029270926,46.571100621548354,18.62844024861934,266.31993942254155
2586,2588,2770.12,2793.7,16.848177886615897,397.28003456640164,46.87011454455562,18.748045817822252,331.6618742040238
2588,2589,85735.734375,86264.4609375,0.5482300320071778,289.86378028242007,47.14783629070635,18.85913451628254,223.85680947543116
2589,2590,2815.54,2836.49,16.773551297401937,351.40589968056753,47.40230756972733,18.960923027890935,285.04266908294926
2590,2592,132.88,130.58,357.5515344572159,-822.3685292515904,47.10026363404905,18.84010545361962,-888.308898339259
2592,2593,86794.40625,87455.5390625,0.5371747143163105,355.14382967982635,46.80133229643746,18.720532918574982,289.6219644648139
2593,2594,133.42,130.33,351.6202949520516,-1086.5067114018307,46.3699263968018,18.54797055872072,-1151.424608357353
2594,2596,86995.0546875,86555.53125,0.5260363447319413,-231.20530248651784,45.646957926324575,18.25878317052983,-295.11104358337224
2596,2598,2846.47,2953.38,15.973348030090504,1707.7106378969806,46.3215112861602,18.52860451446408,1642.8605220963564
2598,2605,138.43,138.15,340.31183480012385,-95.28731374403506,47.061723634509136,18.82468945380365,-161.17372683234785
2605,2606,2927.19,2944.52,16.038694552535947,277.9505765954468,47.08728159553543,18.83491263821417,212.0283823616972
2606,2607,139.88,136.86,337.1474576319201,-1018.1853220483925,46.65109371252878,18.660437485011514,-1083.4968532459327
2607,2608,2913.99,2927.4,15.812493329614119,212.04553555013024,46.183470205337315,18.473388082134925,147.388677262658
2608,2610,136.67,143.01,338.22150446272593,2144.3243382936835,47.296895184067594,18.91875807362704,2078.108685035989
2610,2619,90507.96875,91454.734375,0.5336700039623659,505.2604148451818,48.55401824886078,19.421607299544313,437.28478929677675
2619,2623,3034.02,2825.77,16.063957042307607,-3345.319054060559,47.065707418471845,18.82628296738874,-3411.2110444464197
2623,2632,86266.390625,90928.65625,0.5254600517078564,2449.8343363882614,46.55445924665677,18.62178369866271,2384.658093442942
2632,2638,137.83,141.0,346.16942667710424,1097.357082566416,48.26121062018849,19.304484248075397,1029.7913876981522
2638,2646,3086.13,3133.26,15.793762128256706,744.3600091047402,49.113783121429236,19.645513248571696,675.6007127347393
2646,2647,92139.3359375,92172.640625,0.5363261058604314,17.862173353773585,49.425662326602364,19.770264930640945,-51.33375390346973
2647,2649,3170.98,3131.38,15.567879139734025,-616.4880139334659,49.05718938754707,19.62287575501883,-685.1680790760319
2649,2657,91381.8046875,89433.6015625,0.5327181353451055,-1037.8431360235074,48.161823029583864,19.264729211833547,-1105.269688264925
2657,2662,3030.45,3027.0,15.699400437858792,-54.16293151060997,47.54916659115386,19.019666636461547,-120.7317647382254
2662,2663,89587.203125,91401.015625,0.5297140561367323,960.8019764465067,47.93600173351234,19.174400693404937,893.6915740195894
2663,2664,3137.91,3059.86,15.407920294976408,-1202.5881790229046,47.747373083297965,19.09894923331919,-1269.4345013395218
2664,2665,90426.9453125,91132.6875,0.5206426081444223,367.4394531775499,47.263840380621815,18.90553615224873,301.2700766446794
2665,2667,3111.01,3142.25,15.23015997670954,475.7901976724027,47.619075087979354,19.047630035191744,409.1234925492316
2667,2669,138.37,133.66,345.3784584489259,-1626.7325392944438,46.976651025930664,18.790660410372265,-1692.4998507307469
2669,2683,3118.65,3191.42,14.781620690362123,1075.6585376376515,46.636530634816665,18.654612253926665,1010.3673947489083
2683,2689,89807.2109375,92323.609375,0.5245498830944488,1319.9765062096787,47.768350251408975,19.10734010056359,1253.1008158577063
2689,2693,137.08,131.27,352.7909706534915,-2049.7155394967863,47.33572848743223,18.934291394972895,-2115.9855593791917
2693,2698,90218.3828125,90119.0390625,0.5126015276476207,-50.92375801224332,46.22061897257922,18.48824758903169,-115.63262457385423
2698,2703,3109.63,3084.84,14.834732464385905,-367.75301779212606,45.946652604332286,18.37866104173291,-432.0783314381913
2703,2704,89415.796875,89044.1875,0.5110814265731709,-189.92264950296442,45.60379170030039,18.241516680120156,-253.76795788338498
2704,2710,3084.51,3010.97,14.733349083154113,-1083.4904915751597,44.90341733469212,17.96136693387685,-1146.3552758437288
2710,2712,86872.3515625,86424.4375,0.5099391048501399,-228.40889608103964,44.18540474396738,17.674161897586956,-290.268462722594
2712,2714,127.81,125.57,344.3356840237631,-771.3119322132326,43.62388780897055,17.44955512358822,-832.3853751457914
2714,2716,86007.2109375,87950.71875,0.5020246580660196,975.6888450189502,43.665585084619934,17.466234033847975,914.5570259004824
2716,2718,129.75,129.15,339.8200997758172,-203.8920598654884,43.98971191597954,17.595884766391816,-265.47765654785974
2718,2720,87842.8671875,87024.109375,0.4989177539046384,-408.49280880437504,43.622119589328776,17.448847835731506,-469.56377622943535
2720,2721,128.26,127.62,338.04093779993445,-216.34620019195344,43.248957582123616,17.299583032849448,-276.8947408069265
2721,2728,86953.8359375,88447.6328125,0.4954402432931508,740.0870871805483,43.450473175738,17.380189270295197,679.2564247345151
2728,2735,2965.19,2985.02,14.75764146985109,292.64403034714604,43.905532925161324,17.56221317006453,231.1762842519202
2735,2741,126.25,126.05,348.43742957653734,-69.68748591530846,43.95538174108019,17.582152696432075,-131.2250203528207
2741,2744,88185.4453125,88129.6328125,0.49735069207307275,-27.758385501328373,43.845213064193324,17.538085225677328,-89.14168379119903
2744,2745,2981.09,2996.52,14.68255333743113,226.55179799655994,43.88328882768084,17.55331553107234,165.11519363780675
2745,2746,88591.1484375,88042.78125,0.4959300494171865,-271.9517663956386,43.799036739336856,17.519614695734745,-333.27041783071013
2746,2755,2974.69,2991.81,14.65765351374704,250.93902815534773,43.72744484488585,17.49097793795434,189.72060537250755
2755,2758,125.62,123.36,348.6034327706973,-787.8437580617776,43.39764134562411,17.359056538249643,-848.6004559456514
2758,2764,87417.984375,86941.2890625,0.4912439548970687,-234.17369059339407,42.826469528208456,17.130587811283384,-294.13074793288587
2764,2766,2925.54,2947.48,14.578379161820578,319.8496388103443,42.80955619247774,17.1238224769911,259.91626014087547
2766,2775,87608.0546875,88493.953125,0.48978790788312737,433.9023423000565,43.12631699025127,17.25052679610051,373.5254985137047
2775,2776,123.83,121.55,349.5326660152261,-796.9344785147159,42.88416279340809,17.153665117363236,-856.9723064254873
2776,2777,2923.2,2925.99,14.513634779430683,40.493041034611075,42.44650370774907,16.97860148309963,-18.93206415623763
2777,2778,87447.5078125,87316.0078125,0.48494622004754717,-63.77042793625245,42.3754531522821,16.95018126091284,-123.0960623494474
2778,2789,122.27,123.3,345.8274998844324,356.2023248809658,42.46242957331003,16.984971829324014,296.75492347833176
2789,2790,2933.6,2950.91,14.514888107175365,251.25271313520477,42.706502107777254,17.082600843110903,191.46361018431662
2790,2793,125.27,125.08,341.44013275818935,-64.8736252240552,42.73976861800635,17.095907447202542,-124.70930128926409
2793,2794,2959.9,2935.75,14.408454125063418,-347.96416712028287,42.473601281215075,16.98944051248603,-407.427208913984
2794,2795,87600.4453125,87246.40625,0.48219436561905654,-170.715641146553,42.155083334834515,16.86203333393381,-229.73275781532135
2795,2801,2932.47,2971.56,14.32610362528266,560.0073907123012,42.290872793388786,16.916349117355516,500.80016880155694
2801,2802,124.71,125.02,340.8813964552679,105.67323290113383,42.56415556838703,17.025662227354815,46.083415105391985
2802,2803,88407.7265625,88342.203125,0.4813761396876364,-31.54141940281411,42.54159942151496,17.016639768605984,-91.09965859293506
2803,2807,125.81,124.38,337.54339239946614,-482.6870511312389,42.22499067221122,16.889996268884488,-541.8020380723347
2807,2813,2971.16,2995.42,14.110620483526255,342.32365293035,42.096072982299034,16.83842919291962,283.38915075513137
2813,2818,125.76,128.98,335.62422131796296,1080.7099926438357,42.748457069268945,17.09938282770758,1020.8621527468592
2818,2819,3086.64,3123.63,14.0049536460551,518.0432353675815,43.4872717397433,17.39490869589732,457.1610549319409
2819,2822,131.63,130.09,331.8779259143449,-511.09200590808854,43.42954538515117,17.37181815406047,-571.8933694473002
2822,2823,3090.49,3098.5,13.95040853197545,111.7427723411264,43.169469450155376,17.26778778006215,51.30551511090887
2823,2825,130.71,131.78,330.23385885056416,353.3502289701014,43.34154280484229,17.336617121936918,292.6720690433222
2825,2826,90065.5546875,90615.3671875,0.4825078264720063,265.28883434214,43.58997944943232,17.435991779772927,204.26286311293472
2826,2832,133.37,134.12,327.37088559187816,245.52816419390862,43.784219093485746,17.5136876373943,184.23025746302858
2832,2834,91498.046875,92491.6640625,0.4791966374733754,476.13801518575235,44.08362540547415,17.63345016218966,414.42093961808854
2834,2835,135.45,135.77,326.7603355169129,104.56330736541919,44.31196909944856,17.724787639779425,42.52655062619121
2835,2837,93083.203125,94219.390625,0.47594176780892805,540.7590873124065,44.572563792286246,17.8290255169145,478.3574980032057
2837,2840,138.23,137.6,323.9543306852048,-204.09122833167757,44.67816151645002,17.871264606580006,-266.6406544547076
2840,2841,3219.24,3238.09,13.827410504981534,260.64668801890696,44.64407633806621,17.857630535226484,198.14498114561425
2841,2843,139.5,137.53,320.5144040913168,-631.4133760598937,44.39605268270874,17.7584210730835,-693.5678498156859
2843,2844,3223.57,3296.83,13.655256960080708,1000.3841248955094,44.518868741255126,17.807547496502053,938.0577086577523
2844,2845,141.08,139.59,318.65663599656796,-474.79838763488914,44.71867901257836,17.887471605031347,-537.4045382524988
2845,2846,3266.84,3255.31,13.596946770633416,-156.77279626540601,44.34066319004337,17.73626527601735,-218.84972473146675
2846,2847,139.39,137.93,317.0984500401074,-462.96373705855035,43.96887108256129,17.58754843302452,-524.5201565741362
2847,2848,3220.25,3164.71,13.562984147749692,-753.2881395660174,43.29955563200794,17.319822252803178,-813.9075174508285
2848,2851,91313.859375,90726.5625,0.4694014886069054,-275.6780273791836,42.725022507377034,17.090009002950815,-335.4930588895115
2851,2853,136.74,134.8,311.01070018313396,-603.3607583552791,42.225922763864105,16.89036910554564,-662.4770502246889
2853,2854,90082.265625,90710.4921875,0.4647484076016269,291.96729453491895,42.01157314963298,16.804629259853193,233.1510921254328
2854,2861,136.41,135.8,308.617971577528,-188.25696266228752,42.00444902155945,16.801779608623782,-247.06319129247075
2861,2867,90144.8046875,90507.8671875,0.4642717600857939,168.55966589614854,41.93596696780382,16.77438678712153,109.8493121412232
2867,2872,3092.13,3118.22,13.570406032821063,354.0518933962974,42.13848555296515,16.85539422118606,295.0580136221462
2872,2879,138.44,141.0,305.23195047498484,781.3937932159619,42.64700812036489,17.058803248145953,721.687981847451
2879,2885,91784.5625,94222.4765625,0.4682431686417507,1141.536605501283,43.548262680147445,17.41930507205898,1080.5690377490766
2885,2892,3215.91,3354.92,13.699794940134492,1904.4084946280987,45.00951179324196,18.003804717296788,1841.39517811756
2892,2898,96934.609375,95562.78125,0.4734884160054241,-649.5447259379409,45.57264228610431,18.229056914441728,-713.3464251384869
2898,2901,3318.7,3301.94,13.6151406325179,-228.1897570009968,45.07047233863665,18.02818893545466,-291.2884182750881
2901,2909,143.14,144.26,313.6333838069259,351.2693898637584,45.069117253055246,18.0276469012221,288.17262570948105
2909,2917,3316.36,3212.28,13.623808514184427,-1417.965990156314,44.47247060902251,17.788988243609005,-1480.2274490089458
2917,2923,92654.5546875,92367.1171875,0.47166878883502744,-135.5752974907682,43.634473940756564,17.453789576302626,-196.66356100782738
2923,2924,134.25,130.62,324.06506962152025,-1176.356202726117,42.91755749532604,17.167022998130413,-1236.4407832195736
2924,2931,91083.25,88694.875,0.4640826904681771,-1108.4034958469324,41.715957968662124,16.686383187464852,-1166.8058370030594
2931,2938,126.94,127.42,323.80786255186314,155.4277740248956,41.18188395934595,16.47275358373838,97.77313648181126
2938,2945,88937.2578125,89867.703125,0.46326900366501117,431.04647288665495,41.417398051938434,16.566959220775374,373.06211561394116
2945,2954,2959.79,2939.58,14.046495180502902,-283.87966759796416,41.4327361365017,16.57309445460068,-341.88549818906654
2954,2956,126.47,125.58,326.0301227528556,-290.1668092500417,41.08794621992863,16.435178487971452,-347.6899339579418
2956,2963,88332.8515625,87912.3046875,0.46285817994194334,-194.65356114277196,40.78825612272921,16.315302449091682,-251.75711971459287
2963,2965,124.31,124.51,326.876372699663,65.37527453993353,40.66668952756508,16.266675811026033,8.441909201342412
2965,2966,2941.17,2929.11,13.818459284670269,-166.65061897312268,40.559112584807096,16.223645033922836,-223.4333765918526
2966,2968,124.52,125.01,324.59974953147804,159.0538772704272,40.49868775029486,16.199475100117944,102.35571442001438
2968,2975,2937.46,3016.6,13.794722286328591,1091.714321740043,41.06730208806881,16.426920835227524,1034.2200988167467
2975,2985,89342.6640625,83013.2421875,0.46511867554441627,-2943.932319461856,40.08297541862879,16.033190167451515,-3000.0484850479365
2985,2991,117.08,116.06,329.32175997827005,-335.90819517783416,38.38903756066694,15.355615024266777,-389.6528477627679
2991,2999,82866.5234375,77097.5859375,0.46059144022709186,-2657.123231705079,36.83904976083765,14.73561990433506,-2708.6979013702517
2999,3000,101.94,100.78,347.8596060184164,-403.5171429813618,35.259049666026684,14.103619866410675,-452.87981251379915
3000,3004,76899.453125,78797.265625,0.4552469984696845,863.9734442832481,35.44023194125808,14.17609277650323,814.3571195654869
3004,3007,104.69,104.17,342.1724394636938,-177.92966852111942,35.733067853193546,14.293227141277418,-227.95596351559038
3007,3009,2343.99,2276.68,15.185319127424899,-1022.1238304669691,35.0831742662592,14.033269706503681,-1071.240274439732
3009,3013,78007.921875,76617.9140625,0.44256717037053495,-615.1718243710621,34.21615933851898,13.68646373540759,-663.0744474449888
3013,3016,2283.37,2151.84,14.82945586159647,-1950.5183294757799,32.885875465955635,13.154350186382256,-1996.5585551281179
3016,3017,74013.046875,73768.2265625,0.43054534348170825,-105.40624553661165,31.813269566156343,12.725307826462538,-149.94482292923053
3017,3018,2188.26,2148.25,14.493767995553497,-579.8956575020986,31.42618492519885,12.57047397007954,-623.892316397377
3018,3020,73019.046875,70567.3359375,0.4258159779859576,-1043.9776905904314,30.570688011385393,12.228275204554157,-1086.7766538063709
3020,3023,90.55,81.68,331.3822243443826,-2939.3603299346705,28.53698024941651,11.414792099766604,-2979.3121022838536
3023,3030,65125.8515625,70524.3515625,0.41503384175775787,2240.5601947292557,28.14971246909448,11.259884987637793,2201.1505972725236
3030,3031,2063.37,2080.8,14.165681986940598,246.90783703237875,29.35249715990981,11.740998863963924,205.81434100850504
3031,3033,88.09,84.9,334.14364414964126,-1065.918224837355,28.90175450072322,11.560701800289289,-1106.3806811383674
3033,3035,2018.77,2091.29,14.03285508340872,1017.6626506488001,28.83793818205742,11.535175272822968,977.2895371939197
3035,3036,88.3,87.59,331.88802683791397,-235.64049905491683,29.187892520260345,11.675157008104138,-276.5035485832813
3036,3040,2087.08,2108.63,13.909099142484509,299.7410865205437,29.17927318155684,11.671709272622737,258.89010406636413
3040,3046,71098.765625,69517.5546875,0.41193558549994175,-651.3570533379743,28.96243311938852,11.584973247755407,-691.9044597051183
3046,3050,2061.61,2007.47,13.871047957993099,-750.9785364457477,28.221201912455278,11.288480764982111,-790.4882191231851
3050,3052,84.64,84.3,328.52972490831854,-111.70010646882942,27.75090586300567,11.100362345202267,-150.55137467703736
3052,3062,69238.421875,67181.328125,0.39943587830086935,-821.6770487784789,27.245471329417512,10.898188531767005,-859.8207086396634
3062,3068,1968.07,1935.75,13.61592351829239,-440.0666481112092,26.577057274590096,10.630822909836041,-477.2745282956354
3068,3070,66155.3515625,68632.4375,0.39785367785330406,985.5177505930747,26.812908804115487,10.725163521646195,947.9796782673129
3070,3071,2034.92,2057.74,13.399773202630369,305.78282448402115,27.420357897738604,10.96814315909544,267.3943234271871
3071,3083,84.65,85.35,325.2767130989834,227.69369916928468,27.648520613413588,11.059408245365436,188.98577031050567
3083,3089,68246.6171875,67890.890625,0.40622566332439847,-144.5052588136706,27.651274707231646,11.060509882892658,-183.2170434037949
3089,3091,1974.04,1985.69,13.951307195118398,162.5327288231306,27.621704819863087,11.048681927945236,123.86234207532229
3091,3093,86.37,85.11,320.2988787141077,-403.57658717977733,27.46242586094759,10.984970344379036,-442.023983385104
3093,3094,1968.47,1968.59,13.829268097304254,1.6595121716750012,27.223329127586346,10.889331651034539,-36.45314860694589
3094,3095,83.8,84.86,324.4161303370888,343.8810981573149,27.3580122713267,10.94320490853068,305.57988097745755
3095,3101,1998.15,1941.04,13.758445485543236,-785.744821679376,27.098565436098532,10.839426174439414,-823.6828132899138
3101,3108,66169.171875,66959.8671875,0.4030325671700173,318.6759616461741,26.827669189118446,10.731067675647378,281.11722478140825
3108,3123,82.5,85.28,326.65759743843034,908.1081208788368,27.40330584910992,10.96132233964397,869.7434926900829
3123,3124,1980.79,1953.99,14.04408689805174,-376.38152886778596,27.63019612235801,11.052078448943206,-415.0638034390872
3124,3131,67670.21875,64289.92578125,0.4049582509259471,-1368.8775282422773,26.719174660655092,10.687669864262038,-1406.2843727671946
3131,3132,1857.19,1856.3,13.998736134952617,-12.45887516010923,25.992083324892597,10.39683332995704,-48.84779181495887
3132,3133,64701.20703125,63546.05859375,0.4010666930473176,-463.2915638069011,25.717853358289844,10.287141343315938,-499.2965585085069
3133,3134,76.88,76.85,331.0425578146666,-9.931276734440376,25.445586206424352,10.178234482569739,-45.55509742343446
3134,3135,1825.7,1826.75,13.915226276841732,14.610987590683186,25.412334107425295,10.164933642970118,-20.966280159712227
3135,3136,76.78,77.3,330.6079317478518,171.91612450888164,25.470035061854503,10.1880140247418,136.25807542228534
3136,3137,1847.59,1852.47,13.812718060332275,67.406064134423,25.553942793156516,10.221577117262608,31.63054422400388
3137,3138,64461.0390625,64051.15625,0.39639212384780165,-162.47431857558527,25.470611020132687,10.188244408053075,-198.13317400377102
3138,3145,78.99,87.95,320.975485525018,2875.9403503041635,26.79182377677325,10.7167295107093,2838.4317970166812
3145,3150,2054.55,2027.68,13.720912066505372,-368.68090722700094,28.005959432625115,11.202383773050048,-407.8892504326761
3150,3151,67476.703125,67614.078125,0.41173760234088674,56.56245312157932,27.81097718511611,11.124390874046444,17.627085062416764
3151,3153,87.63,83.59,317.24649906755025,-1281.6758562329005,27.15947278517298,10.863789114069192,-1319.6991181321428
3153,3162,66133.5390625,66997.25,0.4004251868830606,345.851613561381,26.654460545120443,10.661784218048178,308.53536879821235
3162,3169,84.35,84.78,317.6034888376572,136.56950020019477,26.858139033556483,10.743255613422592,98.9681055532157
3169,3172,66820.390625,69127.8203125,0.40240341171750166,928.5175785482487,27.353011949070286,10.941204779628116,890.2233618195503
3172,3174,88.77,86.65,312.9250174739975,-663.4010370448717,27.44665328264432,10.978661313057728,-701.8263516405738
3174,3180,68804.5859375,68317.765625,0.39353508222422734,-191.58087170811154,26.981227948463925,10.792491179385571,-229.35459083596103
3180,3185,86.98,93.19,308.6666386455561,1916.8198259889014,27.80623414238492,11.122493656953967,1877.8910981895624
3185,3190,2177.51,2086.95,13.191398305098147,-1194.6130305096935,28.127095208079425,11.25083808323177,-1233.990963801005
3190,3192,71642.875,70878.65625,0.3837265596749896,-293.25103177662095,27.34464843308701,10.937859373234804,-331.53353958294275
3192,3193,88.78,88.4,305.9244460524024,-116.25128949991152,27.10184667578233,10.840738670312932,-154.1938748460068
3193,3195,2083.81,2051.03,12.959860210814098,-424.8242177104828,26.793474197041284,10.717389678816513,-462.3350815863406
3195,3197,70203.9140625,68124.5703125,0.3780967911397436,-786.1931995514813,26.15077803270583,10.460311213082331,-822.8042887972695
3197,3198,85.21,84.69,301.86182260056785,-156.96814775229407,25.64316182991824,10.257264731967295,-192.8685743141796
3198,3201,68139.6875,68015.34375,0.37465555214122065,-46.58607631155991,25.50561920488695,10.20224768195478,-82.29394319840165
3201,3202,84.66,83.75,300.5749570671952,-273.5232109311466,25.309914259843172,10.12396570393727,-308.95709089492703
3202,3205,1981.03,1947.67,12.689325700819458,-423.31590537933585,24.926276940404705,9.97051077616188,-458.2126930959024
3205,3209,67009.3125,67311.3671875,0.3683076546191468,111.24905351984431,24.735667251276396,9.894266900510559,76.61911936805735
3209,3215,1964.91,2033.91,12.59935989333765,869.3558326402979,25.191286164338234,10.076514465735293,834.0880320102244
3215,3217,85.97,85.56,297.6632875052128,-122.04194787713622,25.529091852884576,10.21163674115383,-157.78267647117463
3217,3218,69474.1640625,70392.390625,0.3660704790645148,336.13563762413764,25.60050833977814,10.240203335911257,300.2949259484483
3218,3219,86.71,86.8,296.7653717853529,26.708883460682774,25.74587982923829,10.298351931695315,-9.335348300250832
3219,3220,70609.28125,71382.9375,0.3643033339810464,281.84555123027394,25.86411934499553,10.345647737998211,245.63578414728022
3220,3221,88.34,86.01,293.96265031419637,-684.9329752320771,25.626194041140067,10.250477616456028,-720.8096468896731
3221,3226,70050.2265625,70242.484375,0.3604321689544085,69.295900357805,25.283003045848496,10.113201218339398,33.8996960936171
3226,3228,2049.75,2051.97,12.334299830991673,27.382145624799048,25.295922151387582,10.118368860555034,-8.032145387143569
3228,3229,86.58,85.02,291.91735449014567,-455.3910730046279,25.0465090152545,10.018603606101799,-490.45618562598423
3229,3231,2023.39,2062.83,12.248796052815,483.0925163230215,25.025637703466856,10.010255081386743,448.05662353816797
3231,3233,86.8,86.79,290.6893392695992,-2.9068933926933482,25.230381201904862,10.092152480761946,-38.22942707536016
3233,3234,70487.4765625,70446.8671875,0.35741997290918387,-14.514601712358889,25.186374662549305,10.074549865019723,-49.77552623992791
3234,3235,2073.51,2118.86,12.126245475382794,549.9252323086085,25.418853871815283,10.167541548726113,514.3388368880671
3235,3241,89.7,88.4,286.04091758319913,-371.8531928581581,25.471943710783883,10.188777484313555,-407.5139140532555
3241,3242,71090.21875,70599.90625,0.355191500284382,-174.15483248318606,25.163564037115812,10.065425614846326,-209.3838221351482
3242,3243,2077.46,2073.67,12.053856198132067,-45.684114990920094,25.018562039875984,10.007424815950394,-80.71010184674648
3243,3248,70739.1875,71449.0234375,0.3528560524260433,250.4699067763896,25.085985406463905,10.034394162585562,215.34952720734015
3248,3250,2105.64,2093.79,11.956435735007627,-141.6837634598393,25.105107459331542,10.042042983732616,-176.83091390290346
3250,3251,87.9,88.19,284.4054848943316,82.4775906193539,25.04048091752143,10.016192367008571,47.420917334823905
3251,3252,2113.49,2178.29,11.85083907097949,767.9343717994731,25.430597054024176,10.172238821609671,732.3315359238393
3252,3253,92.31,93.17,279.25955075901385,240.16321365275175,25.898530737390942,10.359412294956378,203.90527062040445
3253,3263,2235.67,2320.22,11.6216667787908,982.611926146759,26.47351773041261,10.589407092165043,945.5490013241813
3263,3265,74485.4921875,74488.171875,0.3615079736544488,0.9687283981521558,26.92758371155648,10.771033484622592,-36.72988879802692
3265,3266,95.06,93.95,282.87813119604965,-313.99472562761497,26.733397788682673,10.693359115473068,-351.4214825317707
3266,3267,2317.73,2269.33,11.450522490508563,-554.2052885406155,26.262116847656102,10.504846739062442,-590.9722521273341
3267,3272,72929.2109375,70202.65625,0.3558061344341105,-970.1248836825793,25.463598189160436,10.185439275664177,-1005.7739211474038
3272,3277,89.41,89.57,278.979870921761,44.63677934748081,24.965908648788393,9.986363459515356,9.684507239177062
3277,3280,70732.3515625,69857.6171875,0.3527843686900728,-308.5926142558804,24.798971684812905,9.919588673925164,-343.31117461461844
3280,3286,88.94,89.83,276.705610153403,246.2679930365288,24.733330963561926,9.89333238542477,211.64132968754208
3286,3287,70641.703125,70380.328125,0.35137445946780643,-91.84049934339791,24.775770001760428,9.910308000704172,-126.52657734586252
3287,3288,2152.17,2084.86,11.474582482209003,-772.3541468774874,24.30907510729701,9.723630042918803,-806.3868520277032
3288,3289,68903.21875,69336.1171875,0.34670991918866356,150.09018228252373,23.964474495792572,9.585789798317029,116.53991798841413
3289,3290,2113.83,2093.4,11.356583926693133,-232.01500962233885,23.88988029695058,9.55595211878023,-265.46084203806964
3290,3292,68907.0234375,68843.4296875,0.34453110101122675,-21.910024704932702,23.729657639975812,9.491863055990326,-55.131545400898844
3292,3293,87.58,86.87,270.4443899521992,-192.01551686605973,23.589511913580573,9.43580476543223,-225.04083354507253
3293,3297,68194.046875,70037.7265625,0.34402762897856165,634.2767514865604,23.777774632602423,9.511109853040969,600.987867000917
3297,3298,2134.78,2128.46,11.271046068743017,-71.23301115445771,24.02558722105399,9.610234888421596,-104.8688332639333
3298,3304,89.96,89.74,266.3006697443396,-58.586147343754405,23.92711517652891,9.570846070611564,-92.08410859089489
3304,3307,2135.15,2158.53,11.176914294263286,261.3162561998768,23.995046683496195,9.598018673398478,227.72319084298215
3307,3312,91.69,91.7,262.75441652865044,2.6275441652878486,24.093266223594604,9.637306489437842,-31.1030285477446
3312,3321,71311.6640625,66676.8984375,0.3374044273986735,-1563.79044183018,23.278975958939284,9.311590383575712,-1596.3810081726951
3321,3326,1991.8,2007.07,11.279047523199058,172.2310556792494,22.551722384547507,9.020688953819004,140.65864434088292
3326,3327,83.62,82.94,270.34402187123,-183.83393487243822,22.514250141436037,9.005700056574415,-215.35388507044868
3327,3332,1997.64,2006.14,11.208708208722173,95.27401977413848,22.438600875958834,8.975440350383533,63.85997854779612
3332,3336,66627.8515625,65957.6015625,0.3370179083868622,-225.88625309629438,22.341836047355933,8.936734418942372,-257.1648235625927
3336,3345,1984.65,2041.21,11.184739999393022,632.6088943656687,22.514098686978198,9.00563947479128,601.0891562038992
3345,3346,66629.9375,66753.0078125,0.3421654556995132,42.11040955964399,22.819518132697404,9.127807253078963,10.163084173867624
3346,3356,2054.85,2056.09,11.099894835588467,13.763869596132324,22.815500837707024,9.12620033508281,-18.17783157665751
3356,3362,66908.1484375,67032.546875,0.3406229931501159,42.372968124447624,22.811640270975726,9.12465610839029,10.436671745081608
3362,3363,2065.84,2062.64,11.037100239175713,-35.31872076536529,22.783223797716072,9.113289519086429,-67.2152340821678
3363,3369,80.18,80.2,283.533486427638,5.6706697285516325,22.736550276632297,9.094620110652919,-26.160500658733582
3369,3370,67125.0234375,67368.828125,0.33828774394087263,82.47613769658447,22.748810809498366,9.099524323799347,50.627802563286764
3370,3372,81.1,80.84,280.61855892160094,-72.96082531961369,22.721684715882027,9.088673886352812,-104.77118392184852
3372,3373,2065.51,2056.64,10.967493371199735,-97.28166620254544,22.604826400045496,9.041930560018198,-128.92842316260914
3373,3374,80.55,79.59,279.6353692954642,-268.4499545236439,22.390404019487818,8.956161607795128,-299.7965201509269
3374,3376,66793.6015625,67281.09375,0.33274208408374123,162.20916644329193,22.30614677058693,8.922458708234773,130.98056096447021
3376,3377,2053.85,2062.38,10.884889902413839,92.84811086759223,22.402355181506458,8.960942072602585,61.484813613483176
3377,3379,67331.4921875,69082.078125,0.33294038498354944,582.8407559780378,22.708793308412123,9.083517323364848,551.0484453462608
3379,3385,2129.35,2108.37,10.786407078067244,-226.29882049785098,22.854886501433562,9.141954600573424,-258.29566159985797
3385,3389,68761.765625,69001.296875,0.33026960148784584,79.10989048138558,22.7494758758101,9.099790350324039,47.26062425525144
3389,3391,81.63,84.56,278.7841295544431,816.8374995945202,23.16556724532645,9.26622689813058,784.4057054510632
3391,3396,2234.68,2190.0,10.534396647876374,-470.67684222711466,23.305667079962817,9.322266831985127,-503.3047761390626
3396,3401,71093.7578125,72109.1328125,0.32405169596736577,329.033990792864,23.202569787230217,9.281027914892087,296.5503930907417
3401,3402,84.16,83.33,277.26230685429437,-230.12771468906385,23.219331887512883,9.287732755005154,-262.6347793315819
3402,3404,71783.515625,71484.5546875,0.32141006859846655,-96.08905543013687,23.023900153555278,9.209560061422112,-128.32251564511427
3404,3407,82.95,85.45,276.5968888312494,691.4922220781234,23.289458039591196,9.315783215836479,658.8869808226957
3407,3418,2253.17,2186.47,10.47508089097451,-698.6878954280027,23.252794063403037,9.301117625361215,-731.241807116767
3418,3421,70886.1015625,70994.0078125,0.3226500993998348,34.81596228836342,22.888815696351593,9.155526278540638,2.7716203134711925
3421,3424,81.9,82.66,279.2939853082272,212.26342883425013,22.980309111160935,9.192123644464374,180.09099607862484
3424,3426,71909.3828125,74442.2265625,0.32059992056141723,812.0295050444821,23.460157169830282,9.384062867932114,779.1852850067197
3426,3432,2369.46,2322.44,10.058318205054729,-472.94212200167317,23.596311593148144,9.438524637259256,-505.97695823208056
3432,3436,74170.09375,73856.046875,0.3145089678686348,-98.77055851862018,23.277774352773072,9.31110974110923,-131.35944261250248
3436,3439,2332.03,2357.85,9.946652520211407,256.82256807185564,23.324303360744537,9.329721344297816,224.1685433668133
3439,3448,85.29,89.95,274.5914387602393,1279.5961046227144,24.059701864172172,9.62388074566887,1245.9125220128733
3448,3453,2441.96,2352.96,10.100470443896857,-898.9418695068202,24.215473870424958,9.686189548169985,-932.8435329254152
3453,3464,76084.9765625,74861.0,0.31192430987288466,-381.78804455839816,23.541859783673218,9.416743913469286,-414.74664825554066
3464,3465,84.74,85.06,275.17461974589287,88.05587831868775,23.362325216426306,9.344930086570523,55.34862301569091
3465,3472,75218.03125,75888.15625,0.31074473493811894,208.23781550040695,23.477726091098603,9.391090436439441,175.36899897286892
3472,3473,86.05,84.57,273.6647705972421,-405.0238604839194,23.346341579650726,9.33853663186029,-437.7087386954304
3473,3474,2298.42,2327.15,10.055364534326662,288.8906230712052,23.25589626452269,9.302358505809078,256.33236830087344
3474,3476,86.04,88.06,271.5900048134025,548.611809723072,23.641909919006693,9.456763967602678,515.5131358364627
3476,3478,2389.98,2403.84,9.992868786856489,138.5011613858322,23.95200712390419,9.580802849561675,104.96835141236633
3478,3488,79368.0078125,77676.9609375,0.30223325656409195,-511.09060403378095,23.732106166159276,9.49284246646371,-544.315552666404
3488,3489,85.5,86.2,274.1955166066501,191.93686162465582,23.539685100680906,9.415874040272364,158.98130248370254
3489,3490,78267.28125,78069.359375,0.3015639023910377,-59.68609299355116,23.57274371679012,9.429097486716048,-92.68793419705733
3490,3497,86.52,85.68,271.72866002379175,-228.25207441998214,23.39583762804847,9.358335051219388,-261.00624709925
3497,3499,77368.6328125,77400.0234375,0.3004982658937765,9.432828377821828,23.253856408917496,9.301542563566999,-23.12257059466267
3499,3500,2309.99,2331.25,10.054603525820982,213.76087095895627,23.332914034090685,9.333165613636275,181.0947913112293
3500,3501,78133.0234375,78121.3515625,0.2995788551682833,-3.4966469501673068,23.405253388767814,9.362101355507125,-36.26400169444224
3501,3506,2335.96,2316.0,10.004778796551618,-199.69538477917064,23.270915385203132,9.308366154081254,-232.27466631845502
3506,3513,77606.4609375,76244.546875,0.29815366672164473,-406.05967149414624,22.935621054058643,9.174248421623457,-438.16954096982835
3513,3520,2275.32,2272.5,9.976964933706764,-28.135041113054708,22.686720332405148,9.07468813296206,-59.896449578421915
3520,3527,75842.609375,76383.796875,0.2985252417888507,161.55812929060363,22.721712366214533,9.088684946485813,129.74773197790327
3527,3528,2261.98,2257.51,10.066662956200615,-44.99798341421474,22.74809128195956,9.099236512783824,-76.84531120895812
3528,3538,76295.7265625,78486.4765625,0.29744521402463303,651.6281026244648,23.019612767859925,9.20784510714397,619.4006447494609
3538,3539,2309.18,2311.08,10.095690281459149,19.1818115347733,23.32235698990722,9.328942795962888,-13.46948825109681
3539,3540,84.23,84.26,276.61529167677884,8.298458750303679,23.303455247310232,9.321382098924094,-24.32637859593065
3540,3550,2316.97,2350.11,10.045445843447514,332.9060752518539,23.441449693518514,9.376579877407405,300.088045680928
3550,3556,80024.0,81592.8515625,0.29459755556935197,462.1798353636584,23.80596470456365,9.52238588182546,428.8514847772693
3556,3570,87.34,88.64,274.82741339145844,357.2756374088952,24.182064104314428,9.672825641725773,323.42074766285504
3570,3571,80214.359375,80159.5234375,0.3032701499663979,-16.63010298917302,24.3183057456202,9.72732229824808,-50.6757310330413
3571,3578,89.6,93.51,270.9372825254434,1059.3647746744866,24.80566290161697,9.922265160646788,1024.636846612223
3578,3579,80939.0078125,80653.46875,0.3125798215296744,-89.25374919600054,25.255273742222172,10.102109496888868,-124.61113243511159
3579,3580,93.12,93.41,270.3541307040488,78.40269790417202,25.214578000113114,10.085831200045245,43.10228870401366
3580,3581,2327.75,2327.36,10.833830432550018,-4.225193868693127,25.216336192433957,10.086534476973583,-39.528064538100665
3581,3583,80725.84375,81438.828125,0.3119069086858591,222.3847523475693,25.29014075129396,10.116056300517585,186.97855529575776
3583,3595,94.53,93.85,268.3359371308858,-182.46843724900415,25.27456191835813,10.109824767343252,-217.85282393470553
3595,3599,80283.3671875,80996.6875,0.313241666167522,223.44164319863748,25.259816524950786,10.103926609980315,188.07790006370638
3599,3606,2301.07,2253.81,11.010548154110406,-520.3585057632602,25.075862788097204,10.030345115238882,-555.4647136665963
3606,3616,79200.0078125,79016.6875,0.31289095247681725,-57.359267186472785,24.752286247031257,9.900914498812503,-92.01246793231654
3616,3617,2228.0,2194.81,11.081246757794057,-367.78657989118534,24.505124486419568,9.802049794567827,-402.09375417217274
3617,3624,78328.6171875,78384.828125,0.31006809724209766,17.429218434819475,24.295919900150203,9.718367960060082,-16.58506942539081
3624,3625,86.89,86.46,279.325950315744,-120.11015863577184,24.210576743617114,9.684230697446846,-154.0049660768358
3625,3627,2186.51,2131.0,11.029784718535367,-612.2633497259006,23.810602910061817,9.524241164024726,-645.5981937999871
3627,3633,77413.9921875,76944.2734375,0.3031956798829006,-142.4166957599962,23.40037964585862,9.360151858343448,-175.17722726419828
3633,3634,85.38,85.08,272.85703097630255,-81.85710929288999,23.255604750110265,9.302241900044107,-114.41495594304436
3634,3636,2131.3,2110.85,10.87702265436997,-222.43511328186887,23.070980826617784,9.228392330647115,-254.73448643913378
3636,3638,84.39,84.36,271.68671745737066,-8.150601523721429,22.92356678546565,9.16942671418626,-40.24359502337334
3638,3643,76756.671875,77390.9921875,0.298181592334902,189.14264083162263,22.981997962430903,9.19279918497236,156.96784368421936
3643,3656,85.92,84.55,268.20629288953876,-367.4426212586693,22.860563374439835,9.144225349775935,-399.44740998288506
3656,3658,75797.703125,75540.328125,0.29875729420634684,-76.89265859635852,22.606670363382783,9.042668145353112,-108.5419971050944
3658,3659,84.69,82.25,266.1075761226292,-649.3024857392147,22.21199937895586,8.884799751582346,-680.3992848697529
3659,3662,74521.140625,75908.859375,0.29329566214342534,407.0118896500965,22.06023322811774,8.824093291247095,376.1275631307317
3662,3665,2077.34,2121.02,10.702432794488534,467.4822644632574,22.46633287353444,8.986533149413777,436.0293984403092
3665,3667,86.07,85.3,263.37069981026104,-202.79543885389995,22.566918413242217,9.026767365296887,-234.38912463243904
3667,3669,2095.83,2099.86,10.704155855032917,43.1377480957848,22.455659839701532,8.982263935880614,11.699824320202655
3669,3674,76998.2109375,77369.046875,0.2915104433276395,108.1025485424458,22.499833880096947,8.99993355203878,76.60278111031008
3674,3677,2121.42,2095.61,10.616630277124926,-274.01522745259376,22.385324188772067,8.954129675508826,-305.3546813168747
3677,3678,76629.8984375,77098.0,0.2899284897011812,135.71597904238806,22.285048709460472,8.91401948378419,104.5169108491434
3678,3679,2121.0,2087.36,10.524108684643231,-354.03101615139695,22.144619012052594,8.857847604821039,-385.0334827682706
3679,3681,76404.5078125,75820.796875,0.28711487057933244,-167.5920902760533,21.853074327125505,8.741229730850202,-198.18639433402902
3681,3688,83.73,80.7,259.63003238220625,-786.6789981180852,21.34548311230309,8.538193244921237,-816.5626744753096
3688,3692,73108.796875,73314.0625,0.28618760019668465,58.744476621622596,20.952203369233942,8.380881347693576,29.41139190469508
3692,3697,82.18,82.58,254.95524396757102,101.98209758702623,21.0032129980485,8.401285199219402,72.57759938975833
3697,3698,2031.62,2016.96,10.348760486637914,-151.71282873411033,20.948892365496263,8.379556946198505,-181.04127804580511
3698,3699,73425.2109375,73372.3828125,0.2838784373368212,-14.996765572434258,20.83633575927776,8.334534303711102,-44.16763563542312
3699,3700,2014.54,2016.83,10.324787495977494,23.643763365788086,20.811519283829398,8.324607713531758,-5.49236363157307
3700,3701,82.67,82.37,251.53270691278698,-75.45981207383538,20.756478974443183,8.302591589777274,-104.51888263805584
3701,3702,2016.32,2017.4,10.261150566319564,11.082042611626717,20.695304131187278,8.278121652474912,-17.891383172035475
3702,3703,82.33,82.68,251.08568252055144,87.87998888219515,20.715824236358095,8.286329694543241,58.877834951293806
3703,3704,73819.0234375,73904.0,0.280831687088976,23.86411140989681,20.74265294691873,8.297061178767493,-5.175602715789413
3704,3706,82.99,83.24,249.73549715490572,62.43387428872643,20.756765846029985,8.302706338411994,33.37440210428445
3706,3708,74032.0625,73818.703125,0.280404182515521,-59.82686112889749,20.728986534686012,8.291594613874405,-88.84744227745792
3708,3709,82.76,81.88,249.75972296614069,-219.78855621020622,20.560220394572703,8.224088157829081,-248.572864762608
3709,3715,73541.359375,70988.71875,0.2776902121576405,-708.843316718462,20.0672940288458,8.026917611538321,-736.9375283588462
3715,3723,1968.45,1859.84,10.000403187416111,-1086.143790185265,19.142221759176614,7.656888703670645,-1112.9429006481123
3723,3729,66658.0,64056.0,0.27863316134134,-725.0034858101666,18.210627525785956,7.284251010314383,-750.498364346267
3729,3731,1813.05,1777.44,9.830482273358628,-350.06347375429976,17.648124148835713,7.059249659534284,-374.77084756266976
3731,3734,63564.08984375,63541.28125,0.2745047909460452,-6.261068259117023,17.445516660104673,6.978206664041869,-30.684791583263568
3734,3735,1776.93,1770.76,9.802290392407153,-60.48013172115285,17.38774380111947,6.955097520447787,-84.82297304272012
3735,3748,63771.0,61669.53125,0.27180411516965824,-571.1878541504377,17.047626301409057,6.819050520563623,-595.0545309724105
3748,3749,1595.0,1615.18,10.4944087425146,211.7771684239453,16.844470528522763,6.7377882114091046,188.19490968401345
3749,3750,64.92,65.05,260.7308257811002,33.895007351541835,16.943592713384795,6.7774370853539185,10.173977552803121
3750,3751,1630.12,1630.07,10.389917349924731,-0.519495867495764,16.936552322525557,6.774620929010222,-24.230669119031543
3751,3752,64.99,63.94,260.23385676171614,-273.2455495998012,16.775975576144027,6.710390230457612,-296.7319154064029
3752,3758,1613.1,1684.78,10.300709195078658,738.3548351032389,16.985251420133004,6.794100568053201,714.5754831150527
3758,3760,67.46,66.01,256.895191709981,-372.49802797946955,17.143900618765585,6.857560247506234,-396.4994888457414
3760,3761,62839.98828125,63158.51171875,0.26947693598561057,85.83471997710413,16.976844859391477,6.790737943756591,62.06713717395606
3761,3762,66.9,66.11,254.05009297417755,-200.69957344960184,16.895601433247677,6.758240573299071,-224.35341545614858
3762,3765,1671.96,1639.52,10.03119377380492,-325.4119260222322,16.60904877903976,6.643619511615904,-348.66459431288786
3765,3767,61698.0,61632.46875,0.2661890829885549,-17.44370334459374,16.414612190555566,6.5658448762222275,-40.42416041137153
3767,3768,1640.1,1620.06,9.988987353780134,-200.17930656975352,16.28284850564992,6.513139402259968,-222.97529447766343
3768,3774,60984.5,63053.80859375,0.2649873137925506,548.3405256656529,16.434289100814627,6.573715640325851,525.3325209245123
3774,3782,65.89,66.79,253.22634517187035,227.90371065468474,16.799035738701882,6.719614295480752,204.38506062050212
3782,3785,63573.87109375,63806.37109375,0.26566458332583176,61.76701562325589,16.920209482342862,6.768083792937146,38.07872234797588
3785,3792,67.38,68.11,251.2225892018269,183.39249011733463,17.019074305477766,6.8076297221911055,159.56578608966575
3792,3795,64515.421875,65706.03125,0.26484880253433274,315.3314672549003,17.244497962218496,6.897799184887399,291.18917010779444
3795,3801,71.29,73.99,243.76234687701853,658.1583365679472,17.706896877146626,7.08275875085865,633.368680939942
3801,3802,1796.14,1779.16,10.02747187961935,-170.26647251593675,17.925610105601532,7.170244042240613,-195.3623266637789
3802,3805,73.75,73.29,241.5663413310347,-111.12051701227445,17.759957414657674,7.10398296586307,-135.9844573927952
3805,3807,65811.3515625,65616.640625,0.2686410158514273,-52.30734404738377,17.653474666281724,7.061389866512691,-77.02220858017819
3807,3811,1793.0,1773.42,9.81743447158771,-192.22536695368663,17.506547324079918,7.002618929631968,-216.73453320739853
3811,3812,73.8,71.66,235.5837003034821,-504.1491186494518,17.13400252307225,6.8536010092289015,-528.1367221817529
3812,3816,64227.94140625,63927.0390625,0.2624762592137868,-78.97972157616098,16.818819936526705,6.727527974610682,-102.52606948729837
3816,3820,1743.31,1697.7,9.61151800074198,-438.3813360138407,16.536664777866577,6.614665911146632,-461.53266670285393
3820,3823,62702.0703125,63148.5390625,0.25987412448797725,116.02567551749159,16.352658463803273,6.541063385521309,93.131953668167
3823,3824,1707.87,1701.21,9.595409740172181,-63.90542886954533,16.35575971851309,6.542303887405236,-86.80349247546366
3824,3826,62977.48828125,63418.16015625,0.25883804046955594,114.0626446150451,16.358000982720696,6.543200393088278,91.16144323923612
3826,3840,70.0,74.18,234.17239050400005,978.8405923067218,16.881487631433366,6.752595052573346,955.206509622715
3840,3841,1767.68,1744.75,9.813204690933748,-225.01678356311146,17.234097276288214,6.8936389105152855,-249.14451974991496
3841,3843,64780.0390625,63934.0390625,0.2639337004874666,-223.28791061239676,16.985991472182064,6.794396588872826,-247.06829867345164
3843,3844,1728.19,1729.91,9.750513517405553,16.770883249937818,16.85912539727007,6.743650158908029,-6.831892306240281
3844,3852,63987.828125,62823.03125,0.263236201882234,-306.6167053392953,16.690604489648543,6.6762417958594185,-329.9835516248033
3852,3853,1679.57,1618.08,9.83237383235036,-604.5926669512237,16.21186378412508,6.484745513650032,-627.2892762489988
3853,3854,67.32,66.13,235.9968751736235,-280.8362814566114,15.746891495960027,6.298756598384012,-302.8819295509554
3854,3855,59842.01171875,60988.3203125,0.260429740387499,298.53284947427153,15.733906000916871,6.293562400366749,276.5053810729879
3855,3859,68.12,66.32,232.83839604930765,-419.1091128887564,15.65139698243446,6.260558792973784,-441.0210686641646
3859,3860,59471.08984375,59229.9609375,0.25928966510497103,-62.522233348690456,15.388977852339238,6.1555911409356945,-84.06680234196538
3860,3871,66.19,72.83,231.70012044522346,1538.488799756284,16.10547537214748,6.442190148858993,1515.9411342352773
3871,3872,1605.68,1578.51,10.494688661503043,-285.14069093303846,16.708541344535686,6.683416537814274,-308.53264881538837
3872,3876,60073.9296875,60256.0390625,0.27537394255744707,50.148176570422585,16.56786895125095,6.627147580500381,26.953160038671253
3876,3889,71.92,73.14,230.39111747761675,281.0771633226922,16.710267750651543,6.684107100260618,257.68278847178
3889,3890,1565.19,1580.52,10.750919508613197,164.81159606703955,16.909637503719814,6.763855001487925,141.13810356183183
3890,3891,58697.0,58541.55859375,0.2890824246841393,-44.935378615062326,16.945803392377393,6.778321356950958,-68.65950336439067
3891,3901,73.67,80.87,229.39676403357223,1651.6567010417207,17.725487956874126,7.090195182749651,1626.841017902097
3901,3917,1697.06,1770.09,10.916150655921015,797.2064824019114,18.923965873338275,7.56958634933531,770.7129301792379
3917,3920,62958.1484375,62711.078125,0.3064819553866918,-75.722592493001,19.257675144404097,7.703070057761639,-102.68333769516673
3920,3921,1781.44,1785.65,10.773826191739367,45.35780826722313,19.215603835145792,7.686241534058317,18.455962898019017
3921,3922,63589.671875,63226.23828125,0.3021145952999662,-109.79859309419358,19.156468687226173,7.6625874748904685,-136.61764925631022
3922,3925,1779.7,1788.57,10.718011968295563,95.06876615878048,19.122380283055005,7.648952113222002,68.29743376250346
3925,3927,63514.37890625,64006.41015625,0.30139782343196436,148.2971478105087,19.217244132882072,7.68689765315283,121.39300602447382
3927,3928,1799.56,1771.55,10.705063265097047,-299.8488220553682,19.11447923831036,7.645791695324144,-326.6090929890027
3928,3930,81.05,81.32,233.65851971360428,63.08780032267222,18.969566922948964,7.5878267691795855,36.53040663054367
3930,3931,63345.26171875,63901.66015625,0.2995413920660226,166.66436251210988,19.05786005727696,7.623144022910784,139.9833584319221
3931,3932,82.11,81.38,232.79032169828028,-169.93693483974553,19.02944484722592,7.611777938890369,-196.57815762586182
3932,3939,63799.21875,62237.7109375,0.29652357875423596,-463.02388481519847,18.686460723066755,7.474584289226701,-489.18492982749194
3939,3941,1743.55,1753.3,10.569888976837372,103.05641752416439,18.480658134326884,7.3922632537307535,77.18349613610675
3941,3948,62953.98046875,64385.12109375,0.29396488185895525,420.7050847516764,18.716611973422907,7.486644789369164,394.5018279888843
3948,3962,1801.22,1821.4,10.493157582597929,211.7519200168269,19.006361260935456,7.602544504374182,185.14301425151726
3962,3963,64195.0390625,63740.328125,0.2973048865527389,-135.18778368772706,19.017904913881342,7.607161965552537,-161.81285056716095
3963,3964,1806.8,1776.71,10.473654607549594,-315.1522671411664,18.76622301135002,7.506489204540009,-341.42497935705643
3964,3965,62284.390625,62500.01171875,0.2983510444494758,64.33077852565084,18.614778385130716,7.445911354052287,38.27008878646784
3965,3980,1783.64,1881.89,10.439806415157449,1025.7109802892194,19.133711804476043,7.653484721790418,998.9237837629529
3980,3993,64667.01171875,64524.7890625,0.3033862369565397,-43.14839648965099,19.59750714233119,7.839002856932477,-70.58490648891465
3993,3994,1858.45,1862.61,10.518736478764152,43.75794375165734,19.57042478083507,7.828169912334028,16.35934905848825
3994,3995,64796.359375,64670.12109375,0.30194433612010113,-38.11693402497386,19.54583524747138,7.818334098988553,-65.48110337143379
3995,3996,1867.08,1870.26,10.443825875603347,33.211366284419306,19.516064098963703,7.806425639585482,5.88887654587012
3996,4007,76.14,78.2,256.1773466382626,527.7253340748215,19.769205840074726,7.90768233602989,500.04844589871686
4007,4010,1926.74,1931.81,10.382844509314305,52.64102166222286,20.031362340707354,8.012544936282943,24.597114385232565
4010,4015,66648.3984375,65972.5078125,0.30052667742809275,-203.123163836047,19.92806015640754,7.971224062563016,-231.02244805501755
4015,4019,1927.26,1920.56,10.27300981334245,-68.82916574939487,19.764346309987673,7.905738523995069,-96.49925058337762
4019,4022,77.6,76.39,253.89599413019135,-307.21415289752997,19.548722068054083,7.819488827221633,-334.58236379280567
4022,4029,64906.5,64163.76171875,0.2983981700528302,-221.63174395318433,19.25716495255743,7.702865981022973,-248.5917748867647
4029,4035,1863.84,1874.77,10.258156785005642,112.12165366011233,19.175623768994974,7.670249507597989,85.27578038351936
4035,4037,74.57,75.04,257.5402852522204,121.04393406854695,19.265301038292346,7.7061204153169385,94.07251261493766
4037,4038,1882.21,1881.57,10.253258552009322,-6.562085473286992,19.295504736440826,7.71820189457633,-33.57579210430415
4038,4039,74.88,74.95,257.28142993705944,18.009700095596063,19.274238323734806,7.709695329493924,-8.974233557632667
4039,4048,1885.87,1892.53,10.210812790753643,68.0040131864201,19.29026752429178,7.716107009716713,40.9976386524116
4048,4052,63704.03125,63854.078125,0.30292014648725574,45.45222135495495,19.319960588756196,7.727984235502477,18.40427653069628
4052,4058,1920.02,1892.11,10.060117019941266,-280.7778660265616,19.17523694761435,7.6700947790457406,-307.6231977532217
4058,4061,63879.890625,64083.4609375,0.2975618411757873,60.57475699623039,19.038505246981032,7.615402098792413,33.920849650456944
4061,4062,1910.0,1903.26,9.969693712119483,-67.19573561968541,19.008517122338368,7.603406848935348,-93.80765959095913
4062,4064,63927.25,64664.1484375,0.29640525675647506,218.42057057063278,19.057583235270684,7.623033294108275,191.73995404125384
4064,4066,74.65,74.52,256.3962328190978,-33.33151026648519,19.12331302481241,7.649325209924965,-60.10414850122257
4066,4067,64737.859375,64290.140625,0.2947257888833763,-131.95426179162914,19.013939544022136,7.605575817608855,-158.57377715326012
4067,4075,74.14,72.89,255.2124874799285,-319.0156093499106,18.76194601708695,7.504778406834779,-345.2823337738323
4075,4076,1866.9,1870.1,9.95040602954187,31.841299294532174,18.592333666198982,7.436933466479594,5.8120321618535975
4076,4081,62938.8203125,62986.3984375,0.2952426005265693,14.04708935317818,18.589244527813552,7.43569781112542,-11.977852985760792
4081,4087,72.99,72.45,254.42185927912388,-137.38780401072486,18.501557606777887,7.400623042711155,-163.2899846602139
4087,4088,1839.88,1863.34,10.004497982018488,234.70552265815184,18.52442850848525,7.409771403394101,208.7713227462725
4088,4101,63639.94921875,64795.6796875,0.29251596301900007,338.0696110568066,18.78473583773132,7.5138943350925285,311.77098088398276
4101,4111,1917.02,1916.33,9.873268889245391,-6.812555533579859,18.923847648294412,7.569539059317764,-33.305942241192035
4111,4112,64982.01953125,64866.76953125,0.2907569111881007,-33.50973401442861,18.87721641466387,7.5508865658655475,-59.937836994958026
4112,4130,73.89,75.96,254.89342768727872,527.6293953126652,19.097890069469358,7.6391560277877435,500.8923492154081
4130,4131,64165.12109375,63978.66015625,0.30132596981154663,-56.18552282415769,19.30652458023747,7.722609832094988,-83.21465723649014
4131,4136,76.19,74.93,252.6770034640565,-318.3730243647089,19.09227438174411,7.636909752697644,-345.10220849915066
4136,4139,1862.75,1886.63,10.149832284520986,242.37799495436226,19.027789085468648,7.61111563418746,215.73909023470617
4139,4141,76.42,76.83,250.22491843105493,102.59221655673167,19.173484374779584,7.669393749911835,75.74933843204026
4141,4143,1915.58,1879.37,10.021969647567616,-362.8955209384237,19.016436857018363,7.606574742807345,-389.5185325382494
4143,4144,75.76,75.64,248.2660844402262,-29.791930132828274,18.793742592125124,7.51749703685005,-56.10316976180345
4144,4146,1879.8,1895.57,9.975834999562318,157.31891794309757,18.831234091148794,7.532493636459518,130.95519021548927
4146,4147,76.44,75.66,247.0360834364566,-192.68814508043644,18.78709414534253,7.514837658137011,-218.99007688391598
4147,4149,63405.05859375,63339.421875,0.2943708552721437,-19.32153703569465,18.654940558304723,7.461976223321891,-45.43845381732127
4149,4151,76.2,75.76,244.3463865836438,-107.51241009680272,18.56543845262526,7.426175381050103,-133.5040239304781
4151,4152,1883.0,1873.4,9.817198099409836,-94.24510175433353,18.43866147031156,7.375464588124623,-120.05922781276972
4152,4153,75.6,75.54,242.93397851914747,-14.576038711145948,18.358520756691973,7.3434083026767905,-40.277967770514714
4153,4159,1878.2,1879.49,9.756979545912083,12.586503614226231,18.331852234939188,7.332740893975675,-13.078089514688632
4159,4160,62949.21875,63023.46875,0.2909089327161231,21.599988254172143,18.323290036003353,7.329316014401342,-4.0526177962325525
4160,4161,1884.92,1884.55,9.713112630206108,-3.5938516731774084,18.306643333091507,7.322657333236604,-29.223152339505518
4161,4162,75.57,75.35,241.88484251006884,-53.214665352214865,18.252630215809795,7.301052086323917,-78.76834765434859
4162,4163,63018.75,63059.421875,0.28881125538201596,11.74649527749043,18.206397547744164,7.282559019097666,-13.7424612893514
4163,4165,75.59,75.29,240.59784960722155,-72.17935488216578,18.150701774368795,7.2602807097475175,-97.5903373662821
4165,4166,1880.94,1884.06,9.617143226202822,30.005486865751756,18.104272123326815,7.241708849330726,4.659505893094215
4166,4167,63074.05859375,63040.05859375,0.28686794586907066,-9.753510159548403,18.089048871334693,7.235619548533878,-35.07817857941697
4167,4168,1885.83,1876.01,9.576086914188327,-94.03717349732877,18.011853398635104,7.204741359454044,-119.25376825541791
4168,4169,62832.5703125,63388.1796875,0.28551596006894076,158.63534412642912,18.019019308435876,7.207607723374351,133.4087170946189
4169,4172,1900.93,1913.22,9.507460575975898,116.84669047874344,18.131440377929238,7.252576151171695,91.46267394964251
4172,4178,64157.7890625,64841.5703125,0.28312097397648855,193.59281348686082,18.261212134296535,7.3044848537186144,168.0271164988457
4178,4184,77.2,81.83,237.46535372209968,1099.4645877333205,18.882057601212757,7.5528230404851024,1073.0297070916226
4184,4192,2085.83,2326.83,9.303061332447765,2242.0377811199114,20.525623309619476,8.21024932384779,2213.3019084864445
4192,4198,73021.6796875,78321.46875,0.29602657994827886,1568.87843061917,22.400797315278915,8.960318926111565,1537.5173143777797
4198,4199,2516.31,2515.06,9.201092037580239,-11.501365046975298,23.147049222560042,9.258819689024017,-43.90723395855935
4199,4205,96.8,93.71,238.72854736249224,-737.6712113501018,22.740087779014196,9.09603511160568,-769.5073342407217
4205,4207,76914.7265625,77288.15625,0.29045093608484035,108.46300229624441,22.39418582993578,8.957674331974314,77.11114213433432
4207,4211,94.62,93.66,236.91620725935877,-227.43955896898632,22.303291751396035,8.921316700558414,-258.66416742094077
4211,4214,2430.65,2487.99,9.116297410865407,522.7284935390196,22.41989254848951,8.967957019395804,491.34064397113434
4214,4216,79090.1015625,78963.6484375,0.2863762316695263,-36.21316942033557,22.631418663118698,9.05256746524748,-67.89715554870175
4216,4222,98.98,96.6,228.14382286363625,-542.9822984154565,22.31018443783499,8.924073775133994,-574.2165566284256
4222,4223,78574.0390625,79066.3984375,0.28009073942767493,137.9053014078979,22.07681335153859,8.830725340615436,106.99776271574387
4223,4228,2465.56,2506.78,8.969476961626857,369.7218403582613,22.29964453768784,8.919857815075137,338.50233800549836
4228,4239,102.08,103.4,219.95541898146283,290.3411530555326,22.598219746155493,9.039287898462197,258.7036454109149
4239,4243,2435.68,2435.88,9.324530254041157,1.8649060508107755,22.71250430218837,9.085001720875347,-29.932599972252945
4243,4250,103.51,106.29,219.12530371320622,609.1683443227136,22.986244359515332,9.194497743806135,576.9876022193921
4250,4252,2481.11,2416.89,9.374128587921525,-602.0065379163227,22.957240911819817,9.182896364727927,-634.1466751928705
4252,4258,77646.53125,78562.7265625,0.29137864542716757,266.9597491029705,22.758020972294723,9.103208388917889,235.09851974175785
4258,4263,2467.64,2419.19,9.263699390364424,-448.82623546315466,22.63506204590729,9.054024818362917,-480.5153223274249
4263,4270,77279.3671875,77302.1875,0.2895895344542771,6.60852367297612,22.38260022858575,8.9530400914343,-24.727116647043932
4270,4276,100.44,103.95,222.56656856806114,781.2086556738958,22.745190474813008,9.098076189925205,749.3653890091575
4276,4277,81260.6328125,80840.0,0.28431266835509056,-119.5912373195815,23.043631728485312,9.217452691394126,-151.85232173946093
4277,4280,2505.14,2451.98,9.161835764737807,-487.0431892534605,22.70815965304854,9.083263861219415,-518.8346127677285
4280,4282,79405.4375,79675.1171875,0.28251477822391385,76.18849710555689,22.47130381363813,8.988521525455253,44.728671766463506
4282,4283,101.93,101.89,220.52297604908563,-8.820919041964803,22.47349648916232,8.989398595664927,-40.28381412679205
4283,4285,79606.4765625,79621.921875,0.28185710864724767,4.353371123403193,22.439827999062842,8.975931199625137,-27.062388075284787
4285,4295,102.34,104.95,218.98190205048087,571.542764351755,22.696379238022093,9.078551695208837,539.767833418524
4295,4308,2497.43,2510.53,9.189445996917861,120.38174255962733,23.01018898736239,9.204075594944955,88.16747797731998
4308,4310,104.58,103.08,220.2916802447615,-330.43752036714227,22.872885159813585,9.149154063925435,-362.45955959088127
4310,4311,2490.26,2465.49,9.105835496942907,-225.55154525927978,22.563122131987406,9.025248852794963,-257.13991624406214
4311,4315,78222.15625,77805.0625,0.286605981414683,-119.54156356068044,22.35916707862359,8.943666831449436,-150.84439747075348
4315,4316,2462.21,2441.54,9.043988522566863,-186.93924276145773,22.17472935876863,8.869891743507452,-217.98386386373383
4316,4317,77219.53125,77129.6171875,0.2855542793553665,-25.67534532110088,22.037529925592402,8.815011970236961,-56.527887216930246
4317,4324,2462.55,2516.44,8.931343222626053,481.3100862673168,22.234534296011446,8.89381371840458,450.18173825290074
4324,4325,102.45,101.65,219.07023996435979,-175.2561919714872,22.356117988362918,8.942447195345167,-206.55475715519526
4325,4328,2513.29,2535.09,8.847898895225956,192.88419591592745,22.33377791234041,8.933511164936164,161.61690683865086
4328,4329,102.06,101.28,219.46736888617673,-171.1845477312181,22.313247394657587,8.925298957863035,-202.4230940837387
4329,4330,77123.0625,77262.84375,0.28780701196204944,40.23002389082022,22.216673183432796,8.88666927337312,9.126681434014305
4330,4332,2525.92,2517.94,8.791125003449572,-70.15317752752775,22.17060187994958,8.868240751979833,-101.19202015945717
4332,4333,77098.8203125,76691.09375,0.2867042212036906,-116.89692656562038,22.04610877013578,8.818443508054314,-147.76147884381047
